record_id,title,year,journal,study_type,evidence_strength,species,compound,claim_category,risk_flags,relevance_to_product,maps_to_market,citation_status,doi,pmid,url,obsidian_path
52008802-8218-4c78-8280-667c1ea66b02,&lt;i&gt;Bifidobacterium animalis&lt;/i&gt; ssp. &lt;i&gt;lactis&lt;/i&gt; 420 and &lt;i&gt;Cordyceps militaris&lt;/i&gt; Synergistically Modulate the Gut Microbiota by Increasing Mucin 2 Production.,2026,,animal,C_animal,Cordyceps_militaris,unclear,metabolic,disease_language|preclinical_only,partial,research_only,needs_legal_review,10.3390/nu18081195,42075007,https://europepmc.org/article/MED/42075007,10_Evidence/2026-lt-i-gt-bifidobacterium-animalis-lt-i-gt-ssp-lt-i--42075007.md
ab9589be-69e5-4e62-8077-b84d68b62cad,"&lt;i&gt;Cordyceps militaris&lt;/i&gt; Enhances Wound Repair Through Regulation of HIF-1α, TGF-β1, and SIRT1/Nrf2/HO-1 Signaling in Diabetic Skin.",2026,,animal,C_animal,Cordyceps_militaris,cordyceps_extract,antioxidant,disease_language|preclinical_only,partial,research_only,needs_legal_review,10.3390/life16010117,41598272,https://europepmc.org/article/MED/41598272,10_Evidence/2026-lt-i-gt-cordyceps-militaris-lt-i-gt-enhances-wound-41598272.md
fbe7e888-5601-4380-8d87-6bebceebb754,"&lt;i&gt;Ophiocordyceps sinensis&lt;/i&gt;: Antioxidant, Proteolytic Activities and Synthesis of Silver Nanoparticles.",2026,,animal,C_animal,Cordyceps_sinensis,cordyceps_extract,antioxidant,disease_language|preclinical_only,extrapolated,research_only,needs_legal_review,10.3390/life16071052,42514121,https://europepmc.org/article/MED/42514121,10_Evidence/2026-lt-i-gt-ophiocordyceps-sinensis-lt-i-gt-antioxidan-42514121.md
6122902d-b342-43bb-a5db-a3eb949ecd52,A C-Nucleoside Analogue of Cordycepin With High Metabolic Stability and Potent Anti-Psoriatic Activity via Microneedle Delivery.,2026,,animal,C_animal,Cordyceps_militaris,cordycepin,immune,disease_language|preclinical_only,direct,research_only,needs_legal_review,10.1002/advs.77012,42554624,https://europepmc.org/article/MED/42554624,10_Evidence/2026-a-c-nucleoside-analogue-of-cordycepin-with-high-me-42554624.md
b965fd08-b171-4936-ba40-cbded7d0a6b7,A Comprehensive Review of the Potential Effects of Ophiocordyceps sinensis and Cordyceps militaris on Spermatogenesis,2026,Journal of Natural Remedies,review_narrative,F_review_only,Cordyceps_sinensis,cordycepin,antioxidant,,extrapolated,research_only,candidate,10.18311/jnr/2026/48963,,https://doi.org/10.18311/jnr/2026/48963,10_Evidence/2026-a-comprehensive-review-of-the-potential-effects-of-10-18311-jnr.md
60fc4447-a462-4f1e-b4fb-1fb54ae4becb,A Potent Fibrinolytic Enzyme Alp1 from &lt;i&gt;Cordyceps militaris&lt;/i&gt;: From Sequence-Function Characterization to in Vivo Antithrombotic Application.,2026,,animal,C_animal,Cordyceps_militaris,unclear,other,preclinical_only,partial,research_only,candidate,10.1021/acs.jafc.6c02229,41841572,https://europepmc.org/article/MED/41841572,10_Evidence/2026-a-potent-fibrinolytic-enzyme-alp1-from-lt-i-gt-cor-41841572.md
21d24ef6-61e0-43bc-9b81-0a816b35f6fd,Acute Cordyceps militaris supplementation and elevated resting oxygen uptake with faster reaction times: A randomized crossover trial.,2026,,rct,A_human_RCT,Cordyceps_militaris,cordycepin,exercise_performance,,direct,research_only,candidate,10.1371/journal.pone.0351725,42455764,https://europepmc.org/article/MED/42455764,10_Evidence/2026-acute-cordyceps-militaris-supplementation-and-elev-42455764.md
7abff759-52d0-4b88-930c-e1e1c41bd557,"An Immunomodulatory Mushroom, Cordyceps militaris, and Its Constituents: A Review of In Vitro/In Vivo Studies and Clinical Trials.",2026,,animal,C_animal,mixed,cordycepin,immune,disease_language|preclinical_only|species_mismatch,direct,research_only,needs_legal_review,10.1002/ptr.70144,41432716,https://europepmc.org/article/MED/41432716,10_Evidence/2026-an-immunomodulatory-mushroom-cordyceps-militaris-a-41432716.md
d782b5e1-69e6-4601-a6b3-13c87352860b,Anti-Inflammatory Mechanisms and Translational Relevance of &lt;i&gt;Cordyceps sinensis&lt;/i&gt; and Its Bioactive Constituents.,2026,,animal,C_animal,Cordyceps_sinensis,cordycepin,anti_inflammatory,disease_language|preclinical_only,extrapolated,research_only,needs_legal_review,10.2147/jir.s582921,41767899,https://europepmc.org/article/MED/41767899,10_Evidence/2026-anti-inflammatory-mechanisms-and-translational-rel-41767899.md
9ab08e19-98ff-44a0-b11d-ea0cb9718325,Antimicrobial aromatic Butenolides and anthraquinone derivative produced in cocultures of Cordyceps militaris ZYb8 and Malbranchea ostraviensis SS1.,2026,,animal,C_animal,Cordyceps_militaris,unclear,antioxidant,disease_language|preclinical_only,partial,research_only,needs_legal_review,10.1016/j.fitote.2026.107417,42543088,https://europepmc.org/article/MED/42543088,10_Evidence/2026-antimicrobial-aromatic-butenolides-and-anthraquino-42543088.md
0d92bad9-bf26-4949-9113-3164771dde3e,Antithrombotic Effects of Cordycepin-Enriched WIB-801CE via Inhibition of Thromboxane A&lt;sub&gt;2&lt;/sub&gt;-Induced αIIbβ&lt;sub&gt;3&lt;/sub&gt; Activation and Thrombin-Mediated Fibrin Clot Retraction.,2026,,animal,C_animal,Cordyceps_militaris,cordycepin,antioxidant,disease_language|preclinical_only,direct,research_only,needs_legal_review,10.3390/ijms27052254,41828477,https://europepmc.org/article/MED/41828477,10_Evidence/2026-antithrombotic-effects-of-cordycepin-enriched-wib--41828477.md
31f4bbb3-63b8-4ca4-8f09-1cf35b804703,Antitumor effect of alcohol extract of &lt;i&gt;Isaria felina&lt;/i&gt; on H22 hepatocellular carcinoma &lt;i&gt;in vitro&lt;/i&gt; and &lt;i&gt;vivo&lt;/i&gt;.,2026,,animal,C_animal,Cordyceps_sinensis,cordyceps_extract,immune,disease_language|preclinical_only,extrapolated,research_only,needs_legal_review,10.3389/fonc.2026.1789267,42656377,https://europepmc.org/article/MED/42656377,10_Evidence/2026-antitumor-effect-of-alcohol-extract-of-lt-i-gt-isa-42656377.md
05dbaeaa-a564-4816-a63f-32114139c05a,Antitumor properties of fungal-derived compounds: potential applications in skin cancer therapy.,2026,,animal,C_animal,unclear,cordycepin,immune,disease_language|preclinical_only,partial,research_only,needs_legal_review,10.1007/s11033-026-12654-5,42663745,https://europepmc.org/article/MED/42663745,10_Evidence/2026-antitumor-properties-of-fungal-derived-compounds-p-42663745.md
90196068-2ac4-4658-8116-252d484f8e24,Application of Metabolomics in the Exploration of Bioactive Compounds and Drug Development from Medicinal Fungi.,2026,,animal,C_animal,unclear,cordyceps_extract,metabolic,disease_language|preclinical_only,extrapolated,research_only,needs_legal_review,10.3390/metabo16080576,42646312,https://europepmc.org/article/MED/42646312,10_Evidence/2026-application-of-metabolomics-in-the-exploration-of--42646312.md
da212b81-7d1e-46bf-b72a-4697fce3b28e,Bioactive Compounds from Edible and Medicinal Mushrooms in Obesity-Depression Comorbidity: Gut-Brain Axis Mechanisms and Functional Food Perspectives.,2026,,animal,C_animal,unclear,cordyceps_extract,metabolic,preclinical_only,extrapolated,research_only,candidate,10.3390/foods15183265,42794051,https://europepmc.org/article/MED/42794051,10_Evidence/2026-bioactive-compounds-from-edible-and-medicinal-mush-42794051.md
ce4058b2-4edd-4c7c-8065-8381ef561103,Biotransformation-derived metabolites from Astragalus membranaceus and Cordyceps militaris alleviate hyperuricemia via multi-target regulation.,2026,,animal,C_animal,Cordyceps_militaris,cordyceps_extract,metabolic,disease_language|preclinical_only,partial,research_only,needs_legal_review,10.1016/j.bioorg.2026.109806,41905012,https://europepmc.org/article/MED/41905012,10_Evidence/2026-biotransformation-derived-metabolites-from-astraga-41905012.md
f8b9d030-86b1-442c-b18f-9b19816ab41d,Bombyx mori-Hosted Cordyceps militaris Polysaccharides: Structural Characterization and Antibacterial Activity of Native and Sulfated Derivatives.,2026,,animal,C_animal,Cordyceps_militaris,cordyceps_extract,other,preclinical_only,partial,research_only,candidate,10.1002/cbdv.71798,42817574,https://europepmc.org/article/MED/42817574,10_Evidence/2026-bombyx-mori-hosted-cordyceps-militaris-polysacchar-42817574.md
adc6f044-5d0b-4b45-a430-3d7cf4d278e8,CRISPR/Cas9-mediated disruption of Cmpks1 reveals its role as a key regulator of carotenoid biosynthesis and metabolic adaptation in Cordyceps militaris.,2026,,unclear,F_review_only,Cordyceps_militaris,cordycepin,antioxidant,,direct,research_only,candidate,10.1016/j.ijbiomac.2026.152987,42276496,https://europepmc.org/article/MED/42276496,10_Evidence/2026-crispr-cas9-mediated-disruption-of-cmpks1-reveals--42276496.md
94c81433-860f-49b1-a0a1-8af0f7d82abe,"Comparative bioaccumulation and biotransformation of selenate, selenite, and selenomethionine in &lt;i&gt;Cordyceps militaris&lt;/i&gt;.",2026,,animal,C_animal,Cordyceps_militaris,unclear,other,preclinical_only,partial,research_only,candidate,10.1016/j.bbrep.2026.102701,42473658,https://europepmc.org/article/MED/42473658,10_Evidence/2026-comparative-bioaccumulation-and-biotransformation--42473658.md
b9dc4753-a593-4358-90cc-7631df0575d4,"Comparative computational analysis of the hypolipidaemic potential of Cordyceps militaris and Ophiocordyceps sinensis, with in vivo validation of cordycepin.",2026,,animal,C_animal,mixed,cordycepin,metabolic,preclinical_only|species_mismatch,partial,research_only,candidate,10.1016/j.fitote.2026.107272,42114627,https://europepmc.org/article/MED/42114627,10_Evidence/2026-comparative-computational-analysis-of-the-hypolipi-42114627.md
ebc458ac-5682-4923-9b00-1bbd234c4b03,Computational Evaluation of Antimalarial Potential of Cordyceps Militaris-Derived Bioactive Compounds Against Essential Plasmodium falciparum Targets Using Virtual Screening and Molecular Dynamics Simulations,2026,,animal,C_animal,Cordyceps_militaris,unclear,other,disease_language|preclinical_only,partial,research_only,needs_legal_review,10.21203/rs.3.rs-10436266/v1,,https://doi.org/10.21203/rs.3.rs-10436266/v1,10_Evidence/2026-computational-evaluation-of-antimalarial-potential-10-21203-rs.md
bb6cb031-4191-458a-99e2-d0267db66e3e,Construction and systematic engineering of Saccharomyces cerevisiae for efficient de novo biosynthesis of pentostatin.,2026,,animal,C_animal,Cordyceps_militaris,cordyceps_extract,energy_fatigue,preclinical_only,partial,research_only,candidate,10.1016/j.jbiotec.2026.07.008,42492777,https://europepmc.org/article/MED/42492777,10_Evidence/2026-construction-and-systematic-engineering-of-sacchar-42492777.md
ba1693f8-7cfd-4f6a-aafe-b7c3747dccd3,Cordycepin Alleviates Acute Lung Injury by Targeting TAK1 to Inhibit MAPK and NF-κB Signaling Pathways.,2026,,animal,C_animal,Cordyceps_militaris,cordycepin,respiratory,disease_language|preclinical_only,direct,research_only,needs_legal_review,10.3390/biom16091279,42793111,https://europepmc.org/article/MED/42793111,10_Evidence/2026-cordycepin-alleviates-acute-lung-injury-by-targeti-42793111.md
f378115c-f5c9-471b-946f-4f194e7f3877,Cordycepin Alleviates Non Alcoholic Fatty Liver Disease Progression by Stabilizing GCH1 to Inhibit Ferroptosis.,2026,,animal,C_animal,unclear,cordycepin,metabolic,disease_language|preclinical_only,partial,research_only,needs_legal_review,10.1002/ptr.70424,42560344,https://europepmc.org/article/MED/42560344,10_Evidence/2026-cordycepin-alleviates-non-alcoholic-fatty-liver-di-42560344.md
726e5940-190a-488d-8dfd-57c9ef2aaec6,Cordycepin Ameliorates Constant Light-Induced Thermogenic Dysfunction in Brown Adipose Tissue by Activating SIRT1-Mediated Mitochondrial Homeostasis.,2026,,animal,C_animal,unclear,cordycepin,metabolic,disease_language|preclinical_only,partial,research_only,needs_legal_review,10.3390/ijms27104351,42196331,https://europepmc.org/article/MED/42196331,10_Evidence/2026-cordycepin-ameliorates-constant-light-induced-ther-42196331.md
234be89a-1d81-469f-b837-430d4f12996e,Cordycepin Enhances Paclitaxel Sensitivity in TNBC by Targeting the HIF-1α/RAD51 DNA Repair Feedback Loop,2026,,animal,C_animal,unclear,cordycepin,other,disease_language|preclinical_only,partial,research_only,needs_legal_review,10.21203/rs.3.rs-9355031/v1,,https://doi.org/10.21203/rs.3.rs-9355031/v1,10_Evidence/2026-cordycepin-enhances-paclitaxel-sensitivity-in-tnbc-10-21203-rs.md
68b42257-fd6b-4685-a4b8-d0ac1843c11a,Cordycepin alleviates aluminium chloride-induced neurodevelopmental toxicity in zebrafish embryos by modulating inflammation and Wnt signaling.,2026,Neurochemistry international,animal,C_animal,Cordyceps_militaris,cordycepin,cognitive,disease_language|preclinical_only,direct,research_only,needs_legal_review,10.1016/j.neuint.2026.106207,42314834,https://pubmed.ncbi.nlm.nih.gov/42314834/,10_Evidence/2026-cordycepin-alleviates-aluminium-chloride-induced-n-42314834.md
0748c99d-2cc5-4659-851b-ae76bda331af,Cordycepin alleviates ischaemic brain injury by suppressing microglia-induced neuroinflammation via regulating the Notch1 signalling pathway.,2026,British journal of pharmacology,animal,C_animal,unclear,cordycepin,cognitive,disease_language|preclinical_only,partial,research_only,needs_legal_review,10.1111/bph.70426,41913462,https://pubmed.ncbi.nlm.nih.gov/41913462/,10_Evidence/2026-cordycepin-alleviates-ischaemic-brain-injury-by-su-41913462.md
6d8f26bc-5fe2-4542-b464-d80047a579da,Cordycepin alleviates nicotine withdrawal-induced anxiety &lt;i&gt;via&lt;/i&gt; AMPK/CREB/BDNF pathway activation in the hippocampus of male mice.,2026,,animal,C_animal,unclear,cordycepin,metabolic,disease_language|preclinical_only,partial,research_only,needs_legal_review,10.1016/j.dadr.2026.100446,42256668,https://europepmc.org/article/MED/42256668,10_Evidence/2026-cordycepin-alleviates-nicotine-withdrawal-induced--42256668.md
c292f106-fdff-4922-b287-028a2ac62dfa,Cordycepin ameliorates lipopolysaccharide-challenged C2C12 myotube shrinkage by regulating sodium channel kinetics and inhibiting the protein degradation pathway.,2026,,observational_human,B_limited_human,Cordyceps_militaris,cordycepin,energy_fatigue,disease_language,direct,research_only,needs_legal_review,10.1016/j.intimp.2026.117172,42492235,https://europepmc.org/article/MED/42492235,10_Evidence/2026-cordycepin-ameliorates-lipopolysaccharide-challeng-42492235.md
92467bbc-5337-4cce-8b39-de7c0d310265,Cordycepin attenuates diabetic nephropathy by dual-pathway activation of TFEB to restore autophagy and ameliorate podocyte injury.,2026,,animal,C_animal,Cordyceps_militaris,cordycepin,other,disease_language|preclinical_only,direct,research_only,needs_legal_review,10.1016/j.molimm.2026.06.010,42322973,https://europepmc.org/article/MED/42322973,10_Evidence/2026-cordycepin-attenuates-diabetic-nephropathy-by-dual-42322973.md
a4d90a2f-fab6-4680-9dcb-9c47bf60ce9d,Cordycepin attenuates nicotine-induced behavioral sensitization through inhibition of NF-κB signaling in rats.,2026,,animal,C_animal,Cordyceps_militaris,cordycepin,antioxidant,disease_language|preclinical_only,direct,research_only,needs_legal_review,10.1016/j.biopha.2026.119476,42284884,https://europepmc.org/article/MED/42284884,10_Evidence/2026-cordycepin-attenuates-nicotine-induced-behavioral--42284884.md
db7e96e1-f912-4ccd-8455-606eadc2860b,Cordycepin combined with photodynamic therapy induces pyroptosis in breast cancer cells via the ROS/NLRP3/caspase-1/GSDMD signaling pathway.,2026,,animal,C_animal,unclear,cordycepin,antioxidant,disease_language|preclinical_only,partial,research_only,needs_legal_review,10.1016/j.pdpdt.2026.105614,42617713,https://europepmc.org/article/MED/42617713,10_Evidence/2026-cordycepin-combined-with-photodynamic-therapy-indu-42617713.md
d043ad09-7822-45a3-ba3d-257700960f72,Cordycepin inhibits pancreatic cancer progression and enhances gemcitabine sensitivity by targeting the CDK2/E2F2 axis to modulate TNNI2 expression.,2026,,animal,C_animal,unclear,cordycepin,anti_inflammatory,disease_language|preclinical_only,partial,research_only,needs_legal_review,10.1016/j.bcp.2026.118299,42526773,https://europepmc.org/article/MED/42526773,10_Evidence/2026-cordycepin-inhibits-pancreatic-cancer-progression--42526773.md
5acf2cec-0c1c-46d4-b19c-96b038590011,Cordycepin inhibits the progression of liver cancer by suppressing the YAP/TAZ pathway.,2026,,animal,C_animal,unclear,cordycepin,other,disease_language|preclinical_only,partial,research_only,needs_legal_review,10.1538/expanim.26-0075,42618227,https://europepmc.org/article/MED/42618227,10_Evidence/2026-cordycepin-inhibits-the-progression-of-liver-cance-42618227.md
dacf30a3-42b3-4958-a491-be8a8a86a577,Cordycepin protects against simulated microgravity-induced osteogenic impairment involving ferroptosis-related signaling.,2026,,animal,C_animal,unclear,cordycepin,antioxidant,disease_language|preclinical_only,partial,research_only,needs_legal_review,10.1016/j.bcp.2026.118365,42603620,https://europepmc.org/article/MED/42603620,10_Evidence/2026-cordycepin-protects-against-simulated-microgravity-42603620.md
7f8824bd-7ceb-48d3-9dac-f567b6e3b1e4,Cordycepin suppresses growth and virulence of &lt;i&gt;Magnaporthe oryzae&lt;/i&gt; via mitochondrial function and carbonic anhydrase-associated nitrogen metabolism.,2026,,unclear,F_review_only,unclear,cordycepin,metabolic,,partial,research_only,candidate,10.1080/21505594.2026.2654300,42018452,https://europepmc.org/article/MED/42018452,10_Evidence/2026-cordycepin-suppresses-growth-and-virulence-of-lt-i-42018452.md
a63abe68-70fe-4c0d-8add-e33c688151a4,Cordycepin-Enriched Cordyceps militaris Extract ARA815 Induces Ferroptosis in Lung Cancer Cells In Vivo and In Vitro.,2026,Molecular nutrition & food research,animal,C_animal,Cordyceps_militaris,cordycepin,exercise_performance,disease_language|preclinical_only,direct,research_only,needs_legal_review,10.1002/mnfr.70477,42033088,https://pubmed.ncbi.nlm.nih.gov/42033088/,10_Evidence/2026-cordycepin-enriched-cordyceps-militaris-extract-ar-42033088.md
2d8fab80-f7ab-4b74-ba84-85053878d8bf,Cordycepin-double staple peptide-paclitaxel conjugate enhanced antitumor activity via autophagy and apoptosis pathways.,2026,,animal,C_animal,unclear,cordycepin,other,disease_language|preclinical_only,partial,research_only,needs_legal_review,10.1016/j.bioorg.2026.110294,42551352,https://europepmc.org/article/MED/42551352,10_Evidence/2026-cordycepin-double-staple-peptide-paclitaxel-conjug-42551352.md
88d794cc-dec3-43ba-b2d1-515139a4ffb9,Cordycepin-mediated protection against bisphenol A-induced male reproductive toxicity via PI3K/mTOR/HIF-1α signaling.,2026,"Food research international (Ottawa, Ont.)",animal,C_animal,Cordyceps_militaris,cordycepin,antioxidant,preclinical_only,direct,research_only,needs_legal_review,10.1016/j.foodres.2026.118968,41942214,https://pubmed.ncbi.nlm.nih.gov/41942214/,10_Evidence/2026-cordycepin-mediated-protection-against-bisphenol-a-41942214.md
5563f5eb-3ba2-4605-b22c-e1362ba7db98,Cordyceps militaris granules reduce EMT/ECM marker expression and alleviate pulmonary fibrosis.,2026,,animal,C_animal,Cordyceps_militaris,cordycepin,respiratory,disease_language|preclinical_only,direct,research_only,needs_legal_review,10.1016/j.jep.2026.122295,42580541,https://europepmc.org/article/MED/42580541,10_Evidence/2026-cordyceps-militaris-granules-reduce-emt-ecm-marker-42580541.md
50932bf8-6adf-44da-ac25-a2c659c69006,Cordyceps militaris polysaccharides alleviate hyperglycemia in type 2 diabetes mellitus mice by modulating gut microbiota.,2026,,animal,C_animal,Cordyceps_militaris,unclear,metabolic,disease_language|preclinical_only,partial,research_only,needs_legal_review,10.1016/j.ijbiomac.2026.153579,42463093,https://europepmc.org/article/MED/42463093,10_Evidence/2026-cordyceps-militaris-polysaccharides-alleviate-hype-42463093.md
4200f7ef-c01d-4190-86aa-20271415072d,"Cordyceps militaris polysaccharides: extraction, structure-activity relationships and functional applications.",2026,Journal of the science of food and agriculture,review_narrative,F_review_only,Cordyceps_militaris,cordyceps_extract,metabolic,,partial,research_only,candidate,10.1002/jsfa.70921,42521464,https://pubmed.ncbi.nlm.nih.gov/42521464/,10_Evidence/2026-cordyceps-militaris-polysaccharides-extraction-str-42521464.md
10cbf8d5-a405-4dc1-afe5-b7611bacfcd9,"Cordyceps sinensis and Sonodynamic Therapy in Non-Small Cell Lung Cancer: Pharmacological Basis, Therapeutic Potential, and Future Directions.",2026,,animal,C_animal,Cordyceps_sinensis,cordycepin,immune,disease_language|preclinical_only|species_mismatch,partial,research_only,needs_legal_review,10.2147/ijn.s632002,42639578,https://europepmc.org/article/MED/42639578,10_Evidence/2026-cordyceps-sinensis-and-sonodynamic-therapy-in-non--42639578.md
20b4472b-24aa-459a-a24c-c72bd212bf96,Correction: Cordyceps spp.: a review on its immune-stimulatory and other biological potentials.,2026,,review_narrative,F_review_only,unclear,cordycepin,immune,,partial,research_only,candidate,10.3389/fphar.2026.1952854,42699468,https://europepmc.org/article/MED/42699468,10_Evidence/2026-correction-cordyceps-spp-a-review-on-its-immune-st-42699468.md
d8af068f-e1e3-443b-9195-ea7a97c5b6f6,"Correction: Lin et al. &lt;i&gt;Cordyceps militaris&lt;/i&gt; Enhances Wound Repair Through Regulation of HIF-1α, TGF-β1, and SIRT1/Nrf2/HO-1 Signaling in Diabetic Skin. &lt;i&gt;Life&lt;/i&gt; 2026, &lt;i&gt;16&lt;/i&gt;, 117.",2026,,unclear,F_review_only,Cordyceps_militaris,unclear,other,disease_language,partial,research_only,needs_legal_review,10.3390/life16091415,42795444,https://europepmc.org/article/MED/42795444,10_Evidence/2026-correction-lin-et-al-lt-i-gt-cordyceps-militaris-l-42795444.md
94ad1779-dfea-4716-9b18-ca89a9c0e67b,Correction: Molecular mechanisms and structure-activity relationships of natural polysaccharides in ameliorating type 2 diabetes mellitus: a comprehensive review.,2026,,review_narrative,F_review_only,Cordyceps_militaris,unclear,other,disease_language,partial,research_only,needs_legal_review,10.3389/fnut.2026.1912903,42494760,https://europepmc.org/article/MED/42494760,10_Evidence/2026-correction-molecular-mechanisms-and-structure-acti-42494760.md
c641cd79-9f0d-4d89-a268-c7e84e6a36aa,"Current Evidence and Practical Considerations for Adaptogen Use in Exercise Recovery, Training Adaptation, and Exercise Performance in Athletes: A Narrative Review.",2026,,review_narrative,F_review_only,Cordyceps_militaris,cordyceps_extract,antioxidant,,partial,research_only,candidate,10.3390/nu18152552,42588175,https://europepmc.org/article/MED/42588175,10_Evidence/2026-current-evidence-and-practical-considerations-for--42588175.md
a8693206-38b9-47be-9b3a-4ba9ac7826df,Current Evidence of Ergogenic and Post-Exercise Recovery Effects of Dietary Supplementation with &lt;i&gt;Cordyceps militaris&lt;/i&gt; in Humans-A Narrative Review.,2026,,review_narrative,F_review_only,Cordyceps_militaris,cordycepin,exercise_performance,,direct,research_only,candidate,10.3390/nu18050781,41829950,https://europepmc.org/article/MED/41829950,10_Evidence/2026-current-evidence-of-ergogenic-and-post-exercise-re-41829950.md
17c022eb-6201-4e53-b830-7b26b3ee6dbf,"Deciphering the Potential Mechanism of Cordycepin in Alleviating Ulcerative Colitis via the AKT1 Signaling Pathway: An Integrated Approach Combining Network Pharmacology, Molecular Docking, and Experimental Validation.",2026,,animal,C_animal,Cordyceps_militaris,cordycepin,energy_fatigue,disease_language|preclinical_only,direct,research_only,needs_legal_review,10.2147/jir.s599071,42609839,https://europepmc.org/article/MED/42609839,10_Evidence/2026-deciphering-the-potential-mechanism-of-cordycepin--42609839.md
876f8ad0-8354-4dd5-8a84-c2182b68a82c,"Deciphering the anticancer potential of an entomopathogenic fungus, Cordyceps militaris in Dalton's Lymphoma transplanted murine model: a multidimensional approach involving computational methods and in vivo validation.",2026,,animal,C_animal,Cordyceps_militaris,cordycepin,antioxidant,disease_language|preclinical_only,direct,research_only,needs_legal_review,10.1007/s11010-026-05575-1,42183983,https://europepmc.org/article/MED/42183983,10_Evidence/2026-deciphering-the-anticancer-potential-of-an-entomop-42183983.md
8cfebaeb-f263-41b5-9e4c-41fefe063506,Differential efficacy and anti-inflammatory mechanisms of Bailing Preparations versus Huangkui Capsules combined with SGLT-2 inhibitors for diabetic kidney disease: a network meta-analysis and GRADE assessment.,2026,,meta_analysis,F_review_only,unclear,unclear,metabolic,disease_language,extrapolated,research_only,needs_legal_review,10.3389/fphar.2026.1812118,42292842,https://europepmc.org/article/MED/42292842,10_Evidence/2026-differential-efficacy-and-anti-inflammatory-mechan-42292842.md
a1cfabaf-d6f9-421c-bebd-725977a43bb3,Drying-Induced Changes in Metabolite Profiles and Antioxidant Activity of &lt;i&gt;Cordyceps militaris&lt;/i&gt;: Insights from Integrated Metabolomics and Network Pharmacology.,2026,,animal,C_animal,Cordyceps_militaris,cordycepin,antioxidant,disease_language|preclinical_only,direct,research_only,needs_legal_review,10.3390/foods15122061,42354029,https://europepmc.org/article/MED/42354029,10_Evidence/2026-drying-induced-changes-in-metabolite-profiles-and--42354029.md
28d7cfdd-b181-4fe4-bc8b-31eadc15f649,"Edible Fungi and Skin Redox Homeostasis: Bioactive Diversity, Processing, Oral Exposure, and Evidence Gaps.",2026,,animal,C_animal,unclear,cordycepin,antioxidant,preclinical_only,partial,research_only,candidate,10.3390/antiox15091111,42792150,https://europepmc.org/article/MED/42792150,10_Evidence/2026-edible-fungi-and-skin-redox-homeostasis-bioactive--42792150.md
a83fb7d4-1977-4480-b5b4-99c90bb02c5c,Edible Fungus Compound Cordycepin Protects Against Acetaminophen-Induced Liver Injury.,2026,,animal,C_animal,Cordyceps_militaris,cordycepin,antioxidant,disease_language|preclinical_only,direct,research_only,needs_legal_review,10.1002/jcla.70266,42184123,https://europepmc.org/article/MED/42184123,10_Evidence/2026-edible-fungus-compound-cordycepin-protects-against-42184123.md
ad3c1a6b-ab2d-4f43-8178-839ecf21d926,Effect of &lt;i&gt;Cordyceps militaris&lt;/i&gt; Extract on Visceral Adipose Tissue Changes After Ovariectomy in Rodents.,2026,,animal,C_animal,unclear,cordycepin,antioxidant,disease_language|preclinical_only,extrapolated,research_only,needs_legal_review,10.1155/ije/6699051,41626053,https://europepmc.org/article/MED/41626053,10_Evidence/2026-effect-of-lt-i-gt-cordyceps-militaris-lt-i-gt-extr-41626053.md
20caac92-38ee-41b7-97e4-cd0a04f60a8e,Effects of Different Temperatures on Flavonoid Secondary Metabolites and Antioxidant Activities of &lt;i&gt;Paecilomyces hepiali&lt;/i&gt;.,2026,,animal,C_animal,Cordyceps_sinensis,unclear,antioxidant,preclinical_only,extrapolated,research_only,candidate,10.3390/antiox15070892,42510623,https://europepmc.org/article/MED/42510623,10_Evidence/2026-effects-of-different-temperatures-on-flavonoid-sec-42510623.md
7253a3ea-658e-429b-b018-99f1bf6b172a,Effects of Protease-Hydrolyzed and &lt;i&gt;Cordyceps militaris&lt;/i&gt;-Fermented Sea Cucumber Viscera Hydrolysates on Cellular Function and Energy Metabolism in HCT116 Cells.,2026,,animal,C_animal,Cordyceps_militaris,unclear,energy_fatigue,disease_language|preclinical_only,partial,research_only,needs_legal_review,10.3390/foods15173065,42737309,https://europepmc.org/article/MED/42737309,10_Evidence/2026-effects-of-protease-hydrolyzed-and-lt-i-gt-cordyce-42737309.md
90ae4d15-6cd0-4730-9c18-a913edbbeabe,Effects of cordycepin on antioxidant capacity and proliferative potential of buffalo spermatogonial cells in vitro.,2026,,animal,C_animal,Cordyceps_militaris,cordycepin,antioxidant,disease_language|preclinical_only,direct,research_only,needs_legal_review,10.1016/j.theriogenology.2026.118228,42822105,https://europepmc.org/article/MED/42822105,10_Evidence/2026-effects-of-cordycepin-on-antioxidant-capacity-and--42822105.md
c22eb937-93b7-4bd4-8047-2aa7dccbd94b,Electricity and ultrasound dual-enhanced extraction of hydroxyapatite and collagen from waste bones using deep eutectic solvent and their application for preparing food preservation film.,2026,,animal,C_animal,Cordyceps_militaris,cordyceps_extract,exercise_performance,preclinical_only,partial,research_only,candidate,10.1016/j.foodres.2026.119848,42629078,https://europepmc.org/article/MED/42629078,10_Evidence/2026-electricity-and-ultrasound-dual-enhanced-extractio-42629078.md
48ff45c4-0c7a-4e3b-aa69-1f5ba60e225d,Endothelial Senescence-Associated Secretory Signaling Promotes Macrophage Extracellular Traps Formation and Contributes to the Exacerbation of Combined Lung Injury.,2026,,animal,C_animal,unclear,cordycepin,respiratory,disease_language|preclinical_only,partial,research_only,needs_legal_review,10.7150/ijbs.133943,42524663,https://europepmc.org/article/MED/42524663,10_Evidence/2026-endothelial-senescence-associated-secretory-signal-42524663.md
3f208156-4adb-4536-b2ad-430d23410b68,"Evaluating Cordyceps militaris capsules on post-bronchodilator FEV&lt;sub&gt;1&lt;/sub&gt; decline in patients with COPD: a study protocol for double-blind, randomized, placebo-controlled trial.",2026,,rct,A_human_RCT,Cordyceps_militaris,unclear,respiratory,disease_language,partial,research_only,needs_legal_review,10.3389/fphar.2026.1775068,42266370,https://europepmc.org/article/MED/42266370,10_Evidence/2026-evaluating-cordyceps-militaris-capsules-on-post-br-42266370.md
58d4ce7e-3ae5-4a0e-86d6-bb7825f7bcab,Exopolysaccharides from lecithin-zeaxanthin-stimulated Cordyceps militaris alleviate cyclophosphamide-induced immunosuppression and intestine-liver injury.,2026,,animal,C_animal,Cordyceps_militaris,unclear,immune,disease_language|preclinical_only,partial,research_only,needs_legal_review,10.1016/j.carbpol.2026.125682,42586699,https://europepmc.org/article/MED/42586699,10_Evidence/2026-exopolysaccharides-from-lecithin-zeaxanthin-stimul-42586699.md
e4ce3f71-f82d-4488-bcee-412aae1c038b,Exploring the potential targets and molecular mechanisms of cordycepin against gastric cancer based on bioinformatics analysis and network pharmacology.,2026,,animal,C_animal,unclear,cordycepin,other,disease_language|preclinical_only,partial,research_only,needs_legal_review,10.3164/jcbn.25-276,42719925,https://europepmc.org/article/MED/42719925,10_Evidence/2026-exploring-the-potential-targets-and-molecular-mech-42719925.md
360050b4-eb90-4b4e-bf54-0bfedcd8124a,"Extraction, purification, characterization, and &lt;i&gt;in vitro&lt;/i&gt; anticoagulant activity of polysaccharides from &lt;i&gt;Cordyceps militaris&lt;/i&gt;.",2026,,animal,C_animal,Cordyceps_militaris,cordyceps_extract,exercise_performance,disease_language|preclinical_only,partial,research_only,needs_legal_review,10.3389/fnut.2026.1915697,42824022,https://europepmc.org/article/MED/42824022,10_Evidence/2026-extraction-purification-characterization-and-lt-i--42824022.md
b2fbe123-5be2-4185-9ab2-20b1ade6e799,"Fermentation technology of Ganoderma lucidum and Cordyceps militaris: advances in process optimization, bioactive compound transformation, and functional food development.",2026,,animal,C_animal,Cordyceps_militaris,cordycepin,other,preclinical_only,direct,research_only,candidate,10.1093/lambio/ovag077,42720424,https://europepmc.org/article/MED/42720424,10_Evidence/2026-fermentation-technology-of-ganoderma-lucidum-and-c-42720424.md
81fafc1c-9806-4626-afb3-fc89ba2a4b98,From Adenosine to Cordycepin: Biosynthesis and Substrate-Dependent Production Modes in <em>Cordyceps militaris</em>,2026,,animal,C_animal,Cordyceps_militaris,cordycepin,metabolic,preclinical_only,direct,research_only,candidate,10.20944/preprints202609.0280.v1,,https://doi.org/10.20944/preprints202609.0280.v1,10_Evidence/2026-from-adenosine-to-cordycepin-biosynthesis-and-subs-10-20944-pre.md
f828a349-85df-478c-9831-cd694c387603,From Grow Room to Market: A Technical and Economic Assessment of Family-Operated Small-Scale Cordyceps Production,2026,,animal,C_animal,Cordyceps_militaris,unclear,exercise_performance,preclinical_only,partial,research_only,candidate,10.20944/preprints202605.0361.v1,,https://doi.org/10.20944/preprints202605.0361.v1,10_Evidence/2026-from-grow-room-to-market-a-technical-and-economic--10-20944-pre.md
fc99f0e7-6b3e-4b32-8631-869f17f8ffd8,Fungal &lt;i&gt;Cordyceps&lt;/i&gt; Nucleosides and Analogs as Potential Anti-Glioblastoma PD-L1 Inhibitors: An In Silico Multiparameter Optimization (MPO) Design.,2026,,animal,C_animal,unclear,cordycepin,immune,disease_language|preclinical_only,partial,research_only,needs_legal_review,10.3390/ijms27115024,42278549,https://europepmc.org/article/MED/42278549,10_Evidence/2026-fungal-lt-i-gt-cordyceps-lt-i-gt-nucleosides-and-a-42278549.md
7e5e30bd-a015-4609-8169-75bdf82650c5,Fungal Carbonic Anhydrases: A Systematic Review from Molecular Profiling to Pathogenic Regulation in &lt;i&gt;Magnaporthe oryzae&lt;/i&gt;.,2026,,systematic_review,F_review_only,unclear,cordycepin,antioxidant,,partial,research_only,candidate,10.3390/jof12080555,42646082,https://europepmc.org/article/MED/42646082,10_Evidence/2026-fungal-carbonic-anhydrases-a-systematic-review-fro-42646082.md
74a6de29-b74e-4382-96da-c8f72c86922d,Gut microbiome-targeted bile acid metabolomics integration reveals dietary cordycepin alleviates NAFLD in diabetic mice by enriching Clostridia and affecting the PXR/Sult2a1/CA7S.,2026,,animal,C_animal,Cordyceps_militaris,cordycepin,metabolic,disease_language|preclinical_only,direct,research_only,needs_legal_review,10.1016/j.jnutbio.2026.110500,42700824,https://europepmc.org/article/MED/42700824,10_Evidence/2026-gut-microbiome-targeted-bile-acid-metabolomics-int-42700824.md
172c34b9-c94e-4798-ba36-d3fe0799cad6,Identification of differential proteins in Cordyceps militaris cultured with different nitrogen sources via proteomic analysis.,2026,,animal,C_animal,Cordyceps_militaris,cordyceps_extract,exercise_performance,preclinical_only,partial,research_only,candidate,10.1016/j.ijbiomac.2026.151429,41839275,https://europepmc.org/article/MED/41839275,10_Evidence/2026-identification-of-differential-proteins-in-cordyce-41839275.md
dab77be2-a6a1-4247-bf26-c3d3df37f35a,In Vitro Digestion and Fermentation Characteristics of Cordyceps militaris Mycelial Polysaccharide and Its Regulatory Effects on the Intestinal Environment.,2026,,animal,C_animal,Cordyceps_militaris,unclear,metabolic,preclinical_only,partial,research_only,candidate,10.1111/1750-3841.71418,42817792,https://europepmc.org/article/MED/42817792,10_Evidence/2026-in-vitro-digestion-and-fermentation-characteristic-42817792.md
aef5ec03-39cf-4dd3-a457-97548808c649,Inhibition of hepatic lipogenesis and adipogenesis by cordyanhydride A isolated from Cordyceps militaris cultivated on germinated soybeans.,2026,,animal,C_animal,Cordyceps_militaris,cordyceps_extract,antioxidant,preclinical_only,partial,research_only,candidate,10.1093/bbb/zbag058,42008108,https://europepmc.org/article/MED/42008108,10_Evidence/2026-inhibition-of-hepatic-lipogenesis-and-adipogenesis-42008108.md
13e40244-2b2f-49d9-bf9d-56dfe83bd970,Insights into the function and structure of the R2TP (RUVBL1-RUVBL2-RPAP3-PIH1D1) chaperone complex.,2026,,animal,C_animal,unclear,cordycepin,antioxidant,preclinical_only,partial,research_only,candidate,10.1016/j.cstres.2026.100192,42248294,https://europepmc.org/article/MED/42248294,10_Evidence/2026-insights-into-the-function-and-structure-of-the-r2-42248294.md
5861f57a-8cb9-4023-a1e5-7fb5e05dc7c1,Integrated Transcriptomic and Metabolomic Analyses Reveal Acyl-CoA Dehydrogenase-Mediated Primordium Formation and Metabolite Synthesis in &lt;i&gt;Cordyceps militaris&lt;/i&gt;.,2026,,animal,C_animal,Cordyceps_militaris,cordycepin,metabolic,preclinical_only,direct,research_only,candidate,10.3390/jof12090696,42783991,https://europepmc.org/article/MED/42783991,10_Evidence/2026-integrated-transcriptomic-and-metabolomic-analyses-42783991.md
06f07a62-0450-46bc-8a56-47f0eae4b79c,"Integrated transcriptomics, network pharmacology and clinical expression validation reveal the prognostic significance of PANoptosis-related genes in cordycepin-treated lung adenocarcinoma.",2026,,animal,C_animal,unclear,cordycepin,immune,disease_language|preclinical_only,extrapolated,research_only,needs_legal_review,10.1007/s12672-026-05134-6,42260221,https://europepmc.org/article/MED/42260221,10_Evidence/2026-integrated-transcriptomics-network-pharmacology-an-42260221.md
941dfcd7-4a94-411c-994b-983930664684,Integrative Multi-Omics Reveals Microbiome and Genome Streamlining Underlie Ecological Divergence in Chinese and Xinjiang &lt;i&gt;Cordyceps&lt;/i&gt;: A Preliminary Study.,2026,,animal,C_animal,Cordyceps_sinensis,unclear,antioxidant,preclinical_only,extrapolated,research_only,candidate,10.3390/ijms27125241,42352964,https://europepmc.org/article/MED/42352964,10_Evidence/2026-integrative-multi-omics-reveals-microbiome-and-gen-42352964.md
785ae29b-427e-4138-a335-c53370b2a95d,Integrative multidisciplinary oncological approach in cancer patients receiving oncological treatments: a case series.,2026,,observational_human,B_limited_human,unclear,unclear,immune,disease_language,extrapolated,research_only,needs_legal_review,10.3389/fphar.2026.1741148,42222148,https://europepmc.org/article/MED/42222148,10_Evidence/2026-integrative-multidisciplinary-oncological-approach-42222148.md
dcec4738-1798-4e8f-9a78-a4c3c716c110,"LED Light Spectra Modulate Growth, Morphogenesis, and Bioactive Compound Production in Cordyceps militaris (Ascomycota).",2026,,animal,C_animal,Cordyceps_militaris,cordycepin,antioxidant,disease_language|preclinical_only,direct,research_only,needs_legal_review,10.1615/intjmedmushrooms.2025062343,41915571,https://europepmc.org/article/MED/41915571,10_Evidence/2026-led-light-spectra-modulate-growth-morphogenesis-an-41915571.md
93f5e20f-b76f-475d-9b59-85f60d77ba47,Mechanism Analysis of the Effect of Cordycepin on Colorectal Cancer &lt;i&gt;via&lt;/i&gt; Network Pharmacology and Experiment.,2026,,animal,C_animal,unclear,cordycepin,immune,disease_language|preclinical_only,partial,research_only,needs_legal_review,10.2174/0113862073322771241119101357,39817394,https://europepmc.org/article/MED/39817394,10_Evidence/2026-mechanism-analysis-of-the-effect-of-cordycepin-on--39817394.md
e9653d56-d81a-4f2e-9aae-c20ed96c82b6,Medicinal Mushrooms and Their Bioactive Compounds: From Traditional Use to Therapeutic Potential.,2026,,animal,C_animal,Cordyceps_sinensis,cordyceps_extract,immune,disease_language|preclinical_only,extrapolated,research_only,needs_legal_review,10.3390/molecules31101749,42197308,https://europepmc.org/article/MED/42197308,10_Evidence/2026-medicinal-mushrooms-and-their-bioactive-compounds--42197308.md
7efcdf80-bcbd-4c1b-ba90-a9866fb14dcd,"Medicinal mushrooms and type 2 diabetes: mechanistic insights, translational evidence, and clinical caveats.",2026,,animal,C_animal,unclear,cordycepin,metabolic,disease_language|preclinical_only,partial,research_only,needs_legal_review,10.3389/fnut.2026.1906859,42807658,https://europepmc.org/article/MED/42807658,10_Evidence/2026-medicinal-mushrooms-and-type-2-diabetes-mechanisti-42807658.md
28ccab46-af96-4c4b-96d7-e7f5f2055047,Metabolic effects of &lt;i&gt;Cordyceps militaris&lt;/i&gt; ethanol extract and cordycepin in mice with type 2 diabetes and hyperlipidaemia: gut microbial and bile acid-related changes.,2026,,animal,C_animal,Cordyceps_militaris,cordycepin,metabolic,disease_language|preclinical_only,direct,research_only,needs_legal_review,10.1039/d6fo02540d,42695401,https://europepmc.org/article/MED/42695401,10_Evidence/2026-metabolic-effects-of-lt-i-gt-cordyceps-militaris-l-42695401.md
1559116c-8ef2-4c3c-8a4b-c0602e2a9240,Microbial transformation and cordycepin co-administration enhanced incretin-related and prebiotic potentials of galactomannans from two herbs.,2026,,animal,C_animal,Cordyceps_militaris,cordycepin,antioxidant,disease_language|preclinical_only,direct,research_only,needs_legal_review,10.1016/j.ijbiomac.2026.154612,42785407,https://europepmc.org/article/MED/42785407,10_Evidence/2026-microbial-transformation-and-cordycepin-co-adminis-42785407.md
4f8a1a80-d846-4e2a-8578-ca75d35ffe26,Modulation of Hepatic Cholesterol-Related Pathways by &lt;i&gt;Ophiocordyceps sinensis&lt;/i&gt; and Coenzyme Q10 in a Sequential Gut-Liver In Vitro Model.,2026,,animal,C_animal,Cordyceps_sinensis,cordycepin,metabolic,disease_language|preclinical_only|species_mismatch,partial,research_only,needs_legal_review,10.3390/molecules31183265,42796552,https://europepmc.org/article/MED/42796552,10_Evidence/2026-modulation-of-hepatic-cholesterol-related-pathways-42796552.md
6bf3f9b7-6ccb-4fc7-8148-9e6e11d9abf8,Molecular immunopharmacology of traditional Chinese medicine-derived compounds in membranous nephropathy: mechanistic insights into immune aging and kidney essence deficiency.,2026,,animal,C_animal,unclear,cordycepin,immune,disease_language|preclinical_only,partial,research_only,needs_legal_review,10.3389/fimmu.2026.1770018,42099640,https://europepmc.org/article/MED/42099640,10_Evidence/2026-molecular-immunopharmacology-of-traditional-chines-42099640.md
1d4b7305-8d08-46aa-8d83-febc43df23dd,Multi-Target Neuroprotective Effects of Cordycepin and Adenosine from &lt;i&gt;Cordyceps militaris&lt;/i&gt; Against Amyloid-β-Induced Neurotoxicity.,2026,,animal,C_animal,Cordyceps_militaris,cordycepin,cognitive,disease_language|preclinical_only,direct,research_only,needs_legal_review,10.3390/biomedicines14081862,42652243,https://europepmc.org/article/MED/42652243,10_Evidence/2026-multi-target-neuroprotective-effects-of-cordycepin-42652243.md
3da82e36-45a7-403d-9885-16a9b1477c3d,Multi-omics analysis reveals the potential for fermented &lt;i&gt;Cordyceps militaris&lt;/i&gt; mushroom substrate in laying hens.,2026,,animal,C_animal,Cordyceps_militaris,unclear,immune,preclinical_only,partial,research_only,candidate,10.3389/fmicb.2026.1807060,42388305,https://europepmc.org/article/MED/42388305,10_Evidence/2026-multi-omics-analysis-reveals-the-potential-for-fer-42388305.md
df6ee48e-2798-448d-ae49-ec5432fac6f7,Nano-Encapsulated <em>Cordyceps militaris</em> Grown on Germinated Black Bean Attenuates PM- and LPS-Induced Airway Inflammation,2026,,animal,C_animal,Cordyceps_militaris,cordyceps_extract,respiratory,disease_language|preclinical_only,partial,research_only,needs_legal_review,10.20944/preprints202604.1362.v1,,https://doi.org/10.20944/preprints202604.1362.v1,10_Evidence/2026-nano-encapsulated-em-cordyceps-militaris-em-grown--10-20944-pre.md
3937c2cb-1a6a-45d1-891c-cc8445620ae3,Nano-Encapsulated Black Bean-Cultivated &lt;i&gt;Cordyceps militaris&lt;/i&gt; Attenuates PM- and LPS-Induced Airway Inflammation.,2026,,animal,C_animal,Cordyceps_militaris,cordyceps_extract,respiratory,disease_language|preclinical_only,partial,research_only,needs_legal_review,10.3390/nu18132043,42451047,https://europepmc.org/article/MED/42451047,10_Evidence/2026-nano-encapsulated-black-bean-cultivated-lt-i-gt-co-42451047.md
53f9c66d-f868-4f49-b38f-99245cf801af,"Natural products against renal fibrosis: molecular mechanisms, safety concerns, and translational perspectives.",2026,,animal,C_animal,unclear,cordycepin,antioxidant,disease_language|preclinical_only,partial,research_only,needs_legal_review,10.1080/0886022x.2026.2703925,42637575,https://europepmc.org/article/MED/42637575,10_Evidence/2026-natural-products-against-renal-fibrosis-molecular--42637575.md
b8c3ad5c-a67d-4424-9e3c-1206120a554a,Nature's marvel: unravelling the multiphase composition of &lt;i&gt;Cordyceps militaris&lt;/i&gt; mushroom and its implications as a dietary supplement.,2026,,animal,C_animal,Cordyceps_militaris,cordycepin,immune,preclinical_only,direct,research_only,candidate,10.1007/s13197-025-06531-5,41889569,https://europepmc.org/article/MED/41889569,10_Evidence/2026-nature-s-marvel-unravelling-the-multiphase-composi-41889569.md
3aba11b2-40f4-41d4-881e-36921ffa7d89,Neomycin-sensitive gut bacteria-derived brassicasterol mediates the anti-obesity effects of Cordyceps militaris polysaccharide,2026,,animal,C_animal,Cordyceps_militaris,unclear,metabolic,disease_language|preclinical_only,partial,research_only,needs_legal_review,,,,10_Evidence/2026-neomycin-sensitive-gut-bacteria-derived-brassicast-3aba11b2-40f.md
42e1142d-e772-4c2b-afa0-a7a42b1e3328,Neomycin-sensitive gut bacteria-derived brassicasterol mediates the anti-obesity effects of Cordyceps militaris polysaccharide.,2026,,animal,C_animal,Cordyceps_militaris,unclear,metabolic,disease_language|preclinical_only,partial,research_only,needs_legal_review,10.1016/j.foodres.2026.118574,41794459,https://europepmc.org/article/MED/41794459,10_Evidence/2026-neomycin-sensitive-gut-bacteria-derived-brassicast-41794459.md
f5f288c5-36df-4aa1-b632-c38b5e5de061,Nickel-Catalyzed Electroreductive 3'-C Arylation and Alkenylation of Cordycepin Derivatives.,2026,,animal,C_animal,unclear,cordycepin,antioxidant,preclinical_only,partial,research_only,candidate,10.1021/acs.orglett.6c02156,42359886,https://europepmc.org/article/MED/42359886,10_Evidence/2026-nickel-catalyzed-electroreductive-3-c-arylation-an-42359886.md
56c3cabf-15d1-4d8d-9fb7-b388ce51a1e4,OmniEdit: A unified CRISPR/Cas9 platform for precise genome engineering and strain optimization of the &lt;i&gt;Cordyceps militaris&lt;/i&gt; cell factory.,2026,,animal,C_animal,Cordyceps_militaris,unclear,exercise_performance,preclinical_only,partial,research_only,candidate,10.1016/j.synbio.2026.04.015,42182968,https://europepmc.org/article/MED/42182968,10_Evidence/2026-omniedit-a-unified-crispr-cas9-platform-for-precis-42182968.md
1f8bf675-6bb9-446f-9dba-eb94217fc7aa,Ophiocordyceps indica from the Indian Himalayas Ameliorates the IgA Nephropathy in Mice.,2026,,animal,C_animal,Cordyceps_sinensis,cordycepin,immune,disease_language|preclinical_only,extrapolated,research_only,needs_legal_review,10.1007/s12010-026-05588-y,41779330,https://europepmc.org/article/MED/41779330,10_Evidence/2026-ophiocordyceps-indica-from-the-indian-himalayas-am-41779330.md
f1afa66c-5171-4442-a064-acc1f0344c05,Ophiocordyceps sinensis in Cancer Therapy: Bridging Traditional Medicine and Modern Oncology.,2026,,animal,C_animal,Cordyceps_sinensis,cordycepin,immune,disease_language|preclinical_only,extrapolated,research_only,needs_legal_review,10.2174/0115680266402650251110114152,42152710,https://europepmc.org/article/MED/42152710,10_Evidence/2026-ophiocordyceps-sinensis-in-cancer-therapy-bridging-42152710.md
4f7d7478-f897-47f2-bfc9-c9abc06c2945,Optimal Detecting Part of &lt;i&gt;Ophiocordyceps sinensis&lt;/i&gt; for Identifying Wild and Cultivated Categories Using Hyperspectrum.,2026,,animal,C_animal,Cordyceps_sinensis,unclear,antioxidant,preclinical_only,extrapolated,research_only,candidate,10.3390/s26175672,42740292,https://europepmc.org/article/MED/42740292,10_Evidence/2026-optimal-detecting-part-of-lt-i-gt-ophiocordyceps-s-42740292.md
2bcbd1ab-7ca5-4a54-b633-ec19bc325a64,Overcoming cordycepin limitations with SLNs-based nanoformulation: formulation development and cytotoxicity evaluation against human breast cancer cells.,2026,,animal,C_animal,unclear,cordycepin,metabolic,disease_language|preclinical_only,partial,research_only,needs_legal_review,10.1007/s12032-026-03407-2,42742885,https://europepmc.org/article/MED/42742885,10_Evidence/2026-overcoming-cordycepin-limitations-with-slns-based--42742885.md
2905876f-1ba9-4116-a047-08fbb7124d38,Peptidomics-based identification of endogenous free peptides from &lt;i&gt;Ophiocordyceps sinensis&lt;/i&gt; and functional validation of immunomodulatory peptide WALGT.,2026,,animal,C_animal,Cordyceps_sinensis,unclear,immune,disease_language|preclinical_only,extrapolated,research_only,needs_legal_review,10.3389/fphar.2026.1748787,42147308,https://europepmc.org/article/MED/42147308,10_Evidence/2026-peptidomics-based-identification-of-endogenous-fre-42147308.md
500a27a3-ca4c-4ef2-8cfc-c9d0e2d4cd15,Photoprotective and Heavy Metal-Detoxifying Melanin Fractions Isolated from &lt;i&gt;Ophiocordyceps sinensis&lt;/i&gt; Fermentation Products.,2026,,animal,C_animal,Cordyceps_sinensis,unclear,antioxidant,preclinical_only,extrapolated,research_only,candidate,10.3390/biology15141183,42510729,https://europepmc.org/article/MED/42510729,10_Evidence/2026-photoprotective-and-heavy-metal-detoxifying-melani-42510729.md
a092d21d-68d6-4c8c-a43e-3e4a1132ba33,"Physicochemical, structural, digestive stability, and microbiota effects of five edible mushroom polysaccharides (EMPs).",2026,,in_vitro,D_in_vitro,Cordyceps_militaris,cordyceps_extract,other,preclinical_only,partial,research_only,candidate,10.1016/j.ijbiomac.2026.152108,42019840,https://europepmc.org/article/MED/42019840,10_Evidence/2026-physicochemical-structural-digestive-stability-and-42019840.md
e6c3adb0-1484-4b5e-a56d-172b36623329,"Phytochemical and Fungal Bioactive Compounds in the ""Brain Health Triad"": A Narrative Review on Neurostimulating, Neurotrophic, and Neuroprotective Synergy.",2026,,review_narrative,F_review_only,unclear,cordycepin,cognitive,,partial,research_only,needs_legal_review,10.3390/ijms27083607,42074246,https://europepmc.org/article/MED/42074246,10_Evidence/2026-phytochemical-and-fungal-bioactive-compounds-in-th-42074246.md
d856250d-9519-46b9-93db-f886797d508e,Pleiotropic Bioactivity of Caterpillar Fungus and Cordycepin: Insight from Integrated Network Pharmacology and Food and Drug Regulatory Framework,2026,,animal,C_animal,mixed,cordycepin,metabolic,disease_language|preclinical_only|species_mismatch,partial,research_only,needs_legal_review,10.20944/preprints202601.2035.v1,,https://doi.org/10.20944/preprints202601.2035.v1,10_Evidence/2026-pleiotropic-bioactivity-of-caterpillar-fungus-and--10-20944-pre.md
23f94a02-0705-4a37-a0e3-e4eb964fdeac,"Pleiotropic Bioactivity of Caterpillar Fungus, Orange Cordyceps, and Cordycepin: Insight from Integrated Network Pharmacology and Food and Drug Regulatory Framework.",2026,,animal,C_animal,mixed,cordycepin,immune,preclinical_only|species_mismatch,partial,research_only,candidate,10.3390/ph19030519,41901364,https://europepmc.org/article/MED/41901364,10_Evidence/2026-pleiotropic-bioactivity-of-caterpillar-fungus-oran-41901364.md
43be0b90-643d-4160-8871-28d2274649fe,Post-marketing surveillance of cordyceps products online: identifying falsified products and regulatory challenges.,2026,,animal,C_animal,Cordyceps_sinensis,cordycepin,antioxidant,preclinical_only,extrapolated,research_only,candidate,10.1186/s12906-026-05363-w,41947147,https://europepmc.org/article/MED/41947147,10_Evidence/2026-post-marketing-surveillance-of-cordyceps-products--41947147.md
6b1717c4-ebd7-4ce2-beb4-0bef9294dbc7,"Pretreatment, physicochemical analysis and structure-activity relationships of antioxidant activities of nine edible mushroom polysaccharides.",2026,,animal,C_animal,Cordyceps_militaris,unclear,antioxidant,disease_language|preclinical_only,partial,research_only,needs_legal_review,10.1002/jsfa.71018,42661268,https://europepmc.org/article/MED/42661268,10_Evidence/2026-pretreatment-physicochemical-analysis-and-structur-42661268.md
3e504a62-2272-4fa4-83bb-17936ed61687,Protective Effect of Cordyceps militaris Extract Against Cigarette Smoke Extract Induced Neurodegeneration in Zebrafish Model.,2026,,animal,C_animal,Cordyceps_militaris,cordycepin,cognitive,disease_language|preclinical_only,direct,research_only,needs_legal_review,10.1007/s12640-026-00779-1,41591697,https://europepmc.org/article/MED/41591697,10_Evidence/2026-protective-effect-of-cordyceps-militaris-extract-a-41591697.md
45ab6a29-c9e6-4eac-8d7d-9ce3481bbe88,Pyrimidine-containing natural products: occurrences and biological activities.,2026,,review_narrative,F_review_only,unclear,unclear,anti_inflammatory,disease_language,extrapolated,research_only,needs_legal_review,10.1007/s13659-025-00583-y,41634209,https://europepmc.org/article/MED/41634209,10_Evidence/2026-pyrimidine-containing-natural-products-occurrences-41634209.md
1012e2ce-d869-4661-a1ca-7baeb62312a5,Redox-centric metabolic rewiring for dark-fermentative hydrogen production in Enterobacter aerogenes.,2026,,animal,C_animal,Cordyceps_militaris,unclear,metabolic,preclinical_only,partial,research_only,candidate,10.1007/s00449-026-03376-w,42410197,https://europepmc.org/article/MED/42410197,10_Evidence/2026-redox-centric-metabolic-rewiring-for-dark-fermenta-42410197.md
7e588408-fc99-4ad7-bfb4-081f4c67524e,Research Progress on the Molecular Mechanisms of Cordycepin in Modulating Inflammation.,2026,,animal,C_animal,unclear,cordycepin,immune,disease_language|preclinical_only,partial,research_only,needs_legal_review,10.1142/s0192415x2650031x,42057256,https://europepmc.org/article/MED/42057256,10_Evidence/2026-research-progress-on-the-molecular-mechanisms-of-c-42057256.md
dd0e3e4c-7f37-4f37-9295-57d1776bbae8,Research advances on Cordyceps sinensis and its components in relation to omics biomarkers for the neurological disorders,2026,Die Naturwissenschaften,rct,A_human_RCT,Cordyceps_sinensis,cordycepin,immune,disease_language,extrapolated,research_only,needs_legal_review,10.1007/s00114-026-02093-4,41945111,https://doi.org/10.1007/s00114-026-02093-4,10_Evidence/2026-research-advances-on-cordyceps-sinensis-and-its-co-41945111.md
87cb1af8-78f1-4476-b745-1c10c78d94da,Selective Carbohydrate Modulation Enhances BLIS-Mediated Bioprotection Against Multidrug-Resistant Foodborne Pathogens During Vegetable Fermentation.,2026,,animal,C_animal,Cordyceps_militaris,cordyceps_extract,antioxidant,preclinical_only,partial,research_only,candidate,10.1007/s00284-026-04975-2,42191890,https://europepmc.org/article/MED/42191890,10_Evidence/2026-selective-carbohydrate-modulation-enhances-blis-me-42191890.md
70b421b6-c8a0-455d-b8da-aa15fbf91433,"Sex determining region Y box protein 2 (SOX2) expression, alteration, regulation and its diagnostics, prognostics and therapeutics in lung cancer.",2026,,animal,C_animal,Cordyceps_sinensis,cordycepin,respiratory,disease_language|preclinical_only,extrapolated,research_only,needs_legal_review,10.1007/s12672-026-04928-y,41941024,https://europepmc.org/article/MED/41941024,10_Evidence/2026-sex-determining-region-y-box-protein-2-sox2-expres-41941024.md
6cad1f89-78b0-4121-85c8-015dffb96b47,Shuangshen Granule Regulates Tumor Cell Exosomes Through MIF-miR-34a-KLF4 Pathway and Affects Macrophage Polarization Against Lung Cancer.,2026,,animal,C_animal,unclear,unclear,antioxidant,disease_language|preclinical_only,extrapolated,research_only,needs_legal_review,10.1155/humu/5626229,41993133,https://europepmc.org/article/MED/41993133,10_Evidence/2026-shuangshen-granule-regulates-tumor-cell-exosomes-t-41993133.md
4d95a1ff-93d6-4f4e-a414-5bd42e56a8d2,Shuangshen granules enhance anti-PD1 therapy effectiveness in lung adenocarcinoma by modulating myeloid-derived suppressor cell-induced T cell exhaustion.,2026,,animal,C_animal,unclear,unclear,immune,disease_language|preclinical_only,extrapolated,research_only,needs_legal_review,10.1186/s13020-026-01391-3,42092980,https://europepmc.org/article/MED/42092980,10_Evidence/2026-shuangshen-granules-enhance-anti-pd1-therapy-effec-42092980.md
c927f728-d624-4212-baf5-be5c96c24fb3,"Skeletal muscle mitochondrial-methylation-neurotransmitter crosstalk: a novel synergistic model of betaine, tyrosine, and Cordyceps for exercise performance in older adults, individuals with metabolic disorders, and healthy populations.",2026,,animal,C_animal,Cordyceps_militaris,unclear,exercise_performance,preclinical_only,partial,research_only,candidate,10.3389/fnut.2026.1812286,42682565,https://europepmc.org/article/MED/42682565,10_Evidence/2026-skeletal-muscle-mitochondrial-methylation-neurotra-42682565.md
3afd5dac-469b-4a0f-9d40-444a07ed2de7,Structure characterization and in vitro immunomodulatory effects of a novel galactoglucomannan in cultivated Chinese cordyceps (Cordyceps sinensis).,2026,Carbohydrate polymers,animal,C_animal,Cordyceps_sinensis,cordyceps_extract,immune,disease_language|preclinical_only,extrapolated,research_only,needs_legal_review,10.1016/j.carbpol.2025.124520,41198327,https://pubmed.ncbi.nlm.nih.gov/41198327/,10_Evidence/2026-structure-characterization-and-in-vitro-immunomodu-41198327.md
cce7bf4a-abd1-428a-849e-501b107fc056,Study on the potential mechanism of Cordyceps militaris in chronic obstructive pulmonary disease via integrating metabolomics and network pharmacology.,2026,The Journal of pharmacy and pharmacology,animal,C_animal,Cordyceps_militaris,cordycepin,respiratory,disease_language|preclinical_only,direct,research_only,needs_legal_review,10.1093/jpp/rgaf114,41237424,https://pubmed.ncbi.nlm.nih.gov/41237424/,10_Evidence/2026-study-on-the-potential-mechanism-of-cordyceps-mili-41237424.md
703f9339-cd42-4684-a25e-64a2f1683d26,TCM-Driven Circadian Modulation in Cancer: Engineering Spatiotemporal Drug Delivery for Precision Oncology.,2026,,animal,C_animal,unclear,unclear,immune,disease_language|preclinical_only,extrapolated,research_only,needs_legal_review,10.2147/ijn.s613697,42577953,https://europepmc.org/article/MED/42577953,10_Evidence/2026-tcm-driven-circadian-modulation-in-cancer-engineer-42577953.md
1b93cc2f-e470-4c9c-acf2-3f32c312e56e,Targeting Kinetoplastid Parasites with ProTide Prodrugs: A Proof-of-Concept Study.,2026,,animal,C_animal,unclear,cordycepin,other,disease_language|preclinical_only,partial,research_only,needs_legal_review,10.1002/cmdc.202501072,41932358,https://europepmc.org/article/MED/41932358,10_Evidence/2026-targeting-kinetoplastid-parasites-with-protide-pro-41932358.md
77b7b1e4-e5fe-40c6-a79d-c06f34a045ae,The Significance of a Mushroom Diet in the Prevention of Osteoporosis.,2026,,animal,C_animal,Cordyceps_sinensis,unclear,antioxidant,disease_language|preclinical_only,extrapolated,research_only,needs_legal_review,10.3390/ph19030482,41901328,https://europepmc.org/article/MED/41901328,10_Evidence/2026-the-significance-of-a-mushroom-diet-in-the-prevent-41901328.md
bbb2d78d-682d-42ec-86ea-c9e7fb9e3daa,Transcriptome analysis reveals the promoting mechanism of corn steep liquor protein hydrolysate on cordycepin biosynthesis of Cordyceps militaris.,2026,,animal,C_animal,Cordyceps_militaris,cordycepin,immune,disease_language|preclinical_only,direct,research_only,needs_legal_review,10.1007/s00449-026-03410-x,42754687,https://europepmc.org/article/MED/42754687,10_Evidence/2026-transcriptome-analysis-reveals-the-promoting-mecha-42754687.md
09236011-4189-44f3-9227-e7bf577f3739,Transposon engineering of &lt;i&gt;Saccharomyces cerevisiae&lt;/i&gt; for allantoin-inducible cordycepin production.,2026,,animal,C_animal,unclear,cordycepin,other,disease_language|preclinical_only,partial,research_only,needs_legal_review,10.48130/els-0026-0009,42781467,https://europepmc.org/article/MED/42781467,10_Evidence/2026-transposon-engineering-of-lt-i-gt-saccharomyces-ce-42781467.md
24295be9-8b17-46b7-b0b0-0d256ce7934c,Uncovering bioactive metabolites from the  <i>Taxus wallichiana</i>  endophyte  <i>Annulohypoxylon purpureonitens</i>  using reverse metabolomics,2026,,animal,C_animal,unclear,cordycepin,antioxidant,disease_language|preclinical_only,partial,research_only,needs_legal_review,10.64898/2026.08.17.744784,,https://doi.org/10.64898/2026.08.17.744784,10_Evidence/2026-uncovering-bioactive-metabolites-from-the-i-taxus--10-64898-202.md
9675ff59-d15c-4acd-bd60-bfbe3cf93033,Understanding the integral stereoselectivity of Cordyceps militaris lipase for medium-chain triglycerides: Tricaprylin-based kinetic and molecular docking analysis.,2026,,animal,C_animal,Cordyceps_militaris,unclear,metabolic,preclinical_only,partial,research_only,candidate,10.1016/j.foodres.2026.119212,42083237,https://europepmc.org/article/MED/42083237,10_Evidence/2026-understanding-the-integral-stereoselectivity-of-co-42083237.md
58c59042-9e05-491e-a7e2-1b65dc38386c,"Untargeted metabolomics reveals species-specific metabolic signatures in Pholiota nameko, Cordyceps militaris and Lentinula edodes",2026,,animal,C_animal,Cordyceps_militaris,unclear,antioxidant,preclinical_only,partial,research_only,candidate,10.21203/rs.3.rs-9342601/v1,,https://doi.org/10.21203/rs.3.rs-9342601/v1,10_Evidence/2026-untargeted-metabolomics-reveals-species-specific-m-10-21203-rs.md
66b704eb-aae3-42d5-be82-8a1f631651d8,[Quality markers of Cordyceps militaris in improving respiratory diseases].,2026,,animal,C_animal,Cordyceps_militaris,cordycepin,exercise_performance,disease_language|preclinical_only,direct,research_only,needs_legal_review,10.19540/j.cnki.cjcmm.20260202.201,42543281,https://europepmc.org/article/MED/42543281,10_Evidence/2026-quality-markers-of-cordyceps-militaris-in-improvin-42543281.md
fbae126e-af11-4048-9a0b-0490a2df0b52,[Research progress in synthesis of cordycepin by microorganisms].,2026,,review_narrative,F_review_only,Cordyceps_militaris,cordycepin,other,,direct,research_only,candidate,10.13345/j.cjb.260120,42773651,https://europepmc.org/article/MED/42773651,10_Evidence/2026-research-progress-in-synthesis-of-cordycepin-by-mi-42773651.md
c3573db7-fb1f-4aef-a236-1788e7cbdf48,8-OXO-Cordycepin Is Not a Suitable Substrate for Adenosine Deaminase-Preliminary Experimental and Theoretical Studies.,2025,,animal,C_animal,unclear,cordycepin,antioxidant,disease_language|preclinical_only,partial,research_only,needs_legal_review,10.3390/molecules30163377,40871530,https://europepmc.org/article/MED/40871530,10_Evidence/2025-8-oxo-cordycepin-is-not-a-suitable-substrate-for-a-40871530.md
20e80da9-86f8-4fa9-a62a-5149d57d4348,A Progressive Feature Learning Network for &lt;i&gt;Cordyceps sinensis&lt;/i&gt; Image Recognition.,2025,,animal,C_animal,Cordyceps_sinensis,unclear,other,disease_language|preclinical_only,extrapolated,research_only,needs_legal_review,10.3390/s25227082,41305288,https://europepmc.org/article/MED/41305288,10_Evidence/2025-a-progressive-feature-learning-network-for-lt-i-gt-41305288.md
49069e5b-e855-4bc0-ac3e-367665aecdfa,Altered stereostructures of the DNA-binding domains in the mutant mating proteins of Ophiocordyceps sinensis and the Cordyceps sinensis insect‒fungal complex,2025,bioRxiv (Cold Spring Harbor Laboratory),animal,C_animal,Cordyceps_sinensis,unclear,antioxidant,preclinical_only,extrapolated,research_only,candidate,10.1101/2025.06.26.661214,,https://doi.org/10.1101/2025.06.26.661214,10_Evidence/2025-altered-stereostructures-of-the-dna-binding-domain-10-1101-2025.md
41b7415d-4222-4829-9b96-89c618c12e12,"Anti-cancer effects of cordyceps sinensis, C. militaris and C. cicadae and their mechanisms of action",2025,Journal of Asian Natural Products Research,animal,C_animal,Cordyceps_sinensis,cordycepin,other,disease_language|preclinical_only,extrapolated,research_only,needs_legal_review,10.1080/10286020.2025.2497282,40372357,https://doi.org/10.1080/10286020.2025.2497282,10_Evidence/2025-anti-cancer-effects-of-cordyceps-sinensis-c-milita-40372357.md
327cd7de-4aae-481b-a791-681afb7deb37,Antifungal Efficacy of Cordyceps militaris-Mycometabolites Against Major Fungal Diseases of Withania somnifera.,2025,Journal of basic microbiology,animal,C_animal,Cordyceps_militaris,cordycepin,other,preclinical_only,direct,research_only,candidate,10.1002/jobm.70037,40254909,https://pubmed.ncbi.nlm.nih.gov/40254909/,10_Evidence/2025-antifungal-efficacy-of-cordyceps-militaris-mycomet-40254909.md
a942916a-21ba-417a-a27e-688630d34185,"Associations of hypoglycemic medications, cordycepin and vaccination with clinical outcomes in diabetic kidney disease patients with COVID-19.",2025,,observational_human,B_limited_human,unclear,cordycepin,antioxidant,disease_language,extrapolated,research_only,needs_legal_review,10.1080/0886022x.2025.2584572,41249056,https://europepmc.org/article/MED/41249056,10_Evidence/2025-associations-of-hypoglycemic-medications-cordycepi-41249056.md
1b4e0d4c-dd2f-4c50-9b60-8d59d1eeb836,"Conservation of Endangered Cordyceps sinensis Through Artificial Cultivation Strategies of C. militaris, an Alternate.",2025,,animal,C_animal,Cordyceps_sinensis,cordycepin,antioxidant,disease_language|preclinical_only,extrapolated,research_only,needs_legal_review,10.1007/s12033-024-01154-1,38658470,https://europepmc.org/article/MED/38658470,10_Evidence/2025-conservation-of-endangered-cordyceps-sinensis-thro-38658470.md
9f4d453a-e2a1-476b-9343-cb64e56bba72,"Cordycepin Inhibits Proliferation, Migration, and Promotes Apoptosis in Fibrosarcoma HT1080 Cells by Targeting Akt1 and Kinase Activity Through Network Pharmacology Analysis.",2025,,animal,C_animal,unclear,cordycepin,antioxidant,disease_language|preclinical_only,partial,research_only,needs_legal_review,10.1002/cbf.70103,40696800,https://europepmc.org/article/MED/40696800,10_Evidence/2025-cordycepin-inhibits-proliferation-migration-and-pr-40696800.md
4839f6f4-3ab0-4845-b9a5-e6c88bd66986,Cordycepin Mitigates Sepsis-Associated Encephalopathy by Promoting Microglial M2 Polarization via the IL-17a/IL-17RA/NF-κB Axis.,2025,Molecular neurobiology,animal,C_animal,Cordyceps_militaris,cordycepin,cognitive,disease_language|preclinical_only,direct,research_only,needs_legal_review,10.1016/j.ijbiomac.2024.130079,41254325,https://pubmed.ncbi.nlm.nih.gov/41254325/,10_Evidence/2025-cordycepin-mitigates-sepsis-associated-encephalopa-41254325.md
5fcc9b60-68ff-4e5b-863f-316c6ab27422,Cordycepin Mitigates Sepsis-Associated Encephalopathy by Promoting Microglial M2 Polarization via the IL-17a/IL-17RA/NF-κB Axis.,2025,,animal,C_animal,Cordyceps_militaris,cordycepin,cognitive,disease_language|preclinical_only,direct,research_only,needs_legal_review,10.1007/s12035-025-05399-y,41254325,https://europepmc.org/article/MED/41254325,10_Evidence/2025-cordycepin-mitigates-sepsis-associated-encephalopa-5fcc9b60.md
a6c9e404-8599-4b10-81da-3d2766cbb907,Cordycepin alleviates metabolic dysfunction-associated liver disease by restoring mitochondrial homeostasis and reducing oxidative stress via Parkin-mediated mitophagy.,2025,Biochemical pharmacology,animal,C_animal,unclear,cordycepin,metabolic,disease_language|preclinical_only,partial,research_only,needs_legal_review,10.1016/j.bcp.2025.116750,39793718,https://pubmed.ncbi.nlm.nih.gov/39793718/,10_Evidence/2025-cordycepin-alleviates-metabolic-dysfunction-associ-39793718.md
37597190-21cb-4f93-88c9-08e547cb8053,Cordycepin alleviates renal ischemia-reperfusion injury by suppressing the p38/JNK signaling pathway.,2025,,animal,C_animal,Cordyceps_sinensis,cordycepin,anti_inflammatory,preclinical_only,extrapolated,research_only,candidate,10.1016/j.intimp.2025.114264,39954658,https://europepmc.org/article/MED/39954658,10_Evidence/2025-cordycepin-alleviates-renal-ischemia-reperfusion-i-39954658.md
e9f20332-3500-42d0-8b1a-862fd812db3c,Cordycepin ameliorates autoimmunity by promoting STING degradation via autophagy pathway.,2025,British journal of pharmacology,animal,C_animal,unclear,cordycepin,immune,disease_language|preclinical_only,partial,research_only,needs_legal_review,10.1111/bph.17425,39675775,https://pubmed.ncbi.nlm.nih.gov/39675775/,10_Evidence/2025-cordycepin-ameliorates-autoimmunity-by-promoting-s-39675775.md
8f6f61c5-790d-4dfc-afcc-138dca8181bb,Cordycepin derived from engineered Pichia pastoris inhibits fibrosarcoma HT1080 cells by targeting Akt1 and kinase activity,2025,,animal,C_animal,unclear,cordycepin,antioxidant,disease_language|preclinical_only,partial,research_only,needs_legal_review,10.22541/au.173710998.89396227/v1,,https://doi.org/10.22541/au.173710998.89396227/v1,10_Evidence/2025-cordycepin-derived-from-engineered-pichia-pastoris-10-22541-au.md
8537a35c-d40d-49b6-99a9-26b66ee8ec9a,Cordycepin deteriorates 5' fluorouracil-induced anaemia by AMPK activation.,2025,European journal of pharmacology,animal,C_animal,Cordyceps_sinensis,cordycepin,metabolic,disease_language|preclinical_only,extrapolated,research_only,needs_legal_review,10.1016/j.ejphar.2025.178232,41082995,https://pubmed.ncbi.nlm.nih.gov/41082995/,10_Evidence/2025-cordycepin-deteriorates-5-fluorouracil-induced-ana-41082995.md
6bbc686c-d973-4bad-b37d-3cec9872a4c2,Cordycepin in cancer therapy: A bibliometric analysis and review of mechanisms.,2025,Journal of food and drug analysis,review_narrative,F_review_only,unclear,cordycepin,other,disease_language,partial,research_only,needs_legal_review,10.38212/2224-6614.3566,41525190,https://pubmed.ncbi.nlm.nih.gov/41525190/,10_Evidence/2025-cordycepin-in-cancer-therapy-a-bibliometric-analys-41525190.md
7dc077da-0806-435b-8b10-6ce66ac41b0d,"Cordycepin's therapeutic potential: in vivo transport, transbilayer diffusion and anti-aging effects.",2025,,animal,C_animal,unclear,cordycepin,antioxidant,disease_language|preclinical_only,partial,research_only,needs_legal_review,10.1002/jsfa.14220,40084500,https://europepmc.org/article/MED/40084500,10_Evidence/2025-cordycepin-s-therapeutic-potential-in-vivo-transpo-40084500.md
0d1f40d8-6c7b-469e-a997-23aeeea561dd,Cordycepin: a dual-function molecular element for aptamer engineering with enhanced anticancer activity.,2025,,animal,C_animal,Cordyceps_sinensis,cordycepin,other,disease_language|preclinical_only|species_mismatch,partial,research_only,needs_legal_review,10.1039/d5sc02571k,40599987,https://europepmc.org/article/MED/40599987,10_Evidence/2025-cordycepin-a-dual-function-molecular-element-for-a-40599987.md
71926b83-f1cf-4390-9a4f-b1ed48749316,Cordyceps Sinensis Reduces Inflammation and Protects BEAS-2B Cells From LPS-Induced THP-1 Cell Injury.,2025,,animal,C_animal,Cordyceps_sinensis,cordyceps_extract,immune,disease_language|preclinical_only,extrapolated,research_only,needs_legal_review,10.2147/jir.s508098,40125085,https://europepmc.org/article/MED/40125085,10_Evidence/2025-cordyceps-sinensis-reduces-inflammation-and-protec-40125085.md
430d6b2d-4b13-4fbb-b238-c1aca265086e,"Cordyceps militaris alleviates COPD by regulating amino acid metabolism, gut microbiota and short chain fatty acids.",2025,Journal of ethnopharmacology,animal,C_animal,Cordyceps_militaris,unclear,respiratory,disease_language|preclinical_only,partial,research_only,needs_legal_review,10.1016/j.jep.2025.119701,40147677,https://pubmed.ncbi.nlm.nih.gov/40147677/,10_Evidence/2025-cordyceps-militaris-alleviates-copd-by-regulating--40147677.md
7c90354b-7e83-4a94-a7f6-3b367edae98b,Cordyceps militaris extract and cordycepin ameliorate LPS-challenged colonic damage in piglets by modulating the microbiota and metabolite profiles.,2025,Frontiers in immunology,animal,C_animal,Cordyceps_militaris,cordycepin,immune,disease_language|preclinical_only,direct,research_only,needs_legal_review,10.1016/j.chom.2018.05.003,40129987,https://pubmed.ncbi.nlm.nih.gov/40129987/,10_Evidence/2025-cordyceps-militaris-extract-and-cordycepin-amelior-40129987.md
45fc8ec5-3c8c-4c11-b48a-297f91ca8515,Cordyceps militaris-Derived Bioactive Gels: Therapeutic and Anti-Aging Applications in Dermatology.,2025,"Gels (Basel, Switzerland)",animal,C_animal,Cordyceps_militaris,cordycepin,antioxidant,disease_language|preclinical_only,direct,research_only,needs_legal_review,10.1097/jw9.0000000000000156,39852004,https://pubmed.ncbi.nlm.nih.gov/39852004/,10_Evidence/2025-cordyceps-militaris-derived-bioactive-gels-therape-39852004.md
b58873f8-6fdb-4a38-8510-bfb65b96c526,"Cordyceps sinensis (CS) Alleviates Chronic Obstructive Pulmonary Disease Symptoms (COPD) by Targeting Inflammation, Apoptosis, and Oxidative Stress Through Ingredient-Gene-Disease Interaction.",2025,,animal,C_animal,Cordyceps_sinensis,cordycepin,antioxidant,disease_language|preclinical_only,extrapolated,research_only,needs_legal_review,10.1002/iid3.70306,41397932,https://europepmc.org/article/MED/41397932,10_Evidence/2025-cordyceps-sinensis-cs-alleviates-chronic-obstructi-41397932.md
8b9ef7fe-0850-407f-accb-89a818b77e53,Development of an adenosine deaminase-resistant cordycepin prodrug activated by Pseudomonas carboxypeptidase G2.,2025,,animal,C_animal,unclear,cordycepin,other,disease_language|preclinical_only,partial,research_only,needs_legal_review,10.1016/j.bioorg.2025.108596,40403498,https://europepmc.org/article/MED/40403498,10_Evidence/2025-development-of-an-adenosine-deaminase-resistant-co-40403498.md
24c49e0f-3be5-4198-b8dd-b8ee17cb621b,Effect of Cordyceps militaris Residue and Lactiplantibacillus plantarum on Fermentation Quality and Bacterial Community of Alfalfa Silage.,2025,Microorganisms,unclear,F_review_only,Cordyceps_militaris,unclear,other,disease_language,partial,research_only,needs_legal_review,10.3390/fermentation10050242,40871423,https://pubmed.ncbi.nlm.nih.gov/40871423/,10_Evidence/2025-effect-of-cordyceps-militaris-residue-and-lactipla-40871423.md
26fd02a6-7d7a-40de-a2c8-da9ee4868b7a,Effect of Cordyceps militaris extract containing cordycepin on the adipogenesis and lipolysis of adipocytes.,2025,FEBS open bio,rct,A_human_RCT,Cordyceps_militaris,cordycepin,energy_fatigue,disease_language,direct,research_only,needs_legal_review,10.1002/2211-5463.13930,39572891,https://pubmed.ncbi.nlm.nih.gov/39572891/,10_Evidence/2025-effect-of-cordyceps-militaris-extract-containing-c-39572891.md
ae245634-be18-44c4-81e5-0c3b96e8191f,Effect of Wheat Flour Substitution with Medicinal Mushroom Powder on Protein and Starch Digestibility and Functional Properties of Bread.,2025,,animal,C_animal,Cordyceps_sinensis,unclear,antioxidant,preclinical_only,extrapolated,research_only,candidate,10.3390/molecules30224380,41302438,https://europepmc.org/article/MED/41302438,10_Evidence/2025-effect-of-wheat-flour-substitution-with-medicinal--41302438.md
2f0fee84-275f-431b-9f46-773d21a53c84,Effectiveness of fermentation broth of &lt;i&gt;Cordyceps sinensis&lt;/i&gt; for primary insomnia: a randomized clinical trial with digital health tool.,2025,,rct,A_human_RCT,Cordyceps_sinensis,cordycepin,respiratory,disease_language,extrapolated,research_only,needs_legal_review,10.3389/fneur.2025.1555010,40726627,https://europepmc.org/article/MED/40726627,10_Evidence/2025-effectiveness-of-fermentation-broth-of-lt-i-gt-cor-40726627.md
b8ce95b8-9625-478a-8925-2f07f503ba4c,"Effects of fungal supplementation on endurance, immune function, and hematological profiles in adult athletes: a systematic review and meta-analysis.",2025,,systematic_review,F_review_only,Cordyceps_sinensis,cordyceps_extract,exercise_performance,disease_language,extrapolated,research_only,needs_legal_review,10.3389/fnut.2025.1670416,41280379,https://europepmc.org/article/MED/41280379,10_Evidence/2025-effects-of-fungal-supplementation-on-endurance-imm-41280379.md
609c9bc8-1426-4302-88a6-f4af7bfb5ad9,Enhancing Cordyceps Sinensis shelf life: The role of liquid nitrogen spray freezing in maintaining hypha structure and reducing metabolic degradation.,2025,,animal,C_animal,Cordyceps_sinensis,cordycepin,antioxidant,disease_language|preclinical_only,extrapolated,research_only,needs_legal_review,10.1016/j.foodchem.2025.142982,39855073,https://europepmc.org/article/MED/39855073,10_Evidence/2025-enhancing-cordyceps-sinensis-shelf-life-the-role-o-39855073.md
04cd256c-81e8-438e-85e2-b0b41af7f9b3,Enhancing the physicochemical and textural properties of goat milk yogurt using Cordyceps militaris polysaccharide and polymerized whey protein composite hydrogels,2025,,animal,C_animal,Cordyceps_militaris,unclear,antioxidant,preclinical_only,partial,research_only,candidate,,,,10_Evidence/2025-enhancing-the-physicochemical-and-textural-propert-04cd256c-81e.md
59b4b6fc-6521-4915-bd22-4aac8f63b2e7,Evaluation of antidepressant and sleep-promoting effects of cordycepin in a menopause-like stress model.,2025,Biomedicine & pharmacotherapy = Biomedecine & pharmacotherapie,animal,C_animal,Cordyceps_militaris,cordycepin,cognitive,disease_language|preclinical_only,direct,research_only,needs_legal_review,10.1016/j.biopha.2025.118766,41223765,https://pubmed.ncbi.nlm.nih.gov/41223765/,10_Evidence/2025-evaluation-of-antidepressant-and-sleep-promoting-e-41223765.md
5c7c3cca-1f91-40f4-a845-6bd7e8ccedc8,Evidence to support cultivated fruiting body of Ophiocordyceps sinensis (Ascomycota)'s role in relaxing airway smooth muscle.,2025,,animal,C_animal,Cordyceps_sinensis,cordycepin,respiratory,disease_language|preclinical_only,extrapolated,research_only,needs_legal_review,10.1016/j.jep.2024.118727,39182700,https://europepmc.org/article/MED/39182700,10_Evidence/2025-evidence-to-support-cultivated-fruiting-body-of-op-39182700.md
fdb19182-8495-424b-bf9d-934414890f71,Exploring Cordycepin as a Neuroprotective Agent in Huntington's Disease: In Vitro and In Vivo Insights.,2025,,animal,C_animal,Cordyceps_sinensis,cordycepin,cognitive,disease_language|preclinical_only,extrapolated,research_only,needs_legal_review,10.1002/prp2.70091,40202221,https://europepmc.org/article/MED/40202221,10_Evidence/2025-exploring-cordycepin-as-a-neuroprotective-agent-in-40202221.md
9f202876-c68d-4e74-a9ea-c685dae2f306,Exploring the mechanism of Kanglixin capsules in the treatment of non-small cell lung cancer based on network pharmacology and molecular docking.,2025,,animal,C_animal,unclear,unclear,respiratory,disease_language|preclinical_only,extrapolated,research_only,needs_legal_review,10.1097/md.0000000000044768,41029040,https://europepmc.org/article/MED/41029040,10_Evidence/2025-exploring-the-mechanism-of-kanglixin-capsules-in-t-41029040.md
3503c450-94e0-4379-8039-24e3a3afb713,Flavorzyme Hydrolyzed &lt;i&gt;Cordyceps militaris&lt;/i&gt; Mushroom Enhanced Quality and Functional Properties of Chicken Breast Meat during Storage.,2025,,animal,C_animal,Cordyceps_militaris,cordyceps_extract,antioxidant,disease_language|preclinical_only,partial,research_only,needs_legal_review,10.5851/kosfa.2024.e127,41821537,https://europepmc.org/article/MED/41821537,10_Evidence/2025-flavorzyme-hydrolyzed-lt-i-gt-cordyceps-militaris--41821537.md
d00a2cd3-5283-4ddc-a84b-a67120021b0b,"Functional Characterization of a β-1,3-Glucanosyltransferase <i>CmGel4</i> in <i>Cordyceps militaris</i> Using a Precise CRISPR-Cas9 Genome-Editing System.",2025,,animal,C_animal,Cordyceps_militaris,unclear,immune,disease_language|preclinical_only,partial,research_only,needs_legal_review,10.1021/acs.jafc.5c08653,41363172,https://europepmc.org/article/MED/41363172,10_Evidence/2025-functional-characterization-of-a-1-3-glucanosyltra-41363172.md
34a27a5a-fee2-4ec8-ac76-7f2b957d8cb5,Fungal Bioactive Compounds as Emerging Therapeutic Options for Age-Related Neurodegenerative Disorders.,2025,,animal,C_animal,unclear,unclear,cognitive,disease_language|preclinical_only,extrapolated,research_only,needs_legal_review,10.3390/ijms26104800,40429941,https://europepmc.org/article/MED/40429941,10_Evidence/2025-fungal-bioactive-compounds-as-emerging-therapeutic-40429941.md
4ace3676-1423-417f-ab81-8a53347ceeea,Fungal pathogen promotes caterpillar feeding and weight gain using a host-like trehalase.,2025,Current biology : CB,unclear,F_review_only,Cordyceps_militaris,unclear,other,disease_language,partial,research_only,needs_legal_review,10.1016/j.cub.2025.06.002,40580961,https://pubmed.ncbi.nlm.nih.gov/40580961/,10_Evidence/2025-fungal-pathogen-promotes-caterpillar-feeding-and-w-40580961.md
be3d5437-2f73-4bb9-b8f1-cb82492d8722,Further Confirmation of the Structure of 3'-(2-Pyridyldithio)-3'-deoxyadenosine and 3'-Thio-3'-deoxyadenosine: Synthetic Convergence with Cordycepin.,2025,The Journal of organic chemistry,animal,C_animal,unclear,cordycepin,other,preclinical_only,partial,research_only,candidate,10.1021/acs.joc.5c00954,40557811,https://pubmed.ncbi.nlm.nih.gov/40557811/,10_Evidence/2025-further-confirmation-of-the-structure-of-3-2-pyrid-40557811.md
f47dd40c-3ecf-4721-9f65-85825ed383f7,Future Habitat Shifts and Economic Implications for &lt;i&gt;Ophiocordyceps sinensis&lt;/i&gt; Under Climate Change.,2025,,animal,C_animal,Cordyceps_sinensis,unclear,other,preclinical_only,extrapolated,research_only,candidate,10.1002/ece3.71327,40270803,https://europepmc.org/article/MED/40270803,10_Evidence/2025-future-habitat-shifts-and-economic-implications-fo-40270803.md
ce4c0255-3098-4e3f-8bb9-7b45e44651a9,Ginsenoside F2-modified liposomes delivering FTY720 enhance glioblastoma targeting and antitumor activity via ferroptosis.,2025,Phytomedicine : international journal of phytotherapy and phytopharmacology,animal,C_animal,Cordyceps_sinensis,cordyceps_extract,antioxidant,disease_language|preclinical_only,extrapolated,research_only,needs_legal_review,10.1016/j.phymed.2025.156917,40480023,https://pubmed.ncbi.nlm.nih.gov/40480023/,10_Evidence/2025-ginsenoside-f2-modified-liposomes-delivering-fty72-40480023.md
73231b53-5007-472f-ae71-34a241d65785,Impact of <i>Cordyceps sinensis</i> on coronary computed tomography angiography image quality and renal function in a beagle model of renal impairment.,2025,,animal,C_animal,Cordyceps_sinensis,unclear,other,preclinical_only,extrapolated,research_only,candidate,10.3389/fphar.2025.1538916,39944630,https://europepmc.org/article/MED/39944630,10_Evidence/2025-impact-of-i-cordyceps-sinensis-i-on-coronary-compu-39944630.md
dcbfddd5-d9ee-4efa-bee0-710cac8f4741,Improved Nucleoside (2'-Deoxy)Ribosyltransferases Maximize Enzyme Promiscuity while Maintaining Catalytic Efficiency.,2025,,animal,C_animal,unclear,cordycepin,antioxidant,disease_language|preclinical_only,partial,research_only,needs_legal_review,10.1021/acschembio.5c00120,41108030,https://europepmc.org/article/MED/41108030,10_Evidence/2025-improved-nucleoside-2-deoxy-ribosyltransferases-ma-41108030.md
a5f030f6-85e7-4600-8094-bfa3df291fd4,Improved nucleoside (2’-deoxy)ribosyltransferases maximize enzyme promiscuity while maintaining catalytic efficiency,2025,,animal,C_animal,unclear,cordycepin,antioxidant,disease_language|preclinical_only,partial,research_only,needs_legal_review,10.1101/2025.03.05.641663,,https://doi.org/10.1101/2025.03.05.641663,10_Evidence/2025-improved-nucleoside-2-deoxy-ribosyltransferases-ma-10-1101-2025.md
c4680275-78dc-43af-9432-342ba594af8b,Influence of Culture Conditions on Bioactive Compounds in Cordyceps militaris: A Comprehensive Review.,2025,"Foods (Basel, Switzerland)",review_narrative,F_review_only,Cordyceps_militaris,cordycepin,other,disease_language,direct,research_only,needs_legal_review,10.1046/j.1365-2672.2003.01754.x,41097576,https://pubmed.ncbi.nlm.nih.gov/41097576/,10_Evidence/2025-influence-of-culture-conditions-on-bioactive-compo-c4680275.md
89054168-06a5-481a-be8c-2e52e6842b8a,Integrated transcriptomic and metabolomic analysis reveals stage-associated molecular profiles in Ophiocordyceps sinensis.,2025,,animal,C_animal,Cordyceps_sinensis,unclear,antioxidant,preclinical_only,extrapolated,research_only,candidate,10.1186/s12864-025-11869-3,40836216,https://europepmc.org/article/MED/40836216,10_Evidence/2025-integrated-transcriptomic-and-metabolomic-analysis-40836216.md
b220d374-160a-4b6d-99a6-bc30dd11d723,Integrating Network Pharmacology and Optimization of Preparation Methods to Enhance the Anticancer Effect of Cordyceps militaris on Lung Cancer.,2025,Anticancer research,animal,C_animal,Cordyceps_militaris,cordycepin,respiratory,disease_language|preclinical_only,direct,research_only,needs_legal_review,10.21873/anticanres.17663,40578945,https://pubmed.ncbi.nlm.nih.gov/40578945/,10_Evidence/2025-integrating-network-pharmacology-and-optimization--40578945.md
9e67658d-1140-43ce-8524-6f4704c0d33c,"Macromycete Edible Fungi as a Functional Poultry Feed Additive: Influence on Health, Welfare, Eggs, and Meat Quality-Review.",2025,,review_narrative,F_review_only,unclear,unclear,cognitive,disease_language,extrapolated,research_only,needs_legal_review,10.3390/molecules30153241,40807416,https://europepmc.org/article/MED/40807416,10_Evidence/2025-macromycete-edible-fungi-as-a-functional-poultry-f-40807416.md
e94446e5-bce6-4bfd-9cb8-6a73f45c9941,Maintaining the Quality and Nutritional Integrity of Chilled &lt;i&gt;Cordyceps sinensis&lt;/i&gt;: Comparative Effects and Mechanisms of Modified Atmosphere Packaging and UV-Based Interventions.,2025,,animal,C_animal,Cordyceps_sinensis,cordycepin,energy_fatigue,disease_language|preclinical_only,extrapolated,research_only,needs_legal_review,10.3390/foods14152611,40807548,https://europepmc.org/article/MED/40807548,10_Evidence/2025-maintaining-the-quality-and-nutritional-integrity--40807548.md
3caba834-9c1b-46fe-b294-91086d7eb65b,Multilayered regulation of autophagy-related protein kinase in Cordyceps militaris.,2025,International journal of biological macromolecules,animal,C_animal,Cordyceps_militaris,cordycepin,metabolic,preclinical_only,direct,research_only,candidate,10.1016/j.ijbiomac.2025.143523,40324504,https://pubmed.ncbi.nlm.nih.gov/40324504/,10_Evidence/2025-multilayered-regulation-of-autophagy-related-prote-40324504.md
35e66271-1395-471f-a6d1-9070b535c293,Multiomics Provides a New Understanding of the Effect of Temperature Change on the Fermentation Quality of &lt;i&gt;Ophiocordyceps sinensis&lt;/i&gt;.,2025,,animal,C_animal,Cordyceps_sinensis,unclear,antioxidant,preclinical_only,extrapolated,research_only,candidate,10.3390/jof11060403,40558916,https://europepmc.org/article/MED/40558916,10_Evidence/2025-multiomics-provides-a-new-understanding-of-the-eff-40558916.md
4035f536-5498-4a1a-b1c3-d0525e6b013c,New insights of rotenone targeting cordycepin synthetase 1-cordycepin synthetase 2-glyceraldehyde-3-phosphate dehydrogenase (Cns1-Cns2-GAPDH) triple complex to enhance cordycepin synthesis in Cordyceps militaris.,2025,,unclear,F_review_only,Cordyceps_militaris,cordycepin,energy_fatigue,disease_language,direct,research_only,needs_legal_review,10.1016/j.ijbiomac.2025.148689,41187848,https://europepmc.org/article/MED/41187848,10_Evidence/2025-new-insights-of-rotenone-targeting-cordycepin-synt-41187848.md
4a741f29-f3ef-452d-8994-939d32d16e5e,Non-Targeted Metabolomics Reveals the Effects of Different Light Cycles on &lt;i&gt;Samsoniella hepiali&lt;/i&gt;.,2025,,unclear,F_review_only,unclear,unclear,antioxidant,disease_language,extrapolated,research_only,needs_legal_review,10.3390/biology14121745,41463518,https://europepmc.org/article/MED/41463518,10_Evidence/2025-non-targeted-metabolomics-reveals-the-effects-of-d-41463518.md
cc45a419-f840-45a3-9a72-30155465d885,"Novel advanced nanoliposomes incorporating adenosine, cordycepin from riched-Cordyceps militaris extract, and curcumin: Formulation, stability, in vitro digestion, and enhanced biological activities",2025,,animal,C_animal,Cordyceps_militaris,cordycepin,antioxidant,disease_language|preclinical_only,direct,research_only,needs_legal_review,,,,10_Evidence/2025-novel-advanced-nanoliposomes-incorporating-adenosi-cc45a419-f84.md
c5383710-0f9c-4916-93cd-e98e446db607,"Novel double nanoemulsion loading of &lt;i&gt;Cordyceps militaris&lt;/i&gt; extract: formulation, stability, &lt;i&gt;in vitro&lt;/i&gt; digestion, and &lt;i&gt;in vivo&lt;/i&gt; evaluation for regulation of acute lipid disorders.",2025,,rct,A_human_RCT,Cordyceps_militaris,cordycepin,metabolic,,direct,research_only,candidate,10.1039/d5fo03188e,41190423,https://europepmc.org/article/MED/41190423,10_Evidence/2025-novel-double-nanoemulsion-loading-of-lt-i-gt-cordy-41190423.md
657a49a4-ac92-473b-b692-461cf402e0a2,Soy Sauce Fermentation with Cordyceps militaris: Process Optimization and Functional Profiling.,2025,"Foods (Basel, Switzerland)",animal,C_animal,Cordyceps_militaris,cordycepin,other,preclinical_only,direct,research_only,candidate,10.3390/metabo13010053,40807648,https://pubmed.ncbi.nlm.nih.gov/40807648/,10_Evidence/2025-soy-sauce-fermentation-with-cordyceps-militaris-pr-40807648.md
c15e8165-44a7-4dc3-8ac8-daeaef700583,Strain improvement of Cordyceps militaris for optimized bioactive metabolite biosynthesis: current progress and prospective approaches.,2025,Antonie van Leeuwenhoek,animal,C_animal,Cordyceps_militaris,cordycepin,antioxidant,disease_language|preclinical_only,direct,research_only,needs_legal_review,10.1155/2018/9150807,41032156,https://pubmed.ncbi.nlm.nih.gov/41032156/,10_Evidence/2025-strain-improvement-of-cordyceps-militaris-for-opti-41032156.md
18ced5a0-d84d-4f2c-b9d6-295ab7f0f10b,Telomere-to-Telomere Assembly of the &lt;i&gt;Cordyceps militaris&lt;/i&gt; CH1 Genome and Integrated Transcriptomic and Metabolomic Analyses Provide New Insights into Cordycepin Biosynthesis Under Light Stress.,2025,,animal,C_animal,Cordyceps_militaris,cordycepin,immune,disease_language|preclinical_only,direct,research_only,needs_legal_review,10.3390/jof11060461,40558975,https://europepmc.org/article/MED/40558975,10_Evidence/2025-telomere-to-telomere-assembly-of-the-lt-i-gt-cordy-40558975.md
d3079ccb-e7a0-4a05-98a6-10660a724bbe,"The Conservation Crisis of &lt;i&gt;Ophiocordyceps sinensis&lt;/i&gt;: Strategies, Challenges, and Sustainable Future of Artificial Cultivation.",2025,,animal,C_animal,Cordyceps_sinensis,unclear,other,disease_language|preclinical_only,extrapolated,research_only,needs_legal_review,10.3390/jof11120892,41440717,https://europepmc.org/article/MED/41440717,10_Evidence/2025-the-conservation-crisis-of-lt-i-gt-ophiocordyceps--41440717.md
09e8af3f-e5b7-4568-8b1a-357392e3bc9f,The Electronic Properties of Cordycepin in the Adenine Nucleoside Landscape: A Theoretical Approach.,2025,,animal,C_animal,unclear,cordycepin,antioxidant,disease_language|preclinical_only,partial,research_only,needs_legal_review,10.3390/molecules30112289,40509177,https://europepmc.org/article/MED/40509177,10_Evidence/2025-the-electronic-properties-of-cordycepin-in-the-ade-40509177.md
b8e506f2-c26a-4559-a1ae-9806f3838cde,"The Genus &lt;i&gt;Cordyceps&lt;/i&gt; Sensu Lato: Their Chemical Constituents, Biological Activities, and Therapeutic Effects on Air Pollutants Related to Lung and Vascular Diseases.",2025,,animal,C_animal,unclear,cordycepin,respiratory,disease_language|preclinical_only,extrapolated,research_only,needs_legal_review,10.3390/life15060935,40566586,https://europepmc.org/article/MED/40566586,10_Evidence/2025-the-genus-lt-i-gt-cordyceps-lt-i-gt-sensu-lato-the-40566586.md
7729a0b5-50f1-4a89-8479-9cf54105b27f,The Velvet protein vea: a key positive regulator of growth and cordycepin biosynthesis in Cordyceps militaris.,2025,,animal,C_animal,unclear,cordycepin,other,preclinical_only,extrapolated,research_only,candidate,10.1186/s12934-025-02897-5,41372937,https://europepmc.org/article/MED/41372937,10_Evidence/2025-the-velvet-protein-vea-a-key-positive-regulator-of-41372937.md
6f1bbd06-416e-4bee-8e41-5037662c76ae,Untargeted Metabolomics-Based Characterization of the Metabolic Profile and Antioxidant Activity of &lt;i&gt;Ophiocordyceps sinensis&lt;/i&gt; and Its Substitutes.,2025,,animal,C_animal,Cordyceps_sinensis,unclear,antioxidant,preclinical_only,extrapolated,research_only,candidate,10.3390/jof11100740,41149930,https://europepmc.org/article/MED/41149930,10_Evidence/2025-untargeted-metabolomics-based-characterization-of--41149930.md
2480cb72-ca87-4144-9495-32d54ba04433,<i>Cordyceps</i> Polysaccharides: A Review of Their Immunomodulatory Effects.,2024,,review_narrative,F_review_only,Cordyceps_sinensis,cordycepin,immune,disease_language,extrapolated,research_only,needs_legal_review,10.3390/molecules29215107,39519748,https://europepmc.org/article/MED/39519748,10_Evidence/2024-i-cordyceps-i-polysaccharides-a-review-of-their-im-39519748.md
02fa7fb5-c30e-42c2-814d-f4c5c34f30ba,A Hirsutella sinensis Alcohol Extract Exerts Bidirectional Immunoregulatory Effects by Regulating Macrophage Polarization.,2024,Journal of agricultural and food chemistry,animal,C_animal,Cordyceps_sinensis,cordyceps_extract,immune,disease_language|preclinical_only,extrapolated,research_only,needs_legal_review,10.1021/acs.jafc.4c04575,39253862,https://pubmed.ncbi.nlm.nih.gov/39253862/,10_Evidence/2024-a-hirsutella-sinensis-alcohol-extract-exerts-bidir-39253862.md
40a1bb01-5956-4838-88c0-58d7980ec640,"A novel betapartitivirus isolated from Cordyceps militaris, an edible-medicinal mushroom.",2024,Archives of virology,unclear,F_review_only,Cordyceps_militaris,unclear,other,,partial,research_only,candidate,10.1007/s11262-023-01972-6,38972922,https://pubmed.ncbi.nlm.nih.gov/38972922/,10_Evidence/2024-a-novel-betapartitivirus-isolated-from-cordyceps-m-38972922.md
e7cb9c67-35b4-4238-8064-3df58336ef57,A novel complementary pathway of cordycepin biosynthesis in Cordyceps militaris.,2024,International microbiology : the official journal of the Spanish Society for Microbiology,animal,C_animal,Cordyceps_militaris,cordycepin,antioxidant,preclinical_only,direct,research_only,candidate,10.1089/acm.1998.4.3-289,37987892,https://pubmed.ncbi.nlm.nih.gov/37987892/,10_Evidence/2024-a-novel-complementary-pathway-of-cordycepin-biosyn-37987892.md
ecb1ba0d-476e-4a58-a281-eac33850ff3b,A novel exosome-like nanovesicles from Cordyceps militaris potentiate immunomodulatory and anti-tumor effect by reprogramming macrophages.,2024,Life sciences,animal,C_animal,Cordyceps_militaris,unclear,immune,disease_language|preclinical_only,partial,research_only,needs_legal_review,10.1016/j.lfs.2024.123163,39442867,https://pubmed.ncbi.nlm.nih.gov/39442867/,10_Evidence/2024-a-novel-exosome-like-nanovesicles-from-cordyceps-m-39442867.md
29b66c2a-2f97-44b8-a77b-4ef79de1fd10,A review on polysaccharide biosynthesis in Cordyceps militaris.,2024,International journal of biological macromolecules,review_narrative,F_review_only,Cordyceps_militaris,cordyceps_extract,antioxidant,disease_language,partial,research_only,needs_legal_review,10.1016/j.ijbiomac.2024.129336,38224811,https://pubmed.ncbi.nlm.nih.gov/38224811/,10_Evidence/2024-a-review-on-polysaccharide-biosynthesis-in-cordyce-38224811.md
e1fc68cf-a760-4b63-9404-ba0cdaba1695,A toxicological assessment of Ganoderma lucidum and Cordyceps militaris mushroom powders.,2024,Frontiers in toxicology,animal,C_animal,Cordyceps_militaris,unclear,other,preclinical_only,partial,research_only,candidate,10.3389/fbioe.2021.801721,39539985,https://pubmed.ncbi.nlm.nih.gov/39539985/,10_Evidence/2024-a-toxicological-assessment-of-ganoderma-lucidum-an-39539985.md
3faaeb8e-47b1-4d50-8103-8be20fec68c2,Advancing Cordyceps militaris Industry: Gene Manipulation and Sustainable Biotechnological Strategies.,2024,"Bioengineering (Basel, Switzerland)",animal,C_animal,Cordyceps_militaris,cordycepin,other,preclinical_only,direct,research_only,candidate,10.1016/j.copbio.2023.102939,39199741,https://pubmed.ncbi.nlm.nih.gov/39199741/,10_Evidence/2024-advancing-cordyceps-militaris-industry-gene-manipu-39199741.md
fdd51b43-1767-4351-a552-ef345582a458,Alanine supplementation enhancing cordycepin production in Cordyceps militaris via upregulation of Cns2 and Cns3 genes expression levels.,2024,Journal of food and drug analysis,animal,C_animal,Cordyceps_militaris,cordycepin,other,preclinical_only,direct,research_only,candidate,10.38212/2224-6614.3529,39752865,https://pubmed.ncbi.nlm.nih.gov/39752865/,10_Evidence/2024-alanine-supplementation-enhancing-cordycepin-produ-39752865.md
fe6ca786-6b12-42ae-a863-fef8db0e6e6f,Amelioration of hyperuricemia by cordycepin and Cordyceps militaris aqueous extract in mice via modulating gut microbiota and restoring metabolic profile.,2024,Journal of pharmaceutical and biomedical analysis,animal,C_animal,Cordyceps_militaris,cordycepin,metabolic,disease_language|preclinical_only,direct,research_only,needs_legal_review,10.1016/j.jpba.2024.116368,39024793,https://pubmed.ncbi.nlm.nih.gov/39024793/,10_Evidence/2024-amelioration-of-hyperuricemia-by-cordycepin-and-co-39024793.md
f7858bfa-8e79-435e-a2e0-6c3df3872d35,An <i>in vitro</i> evaluation of the cytotoxic potential of medicinal mushrooms against human breast cancer cell lines.,2024,,animal,C_animal,Cordyceps_sinensis,cordyceps_extract,immune,disease_language|preclinical_only,extrapolated,research_only,needs_legal_review,10.2478/aiht-2024-75-3915,39718091,https://europepmc.org/article/MED/39718091,10_Evidence/2024-an-i-in-vitro-i-evaluation-of-the-cytotoxic-potent-39718091.md
e53f1ac4-9739-4f56-9c84-3f73d214d2c0,"Analysis of Metabolic Profiles and Antioxidant Activity of Chinese Cordyceps, Ophiocordyceps sinensis, and Paecilomyces hepiali Based on Untargeted Metabolomics",2024,Biology,animal,C_animal,Cordyceps_sinensis,unclear,antioxidant,preclinical_only,extrapolated,research_only,candidate,10.3390/biology13090683,39336110,https://doi.org/10.3390/biology13090683,10_Evidence/2024-analysis-of-metabolic-profiles-and-antioxidant-act-39336110.md
9b9c1712-b8a1-43fb-a645-51969500f251,Application and research progress of cordycepin in the treatment of tumours (Review).,2024,Molecular medicine reports,review_narrative,F_review_only,Cordyceps_sinensis,cordycepin,other,disease_language|species_mismatch,partial,research_only,needs_legal_review,10.1038/s41418-019-0352-3,38994776,https://pubmed.ncbi.nlm.nih.gov/38994776/,10_Evidence/2024-application-and-research-progress-of-cordycepin-in-38994776.md
5ba15e4b-8624-45b7-88ce-9ffbd7b30840,Application and research progress of cordycepin in the treatment of tumours (Review).,2024,,review_narrative,F_review_only,unclear,cordycepin,other,disease_language,extrapolated,research_only,needs_legal_review,10.3892/mmr.2024.13285,38994776,https://europepmc.org/article/MED/38994776,10_Evidence/2024-application-and-research-progress-of-cordycepin-in-5ba15e4b.md
9c514cad-19da-4025-b293-2a29571f1ff4,Beet supplementation mitigates post-exercise inflammation.,2024,Frontiers in nutrition,rct,A_human_RCT,Cordyceps_sinensis,cordyceps_extract,exercise_performance,,extrapolated,research_only,candidate,10.1002/jlb.2mr0220-549r,38873567,https://pubmed.ncbi.nlm.nih.gov/38873567/,10_Evidence/2024-beet-supplementation-mitigates-post-exercise-infla-38873567.md
79db0ab1-91fd-4367-bbfe-e6fd138acedb,Biodegradable bio-film based on Cordyceps militaris and metal-organic frameworks for fruit preservation.,2024,International journal of biological macromolecules,animal,C_animal,Cordyceps_militaris,unclear,antioxidant,preclinical_only,partial,research_only,candidate,10.1016/j.ijbiomac.2024.130095,38346621,https://pubmed.ncbi.nlm.nih.gov/38346621/,10_Evidence/2024-biodegradable-bio-film-based-on-cordyceps-militari-38346621.md
8e2f511c-23cc-4101-8247-96fb4ed18449,Coffee with Cordyceps militaris and Hericium erinaceus Fruiting Bodies as a Source of Essential Bioactive Substances.,2024,"Pharmaceuticals (Basel, Switzerland)",unclear,F_review_only,Cordyceps_militaris,unclear,other,,partial,research_only,candidate,10.1007/s00253-008-1589-9,39065803,https://pubmed.ncbi.nlm.nih.gov/39065803/,10_Evidence/2024-coffee-with-cordyceps-militaris-and-hericium-erina-39065803.md
5dd86568-3fb8-4774-a280-2ec393bb24c2,Comparison of cultivated Cordyceps militaris and wild Ophiocordyceps sinensis using high-performance thin-layer chromatography,2024,Research Journal of Biotechnology,animal,C_animal,Cordyceps_sinensis,cordycepin,exercise_performance,preclinical_only,extrapolated,research_only,candidate,10.25303/1912rjbt1630170,,https://doi.org/10.25303/1912rjbt1630170,10_Evidence/2024-comparison-of-cultivated-cordyceps-militaris-and-w-10-25303-191.md
b0178806-3a37-4209-bba2-46b3871069d8,Construction of a New Agrobacterium tumefaciens-Mediated Transformation System based on a Dual Auxotrophic Approach in Cordyceps militaris.,2024,Journal of microbiology and biotechnology,animal,C_animal,Cordyceps_militaris,unclear,other,preclinical_only,partial,research_only,candidate,10.1111/1751-7915.14107,38563100,https://pubmed.ncbi.nlm.nih.gov/38563100/,10_Evidence/2024-construction-of-a-new-agrobacterium-tumefaciens-me-38563100.md
0438acf3-db0c-42b0-9381-05cc7dd14585,Cordycepin inhibits kidney injury by regulating GSK-3β-mediated Nrf2 activation.,2024,Journal of biochemical and molecular toxicology,animal,C_animal,Cordyceps_sinensis,cordycepin,other,disease_language|preclinical_only,extrapolated,research_only,needs_legal_review,10.1002/jbt.23600,38014886,https://pubmed.ncbi.nlm.nih.gov/38014886/,10_Evidence/2024-cordycepin-inhibits-kidney-injury-by-regulating-gs-38014886.md
71f03648-2c59-4fef-902e-96a3f705584d,Cordyceps Polysaccharides: A Review of Their Immunomodulatory Effects.,2024,"Molecules (Basel, Switzerland)",review_narrative,F_review_only,mixed,cordycepin,immune,disease_language|species_mismatch,direct,research_only,needs_legal_review,10.1089/jmf.2011.1575,39519748,https://pubmed.ncbi.nlm.nih.gov/39519748/,10_Evidence/2024-cordyceps-polysaccharides-a-review-of-their-immuno-39519748.md
802caf37-ea88-4ab6-8810-31e70c3403d9,"Cordyceps militaris Extract and Cordycepin Alleviate Oxidative Stress, Modulate Gut Microbiota and Ameliorate Intestinal Damage in LPS-Induced Piglets.",2024,"Antioxidants (Basel, Switzerland)",animal,C_animal,Cordyceps_militaris,cordycepin,antioxidant,preclinical_only,direct,research_only,candidate,10.3389/fphar.2020.01036,38671889,https://pubmed.ncbi.nlm.nih.gov/38671889/,10_Evidence/2024-cordyceps-militaris-extract-and-cordycepin-allevia-38671889.md
272e0897-a572-4346-9cd0-15858f5470bb,Cordyceps militaris fruit body activates myeloid dendritic cells via a Dectin-1-mediated pathway.,2024,Molecular immunology,animal,C_animal,Cordyceps_militaris,cordyceps_extract,immune,disease_language|preclinical_only,partial,research_only,needs_legal_review,10.1016/j.molimm.2024.09.011,39341081,https://pubmed.ncbi.nlm.nih.gov/39341081/,10_Evidence/2024-cordyceps-militaris-fruit-body-activates-myeloid-d-39341081.md
fd6c737b-fed0-49ab-8b4f-6ca7c383c488,Cordyceps militaris solid medium extract alleviates lipopolysaccharide-induced acute lung injury via regulating gut microbiota and metabolism.,2024,Frontiers in immunology,animal,C_animal,Cordyceps_militaris,cordycepin,respiratory,disease_language|preclinical_only,direct,research_only,needs_legal_review,10.1111/all.12019,39902053,https://pubmed.ncbi.nlm.nih.gov/39902053/,10_Evidence/2024-cordyceps-militaris-solid-medium-extract-alleviate-39902053.md
22241e60-e6af-4a4e-b8bd-bd57a976b2e5,Cordyceps militaris: A Comprehensive Study on Laboratory Cultivation and Anticancer Potential in Dalton's Ascites Lymphoma Tumor Model.,2024,Anti-cancer agents in medicinal chemistry,animal,C_animal,Cordyceps_militaris,cordyceps_extract,other,disease_language|preclinical_only,partial,research_only,needs_legal_review,10.3181/00379727-147-38444,38305294,https://pubmed.ncbi.nlm.nih.gov/38305294/,10_Evidence/2024-cordyceps-militaris-a-comprehensive-study-on-labor-38305294.md
744585bc-e31f-45e3-b16a-b6da729daba5,Cordyceps militaris: A novel mushroom platform for metabolic engineering.,2024,Biotechnology advances,animal,C_animal,Cordyceps_militaris,cordycepin,antioxidant,preclinical_only,direct,research_only,candidate,10.1016/j.biotechadv.2024.108396,38906495,https://pubmed.ncbi.nlm.nih.gov/38906495/,10_Evidence/2024-cordyceps-militaris-a-novel-mushroom-platform-for--38906495.md
f614bfbb-0f40-4aa0-a9b7-61daef3c9cfa,Discovering a novel glycosyltransferase gene CmUGT1 enhances main metabolites production of Cordyceps militaris.,2024,Frontiers in microbiology,unclear,F_review_only,Cordyceps_militaris,cordycepin,antioxidant,,direct,research_only,candidate,10.1186/gb-2011-12-11-r116,39502416,https://pubmed.ncbi.nlm.nih.gov/39502416/,10_Evidence/2024-discovering-a-novel-glycosyltransferase-gene-cmugt-39502416.md
0c5b4e5d-e28b-4580-8eba-249426d3c942,Effects of mating-type ratio imbalance on the degeneration of Cordyceps militaris subculture and preventative measures.,2024,PeerJ,animal,C_animal,Cordyceps_militaris,unclear,other,disease_language|preclinical_only,partial,research_only,needs_legal_review,10.14088/j.cnki.issn0439-8114.2015.13.028,39006009,https://pubmed.ncbi.nlm.nih.gov/39006009/,10_Evidence/2024-effects-of-mating-type-ratio-imbalance-on-the-dege-39006009.md
8d140274-7e18-4bf3-84ff-b8e646a8e64b,Efficacy of traditional Chinese medicine <i>Cordyceps sinensis</i> as an adjunctive treatment in patients with renal dysfunction: a systematic-review and meta-analysis.,2024,,meta_analysis,F_review_only,Cordyceps_sinensis,unclear,antioxidant,disease_language,extrapolated,research_only,needs_legal_review,10.3389/fmed.2024.1477569,39839641,https://europepmc.org/article/MED/39839641,10_Evidence/2024-efficacy-of-traditional-chinese-medicine-i-cordyce-39839641.md
ec01936c-da40-4443-a602-ccf3d3258554,Enhanced polysaccharide production through quorum sensing system in Cordyceps militaris.,2024,Journal of basic microbiology,animal,C_animal,Cordyceps_militaris,unclear,metabolic,preclinical_only,partial,research_only,candidate,10.1002/jobm.202400103,38771080,https://pubmed.ncbi.nlm.nih.gov/38771080/,10_Evidence/2024-enhanced-polysaccharide-production-through-quorum--38771080.md
afa7fbb7-900f-4a73-bf91-43a8847d42f9,Enhancement of bioactive metabolites from solid-state fermentation of Cordyceps fungus using various substrates on ameliorating oxidative stress to liver health.,2024,,animal,C_animal,unclear,unclear,antioxidant,preclinical_only,extrapolated,research_only,candidate,10.1093/jimb/kuaf012,40515699,https://europepmc.org/article/MED/40515699,10_Evidence/2024-enhancement-of-bioactive-metabolites-from-solid-st-40515699.md
404e35dd-90f2-461c-b395-914e428f56d1,Enzymatic hydrolyzation of Cordyceps militaris mushroom extracts and its effect on spent hen chicken.,2024,Animal bioscience,animal,C_animal,Cordyceps_militaris,cordyceps_extract,antioxidant,preclinical_only,partial,research_only,candidate,10.5851/kosfa.2021.e27,38665076,https://pubmed.ncbi.nlm.nih.gov/38665076/,10_Evidence/2024-enzymatic-hydrolyzation-of-cordyceps-militaris-mus-38665076.md
a98fc401-0a05-4ef0-aad9-f4ea42ce11ad,Expanded Gene Regulatory Network Reveals Potential Light-Responsive Transcription Factors and Target Genes in Cordyceps militaris.,2024,International journal of molecular sciences,animal,C_animal,Cordyceps_militaris,cordycepin,antioxidant,preclinical_only,direct,research_only,candidate,10.1186/1752-0509-8-s4-s11,39408845,https://pubmed.ncbi.nlm.nih.gov/39408845/,10_Evidence/2024-expanded-gene-regulatory-network-reveals-potential-39408845.md
01c0835b-3464-4fd8-a2dc-c150d3b5ac37,Five undescribed cyclopeptides from Cordyceps militaris.,2024,Phytochemistry,unclear,F_review_only,Cordyceps_militaris,unclear,antioxidant,disease_language,partial,research_only,needs_legal_review,10.1016/j.phytochem.2024.114074,38604324,https://pubmed.ncbi.nlm.nih.gov/38604324/,10_Evidence/2024-five-undescribed-cyclopeptides-from-cordyceps-mili-38604324.md
250b403a-ece1-41f6-949a-1da85eecdfbe,Functional Characterization and Toxicological Study of Cordyceps militaris in Weaned Pigs.,2024,Toxins,animal,C_animal,Cordyceps_militaris,unclear,antioxidant,preclinical_only,partial,research_only,candidate,10.2527/2002.802494x,39728765,https://pubmed.ncbi.nlm.nih.gov/39728765/,10_Evidence/2024-functional-characterization-and-toxicological-stud-39728765.md
03e79eb9-cd16-4741-92bf-d2dc6d419572,Hirsutella sinensis intensifies testicular function and spermatogenesis in male mice with high-fat diet-induced obesity.,2024,Journal of the Chinese Medical Association : JCMA,animal,C_animal,Cordyceps_sinensis,unclear,metabolic,disease_language|preclinical_only,extrapolated,research_only,needs_legal_review,10.1097/jcma.0000000000001128,38946025,https://pubmed.ncbi.nlm.nih.gov/38946025/,10_Evidence/2024-hirsutella-sinensis-intensifies-testicular-functio-38946025.md
e1a52af1-490d-4cbd-b209-8323bd818eab,Holistic transcriptional responses of Cordyceps militaris to different culture temperatures.,2024,Gene,animal,C_animal,Cordyceps_militaris,cordycepin,metabolic,preclinical_only,direct,research_only,candidate,10.1016/j.gene.2024.148574,38768876,https://pubmed.ncbi.nlm.nih.gov/38768876/,10_Evidence/2024-holistic-transcriptional-responses-of-cordyceps-mi-38768876.md
21182ed3-076f-4f80-870d-cf0f0082acf2,Immunomodulation and Protective Effects of Cordyceps militaris Extract Against Candida albicans Infection in Galleria mellonella Larvae.,2024,Insects,animal,C_animal,Cordyceps_militaris,cordycepin,immune,disease_language|preclinical_only,direct,research_only,needs_legal_review,10.1038/s41598-019-41140-1,39590481,https://pubmed.ncbi.nlm.nih.gov/39590481/,10_Evidence/2024-immunomodulation-and-protective-effects-of-cordyce-39590481.md
ebc87b3a-ea57-40cb-a40e-89b0bb3a5042,Immunomodulatory Effect of Cordyceps militaris Polysaccharide on RAW 264.7 Macrophages by Regulating MAPK Signaling Pathways.,2024,"Molecules (Basel, Switzerland)",animal,C_animal,Cordyceps_militaris,cordyceps_extract,immune,preclinical_only,partial,research_only,candidate,10.1016/j.phymed.2019.152864,39064986,https://pubmed.ncbi.nlm.nih.gov/39064986/,10_Evidence/2024-immunomodulatory-effect-of-cordyceps-militaris-pol-39064986.md
52b28d34-3f46-445b-ba5f-5a74e3e08b1e,Inhibition mechanism of cordycepin and ergosterol from Cordyceps militaris Link. against xanthine oxidase and cyclooxygenase-2.,2024,International journal of biological macromolecules,animal,C_animal,Cordyceps_militaris,cordycepin,other,preclinical_only,direct,research_only,needs_legal_review,10.1016/j.ijbiomac.2023.128898,38141695,https://pubmed.ncbi.nlm.nih.gov/38141695/,10_Evidence/2024-inhibition-mechanism-of-cordycepin-and-ergosterol--38141695.md
d6530d7a-e70f-4229-87d2-c1b8a30564d4,Isolation and target identification of anti-renal fibrosis compounds from Cordyceps militaris.,2024,Bioorganic chemistry,animal,C_animal,Cordyceps_militaris,unclear,antioxidant,preclinical_only,partial,research_only,candidate,10.1016/j.bioorg.2024.107169,38330722,https://pubmed.ncbi.nlm.nih.gov/38330722/,10_Evidence/2024-isolation-and-target-identification-of-anti-renal--38330722.md
16555355-ba41-4b43-b705-c4a1add058c7,Light-Exposed Metabolic Responses of Cordyceps militaris through Transcriptome-Integrated Genome-Scale Modeling.,2024,Biology,animal,C_animal,Cordyceps_militaris,cordycepin,antioxidant,preclinical_only,direct,research_only,candidate,10.3390/molecules24183363,38534409,https://pubmed.ncbi.nlm.nih.gov/38534409/,10_Evidence/2024-light-exposed-metabolic-responses-of-cordyceps-mil-38534409.md
7e22efa4-1366-4f27-a53a-e1971688d518,Medicinal Mushrooms in Metastatic Breast Cancer: What Is Their Therapeutic Potential as Adjuvant in Clinical Settings?,2024,,animal,C_animal,Cordyceps_sinensis,unclear,immune,disease_language|preclinical_only,extrapolated,research_only,needs_legal_review,10.3390/cimb46070450,39057091,https://europepmc.org/article/MED/39057091,10_Evidence/2024-medicinal-mushrooms-in-metastatic-breast-cancer-wh-39057091.md
db229dd3-3060-4e33-af47-9ab67fbcc781,Metabolomics Combined with Physiology and Transcriptomics Reveal the Response of <i>Samsoniella hepiali</i> to Key Metabolic Pathways and Its Degradation Mechanism during Subculture.,2024,,animal,C_animal,unclear,unclear,energy_fatigue,preclinical_only,extrapolated,research_only,candidate,10.3390/antiox13070780,39061849,https://europepmc.org/article/MED/39061849,10_Evidence/2024-metabolomics-combined-with-physiology-and-transcri-39061849.md
d569886b-069d-4794-81bb-797d2127b0bf,NAD-Driven Sirtuin Activation by Cordyceps sinensis Extract: Exploring the Adaptogenic Potential to Promote Skin Longevity,2024,International Journal of Molecular Sciences,rct,A_human_RCT,Cordyceps_sinensis,cordycepin,antioxidant,,extrapolated,research_only,candidate,10.3390/ijms25084282,38673866,https://doi.org/10.3390/ijms25084282,10_Evidence/2024-nad-driven-sirtuin-activation-by-cordyceps-sinensi-38673866.md
c6c38405-3d9e-48ac-8ece-acc7edbd91df,Neuroprotective effects of cordycepin on MPTP-induced Parkinson's disease mice via suppressing PI3K/AKT/mTOR and MAPK-mediated neuroinflammation.,2024,Free radical biology & medicine,animal,C_animal,unclear,cordycepin,antioxidant,disease_language|preclinical_only,partial,research_only,needs_legal_review,10.1016/j.freeradbiomed.2024.02.023,38479634,https://pubmed.ncbi.nlm.nih.gov/38479634/,10_Evidence/2024-neuroprotective-effects-of-cordycepin-on-mptp-indu-38479634.md
53ca21b0-8cd6-4452-b8d7-01c4735d814a,Polysaccharides as Quality Marker to Rapid Profile for <i>Ophiocordyceps sinensis</i> by PXRD.,2024,,animal,C_animal,Cordyceps_sinensis,cordyceps_extract,other,preclinical_only,extrapolated,research_only,candidate,10.3390/molecules29133201,38999153,https://europepmc.org/article/MED/38999153,10_Evidence/2024-polysaccharides-as-quality-marker-to-rapid-profile-38999153.md
b6abc0f7-0eee-4053-9f77-bad95504375d,Proteomic Analysis Reveals Differentially Expressed Proteins in Cordyceps militaris Cultured with Different Media.,2024,Current microbiology,unclear,F_review_only,Cordyceps_militaris,cordyceps_extract,immune,,partial,research_only,candidate,10.11937/bfyy.202025273,39641825,https://pubmed.ncbi.nlm.nih.gov/39641825/,10_Evidence/2024-proteomic-analysis-reveals-differentially-expresse-39641825.md
9622c5e5-b28d-47b7-b849-bd65aa19da52,Structural Elucidation and Anti-Tumor Activity of a Polysaccharide (CP2-S) from Cordyceps militaris Fruit Bodies.,2024,Polymers,animal,C_animal,Cordyceps_militaris,unclear,immune,disease_language|preclinical_only,partial,research_only,needs_legal_review,10.3892/ijo_00000711,39065289,https://pubmed.ncbi.nlm.nih.gov/39065289/,10_Evidence/2024-structural-elucidation-and-anti-tumor-activity-of--39065289.md
6cc99677-a009-4304-aa52-13a16789bdd2,Structural and pharmacological insights into cordycepin for neoplasms and metabolic disorders.,2024,Frontiers in pharmacology,animal,C_animal,Cordyceps_sinensis,cordycepin,metabolic,disease_language|preclinical_only|species_mismatch,partial,research_only,needs_legal_review,10.1152/ajplegacy.1974.226.3.744,38953102,https://pubmed.ncbi.nlm.nih.gov/38953102/,10_Evidence/2024-structural-and-pharmacological-insights-into-cordy-38953102.md
492d0c7d-93ba-4e81-80bc-1d257a8b00be,Structural characteristics and anti-tumor activity of alcohol-precipitated polysaccharides from Cordyceps militaris under different ethanol concentrations.,2024,International journal of biological macromolecules,animal,C_animal,Cordyceps_militaris,unclear,immune,disease_language|preclinical_only,partial,research_only,needs_legal_review,10.1016/j.ijbiomac.2024.134784,39151863,https://pubmed.ncbi.nlm.nih.gov/39151863/,10_Evidence/2024-structural-characteristics-and-anti-tumor-activity-39151863.md
4fbc7783-dc55-4ff9-b2d5-c1b4195ef7ba,The effects of acetylated cordycepin derivatives on promoting vascular angiogenesis and attenuating myocardial ischemic injury.,2024,,animal,C_animal,unclear,cordycepin,other,disease_language|preclinical_only,partial,research_only,needs_legal_review,10.1016/j.heliyon.2024.e40026,39553596,https://europepmc.org/article/MED/39553596,10_Evidence/2024-the-effects-of-acetylated-cordycepin-derivatives-o-39553596.md
c6a3e465-08d7-4f7c-9617-ed92e9046fee,The role and mechanisms of cordycepin in inhibiting cancer cells.,2024,Brazilian journal of medical and biological research = Revista brasileira de pesquisas medicas e biologicas,animal,C_animal,Cordyceps_militaris,cordycepin,immune,disease_language|preclinical_only,direct,research_only,needs_legal_review,10.3390/ijms20215366,39194034,https://pubmed.ncbi.nlm.nih.gov/39194034/,10_Evidence/2024-the-role-and-mechanisms-of-cordycepin-in-inhibitin-39194034.md
09cb853a-bc8a-4553-8999-b91ac669659c,"Ultrasound-Assisted Enzyme Extraction, Physicochemical Properties and Antioxidant Activity of Polysaccharides from Cordyceps militaris Solid Medium.",2024,"Molecules (Basel, Switzerland)",animal,C_animal,Cordyceps_militaris,cordyceps_extract,antioxidant,preclinical_only,partial,research_only,candidate,10.1016/j.ijbiomac.2022.12.017,39407490,https://pubmed.ncbi.nlm.nih.gov/39407490/,10_Evidence/2024-ultrasound-assisted-enzyme-extraction-physicochemi-39407490.md
fff365a6-3ede-494e-bc81-01b6bed754b8,A brief review on the medicinal uses of Cordyceps militaris,2023,Pharmacological Research - Modern Chinese Medicine,review_narrative,F_review_only,Cordyceps_militaris,cordycepin,immune,disease_language,direct,research_only,needs_legal_review,10.1016/j.prmcm.2023.100228,,https://doi.org/10.1016/j.prmcm.2023.100228,10_Evidence/2023-a-brief-review-on-the-medicinal-uses-of-cordyceps--10-1016-j-pr.md
9df81fbb-8b2e-427f-a89e-2eedabc9aefa,Adenosine Deaminase Inhibitory Activity of Medicinal Plants: Boost the Production of Cordycepin in Cordyceps militaris.,2023,"Antioxidants (Basel, Switzerland)",animal,C_animal,Cordyceps_militaris,cordycepin,antioxidant,disease_language|preclinical_only,direct,research_only,needs_legal_review,10.1007/s11101-021-09745-5,37371990,https://pubmed.ncbi.nlm.nih.gov/37371990/,10_Evidence/2023-adenosine-deaminase-inhibitory-activity-of-medicin-37371990.md
6ab96f59-9f9f-42d2-9997-37cbd7a1296d,Altered GC- and AT-biased genotypes of Ophiocordyceps sinensis in the stromal fertile portions and ascospores of natural Cordyceps sinensis,2023,PLoS ONE,animal,C_animal,Cordyceps_sinensis,unclear,antioxidant,preclinical_only,extrapolated,research_only,candidate,10.1371/journal.pone.0286865,37289817,https://doi.org/10.1371/journal.pone.0286865,10_Evidence/2023-altered-gc-and-at-biased-genotypes-of-ophiocordyce-37289817.md
654b09c4-d5e9-4346-9f40-a53a03cc6adb,Anti-Cancer Potential of Edible/Medicinal Mushrooms in Breast Cancer.,2023,International journal of molecular sciences,animal,C_animal,Cordyceps_sinensis,cordyceps_extract,immune,disease_language|preclinical_only,extrapolated,research_only,needs_legal_review,10.1186/s12934-022-02013-x,37373268,https://pubmed.ncbi.nlm.nih.gov/37373268/,10_Evidence/2023-anti-cancer-potential-of-edible-medicinal-mushroom-37373268.md
3d6020c9-59ed-43f6-b074-f7e9821bf761,CD44-Targeted Lipid Polymer Hybrid Nanoparticles Enhance Anti-Breast Cancer Effect of Cordyceps militaris Extracts.,2023,Pharmaceutics,animal,C_animal,Cordyceps_militaris,cordycepin,metabolic,disease_language|preclinical_only,direct,research_only,needs_legal_review,10.18632/oncotarget.27587,37376218,https://pubmed.ncbi.nlm.nih.gov/37376218/,10_Evidence/2023-cd44-targeted-lipid-polymer-hybrid-nanoparticles-e-37376218.md
c5254cae-066f-4894-b53e-779648252b0a,Chitinase Is Involved in the Fruiting Body Development of Medicinal Fungus Cordyceps militaris.,2023,"Life (Basel, Switzerland)",unclear,F_review_only,Cordyceps_militaris,unclear,other,,partial,research_only,candidate,10.1002/bmc.4279,36983919,https://pubmed.ncbi.nlm.nih.gov/36983919/,10_Evidence/2023-chitinase-is-involved-in-the-fruiting-body-develop-36983919.md
ee915e75-ce41-4a3e-b9d6-961da3ab4680,Cordycepin buffers anisomycin-induced fear memory deficit by restoring hippocampal BDNF.,2023,Biochemical and biophysical research communications,animal,C_animal,unclear,cordycepin,cognitive,disease_language|preclinical_only,partial,research_only,needs_legal_review,10.1016/j.bbrc.2023.05.011,37156049,https://pubmed.ncbi.nlm.nih.gov/37156049/,10_Evidence/2023-cordycepin-buffers-anisomycin-induced-fear-memory--37156049.md
53be67ee-5439-4328-8b29-9c4f7155f5d0,Cordycepin: A review of strategies to improve the bioavailability and efficacy.,2023,Phytotherapy research : PTR,review_narrative,F_review_only,Cordyceps_militaris,cordycepin,other,disease_language,direct,research_only,needs_legal_review,10.1002/ptr.7921,37329165,https://pubmed.ncbi.nlm.nih.gov/37329165/,10_Evidence/2023-cordycepin-a-review-of-strategies-to-improve-the-b-37329165.md
e2949cdc-6805-4ca5-af5f-ab07cc284fb8,Cordyceps militaris extracts and cordycepin ameliorate type 2 diabetes mellitus by modulating the gut microbiota and metabolites.,2023,Frontiers in pharmacology,animal,C_animal,Cordyceps_militaris,cordycepin,antioxidant,disease_language|preclinical_only,direct,research_only,needs_legal_review,10.1080/10408398.2021.1986466,36969858,https://pubmed.ncbi.nlm.nih.gov/36969858/,10_Evidence/2023-cordyceps-militaris-extracts-and-cordycepin-amelio-36969858.md
d0f44970-f81c-409d-88f4-d934b2fb2b53,Cordyceps militaris polysaccharide alleviates diabetic symptoms by regulating gut microbiota against TLR4/NF-κB pathway.,2023,International journal of biological macromolecules,animal,C_animal,Cordyceps_militaris,unclear,metabolic,disease_language|preclinical_only,partial,research_only,needs_legal_review,10.1016/j.ijbiomac.2023.123241,36641024,https://pubmed.ncbi.nlm.nih.gov/36641024/,10_Evidence/2023-cordyceps-militaris-polysaccharide-alleviates-diab-36641024.md
b9e8c571-a21f-42fd-b35b-e8a4e9105b37,Cordyceps militaris polysaccharide alleviates ovalbumin-induced allergic asthma through the Nrf2/HO-1 and NF-κB signaling pathways and regulates the gut microbiota.,2023,International journal of biological macromolecules,animal,C_animal,Cordyceps_militaris,unclear,immune,disease_language|preclinical_only,partial,research_only,needs_legal_review,10.1016/j.ijbiomac.2023.124333,37030458,https://pubmed.ncbi.nlm.nih.gov/37030458/,10_Evidence/2023-cordyceps-militaris-polysaccharide-alleviates-oval-37030458.md
5153832b-0629-47a4-944d-ee8107db01ea,Cordyceps militaris polysaccharides modulate gut microbiota and improve metabolic disorders in mice with diet-induced obesity.,2023,Journal of the science of food and agriculture,animal,C_animal,Cordyceps_militaris,unclear,metabolic,preclinical_only,partial,research_only,candidate,10.1002/jsfa.12409,36571152,https://pubmed.ncbi.nlm.nih.gov/36571152/,10_Evidence/2023-cordyceps-militaris-polysaccharides-modulate-gut-m-36571152.md
1ad2a1ee-4d2f-456b-8b2d-18946e587016,Cordyceps militaris polysaccharides: preparation and topical product application.,2023,Fungal biology and biotechnology,animal,C_animal,Cordyceps_militaris,cordyceps_extract,metabolic,preclinical_only,partial,research_only,candidate,10.1111/jocd.12943,36698182,https://pubmed.ncbi.nlm.nih.gov/36698182/,10_Evidence/2023-cordyceps-militaris-polysaccharides-preparation-an-36698182.md
ca3f50ce-2a50-475f-ba10-cc950c62b877,Development of an animal-free nitrogen source for the liquid surface culture of Cordyceps militaris.,2023,Letters in applied microbiology,unclear,F_review_only,Cordyceps_militaris,cordycepin,metabolic,,direct,research_only,candidate,10.1093/lambio/ovad053,37113039,https://pubmed.ncbi.nlm.nih.gov/37113039/,10_Evidence/2023-development-of-an-animal-free-nitrogen-source-for--37113039.md
72a9e89c-baf7-4aa5-b776-a6c4e4257d06,"Differential coexistence of multiple genotypes of Ophiocordyceps sinensis in the stromata, ascocarps and ascospores of natural Cordyceps sinensis",2023,PLoS ONE,animal,C_animal,Cordyceps_sinensis,unclear,antioxidant,preclinical_only,extrapolated,research_only,candidate,10.1371/journal.pone.0270776,36893131,https://doi.org/10.1371/journal.pone.0270776,10_Evidence/2023-differential-coexistence-of-multiple-genotypes-of--36893131.md
4ba1e0f3-df5e-4250-a7a1-53254a401a5d,Effect of Cordyceps militaris Powder Prophylactic Supplementation on Intestinal Mucosal Barrier Impairment and Microbiota-Metabolites Axis in DSS-Injured Mice.,2023,Nutrients,animal,C_animal,Cordyceps_militaris,unclear,metabolic,disease_language|preclinical_only,partial,research_only,needs_legal_review,10.3389/fcimb.2022.953962,37892453,https://pubmed.ncbi.nlm.nih.gov/37892453/,10_Evidence/2023-effect-of-cordyceps-militaris-powder-prophylactic--37892453.md
67ab6275-708c-46d5-89f1-dcf5896825a0,Efficacy and mechanism study of cordycepin against brain metastases of small cell lung cancer based on zebrafish.,2023,Phytomedicine : international journal of phytotherapy and phytopharmacology,animal,C_animal,unclear,cordycepin,metabolic,disease_language|preclinical_only,partial,research_only,needs_legal_review,10.1016/j.phymed.2022.154613,36610112,https://pubmed.ncbi.nlm.nih.gov/36610112/,10_Evidence/2023-efficacy-and-mechanism-study-of-cordycepin-against-36610112.md
1c9a40dc-fca3-414c-9dc0-4bf06e3c3020,Efficient disruption of CmHk1 using CRISPR/Cas9 ribonucleoprotein delivery in Cordyceps militaris.,2023,FEMS microbiology letters,animal,C_animal,Cordyceps_militaris,unclear,other,disease_language|preclinical_only,partial,research_only,needs_legal_review,10.1093/femsle/fnad072,37475654,https://pubmed.ncbi.nlm.nih.gov/37475654/,10_Evidence/2023-efficient-disruption-of-cmhk1-using-crispr-cas9-ri-37475654.md
b6180cbf-5088-42d3-841d-4e6616d387b0,Enhanced production of cordycepin under solid-state fermentation of Cordyceps militaris by using combinations of grains/substrates.,2023,Brazilian journal of microbiology : [publication of the Brazilian Society for Microbiology],animal,C_animal,Cordyceps_militaris,cordycepin,other,disease_language|preclinical_only,direct,research_only,needs_legal_review,10.1016/j.enzmictec.2005.11.010,37930616,https://pubmed.ncbi.nlm.nih.gov/37930616/,10_Evidence/2023-enhanced-production-of-cordycepin-under-solid-stat-37930616.md
dfd6dc42-792a-4bc2-a72e-521499462dc6,"Entomopathogenicity of Ascomycete Fungus Cordyceps militaris on the Cotton Bollworm, Helicoverpa zea (Boddie) (Lepidoptera: Noctuidae).",2023,"Journal of fungi (Basel, Switzerland)",animal,C_animal,Cordyceps_militaris,unclear,antioxidant,preclinical_only,partial,research_only,candidate,10.4489/myco.2010.38.2.128,37367551,https://pubmed.ncbi.nlm.nih.gov/37367551/,10_Evidence/2023-entomopathogenicity-of-ascomycete-fungus-cordyceps-37367551.md
f7b0795f-3881-4481-affc-7d286e45afb8,Exploring Edible Mushrooms for Diabetes: Unveiling Their Role in Prevention and Treatment.,2023,"Molecules (Basel, Switzerland)",rct,A_human_RCT,Cordyceps_sinensis,cordyceps_extract,metabolic,disease_language,extrapolated,research_only,needs_legal_review,10.1211/jpp.59.4.0013,36985818,https://pubmed.ncbi.nlm.nih.gov/36985818/,10_Evidence/2023-exploring-edible-mushrooms-for-diabetes-unveiling--36985818.md
da10264d-bae4-4507-87db-755ecd186b8c,First report of emerging fungal pathogens of Cordyceps militaris in Vietnam.,2023,Scientific reports,unclear,F_review_only,Cordyceps_militaris,unclear,other,disease_language,partial,research_only,needs_legal_review,10.1093/molbev/msab120,37848482,https://pubmed.ncbi.nlm.nih.gov/37848482/,10_Evidence/2023-first-report-of-emerging-fungal-pathogens-of-cordy-37848482.md
6ff3fb9f-72c0-428f-a394-ef1aa27f7a58,"Functional insight into Cordyceps militaris sugar transporters by structure modeling, network analysis and allosteric regulation.",2023,Physical chemistry chemical physics : PCCP,case_report,B_limited_human,Cordyceps_militaris,unclear,metabolic,,partial,research_only,candidate,10.1039/d2cp05611a,37183444,https://pubmed.ncbi.nlm.nih.gov/37183444/,10_Evidence/2023-functional-insight-into-cordyceps-militaris-sugar--37183444.md
baaffb43-b568-4936-9cc1-92538a9a3a0e,Genome resequencing and transcriptome analysis reveal the molecular mechanism of albinism in Cordyceps militaris.,2023,Frontiers in microbiology,animal,C_animal,Cordyceps_militaris,unclear,antioxidant,preclinical_only,partial,research_only,candidate,10.1211/jpp.61.03.0002,37113230,https://pubmed.ncbi.nlm.nih.gov/37113230/,10_Evidence/2023-genome-resequencing-and-transcriptome-analysis-rev-37113230.md
735d887b-f6d2-4038-a519-baefb6ec47d1,"Harder, better, faster, stronger? Retrospective chart review of adverse events of interactions between adaptogens and antidepressant drugs.",2023,Frontiers in pharmacology,review_narrative,F_review_only,Cordyceps_sinensis,cordyceps_extract,antioxidant,disease_language,extrapolated,research_only,needs_legal_review,10.1080/13880200600878684,37829299,https://pubmed.ncbi.nlm.nih.gov/37829299/,10_Evidence/2023-harder-better-faster-stronger-retrospective-chart--37829299.md
96ea2812-fb47-46a3-b0c1-ab6916e34146,"Heterologous expression of the lectin CmRlec from Cordyceps militaris (Cordycipitaceae, Ascomycota) in Escherichia coli.",2023,"Bioscience, biotechnology, and biochemistry",animal,C_animal,Cordyceps_militaris,unclear,other,preclinical_only,partial,research_only,candidate,10.1093/bbb/zbad045,37073122,https://pubmed.ncbi.nlm.nih.gov/37073122/,10_Evidence/2023-heterologous-expression-of-the-lectin-cmrlec-from--37073122.md
7dc8fa10-0977-41ba-902d-0b324ec657ce,High-level production of cordycepin by the xylose-utilising Cordyceps militaris strain 147 in an optimised medium.,2023,Bioresource technology,animal,C_animal,Cordyceps_militaris,cordycepin,energy_fatigue,preclinical_only,direct,research_only,candidate,10.1016/j.biortech.2023.129742,37734485,https://pubmed.ncbi.nlm.nih.gov/37734485/,10_Evidence/2023-high-level-production-of-cordycepin-by-the-xylose--37734485.md
a363b77c-5945-4568-b646-e882b667a2ee,Hydrophobin Gene Cmhyd4 Negatively Regulates Fruiting Body Development in Edible Fungi Cordyceps militaris.,2023,International journal of molecular sciences,animal,C_animal,Cordyceps_militaris,unclear,other,preclinical_only,partial,research_only,candidate,10.1006/meth.2001.1262,36902017,https://pubmed.ncbi.nlm.nih.gov/36902017/,10_Evidence/2023-hydrophobin-gene-cmhyd4-negatively-regulates-fruit-36902017.md
0a68b4e9-e863-4584-9498-63dd763eead7,"Medicinal Mushrooms: Their Bioactive Components, Nutritional Value and Application in Functional Food Production-A Review.",2023,,review_narrative,F_review_only,Cordyceps_sinensis,unclear,immune,disease_language,extrapolated,research_only,needs_legal_review,10.3390/molecules28145393,37513265,https://europepmc.org/article/MED/37513265,10_Evidence/2023-medicinal-mushrooms-their-bioactive-components-nut-37513265.md
fab547a2-2fd0-453d-8681-3189aa424f4d,"Multifactorial interaction of selenium, iron, xylose, and glycine on cordycepin metabolism in Cordyceps militaris.",2023,Applied microbiology and biotechnology,animal,C_animal,Cordyceps_militaris,cordycepin,metabolic,preclinical_only,direct,research_only,candidate,10.1039/d1gc03594k,37773218,https://pubmed.ncbi.nlm.nih.gov/37773218/,10_Evidence/2023-multifactorial-interaction-of-selenium-iron-xylose-37773218.md
fe02cc5d-d0b1-42c7-94c7-a3982cd81751,Plant-derived compounds for treating autosomal dominant polycystic kidney disease.,2023,Frontiers in nephrology,animal,C_animal,Cordyceps_sinensis,cordyceps_extract,other,disease_language|preclinical_only,extrapolated,research_only,needs_legal_review,10.1007/s10157-021-02111-x,37675342,https://pubmed.ncbi.nlm.nih.gov/37675342/,10_Evidence/2023-plant-derived-compounds-for-treating-autosomal-dom-37675342.md
3ba22700-8de2-48e4-a4c0-d1906ec60eca,Poly-pathways metabolomics for high-yielding cordycepin of Cordyceps militaris.,2023,Biomedical chromatography : BMC,unclear,F_review_only,Cordyceps_militaris,cordycepin,metabolic,,direct,research_only,candidate,10.1002/bmc.5551,36408993,https://pubmed.ncbi.nlm.nih.gov/36408993/,10_Evidence/2023-poly-pathways-metabolomics-for-high-yielding-cordy-36408993.md
a921e477-9bb5-4a40-8c56-a8b8b9a45d29,Polysaccharides from Paecilomyces hepiali Prevent Acute Colitis in Association with Modulating Gut Microbiota and Treg/Th17 Immune Balance in Mice.,2023,"Molecules (Basel, Switzerland)",animal,C_animal,Cordyceps_sinensis,cordyceps_extract,immune,disease_language|preclinical_only,extrapolated,research_only,needs_legal_review,10.1097/mpg.0000000000001898,37446646,https://pubmed.ncbi.nlm.nih.gov/37446646/,10_Evidence/2023-polysaccharides-from-paecilomyces-hepiali-prevent--37446646.md
2474dc99-856b-4b75-a180-b6983fea97bf,Preparation and evaluation of Cordyceps militaris polysaccharide- and sesame oil-loaded nanoemulsion for the treatment of candidal vaginitis in mice.,2023,Biomedicine & pharmacotherapy = Biomedecine & pharmacotherapie,animal,C_animal,Cordyceps_militaris,unclear,immune,disease_language|preclinical_only,partial,research_only,needs_legal_review,10.1016/j.biopha.2023.115506,37716120,https://pubmed.ncbi.nlm.nih.gov/37716120/,10_Evidence/2023-preparation-and-evaluation-of-cordyceps-militaris--37716120.md
32fa9382-e292-4536-bf28-692a0f4f397b,Protective effects of cordycepin pretreatment against liver ischemia/reperfusion injury in mice.,2023,"Immunity, inflammation and disease",animal,C_animal,unclear,cordycepin,anti_inflammatory,disease_language|preclinical_only,partial,research_only,needs_legal_review,10.1002/iid3.792,36988254,https://pubmed.ncbi.nlm.nih.gov/36988254/,10_Evidence/2023-protective-effects-of-cordycepin-pretreatment-agai-36988254.md
79e57457-0b2a-4e33-8280-0d3440798370,Altered GC- and AT-biased genotypes of Ophiocordyceps sinensis in the stromal fertile portions and ascospores of natural Cordyceps sinensis,2022,bioRxiv (Cold Spring Harbor Laboratory),animal,C_animal,Cordyceps_sinensis,unclear,antioxidant,preclinical_only,extrapolated,research_only,candidate,10.1101/2022.10.07.511361,,https://doi.org/10.1101/2022.10.07.511361,10_Evidence/2022-altered-gc-and-at-biased-genotypes-of-ophiocordyce-10-1101-2022.md
a22c68cc-c74e-4057-8b2e-9e5f726cf842,Bioactive components of Cordyceps sinensis,2022,Farmacja Polska,animal,C_animal,Cordyceps_sinensis,cordycepin,immune,disease_language|preclinical_only,extrapolated,research_only,needs_legal_review,10.32383/farmpol/153911,,https://doi.org/10.32383/farmpol/153911,10_Evidence/2022-bioactive-components-of-cordyceps-sinensis-10-32383-far.md
bbe6e113-c45e-414e-83ef-144e4f4fc1db,Changes in Functionality of Tenebrio molitor Larvae Fermented by Cordyceps militaris Mycelia.,2022,"Foods (Basel, Switzerland)",animal,C_animal,mixed,cordycepin,metabolic,disease_language|preclinical_only|species_mismatch,direct,research_only,needs_legal_review,10.1016/j.phrs.2019.03.011,36010477,https://pubmed.ncbi.nlm.nih.gov/36010477/,10_Evidence/2022-changes-in-functionality-of-tenebrio-molitor-larva-36010477.md
76e48c1e-4a91-4bd5-ba81-9a19fcdf034a,Changes of the gene expression in silkworm larvae and Cordyceps militaris at late stages of the pathogenesis.,2022,Archives of insect biochemistry and physiology,animal,C_animal,Cordyceps_militaris,unclear,immune,preclinical_only,partial,research_only,candidate,10.1002/arch.21968,36116100,https://pubmed.ncbi.nlm.nih.gov/36116100/,10_Evidence/2022-changes-of-the-gene-expression-in-silkworm-larvae--36116100.md
00aedd0e-28c1-474b-bf12-e4c85ce5c90a,"CmLec4, a lectin from the fungus Cordyceps militaris, controls host infection and fruiting body formation.",2022,International journal of biological macromolecules,unclear,F_review_only,Cordyceps_militaris,cordyceps_extract,other,disease_language,partial,research_only,needs_legal_review,10.1016/j.ijbiomac.2022.06.106,35718153,https://pubmed.ncbi.nlm.nih.gov/35718153/,10_Evidence/2022-cmlec4-a-lectin-from-the-fungus-cordyceps-militari-35718153.md
e22ad754-8428-48ae-b53a-bf5aa2e1995a,Comprehensive Transcriptomic Analysis of Cordyceps militaris Cultivated on Germinated Soybeans.,2022,Mycobiology,animal,C_animal,Cordyceps_militaris,cordycepin,immune,preclinical_only,direct,research_only,candidate,10.1080/12298093.2022.2035906,35291592,https://pubmed.ncbi.nlm.nih.gov/35291592/,10_Evidence/2022-comprehensive-transcriptomic-analysis-of-cordyceps-35291592.md
cf2e43fa-0f44-4bf1-8970-52a2788e555c,Cordycepin (3'-Deoxyadenosine) Suppresses Heat Shock Protein 90 Function and Targets Tumor Growth in an Adenosine Deaminase-Dependent Manner.,2022,Cancers,animal,C_animal,unclear,cordycepin,energy_fatigue,disease_language|preclinical_only,partial,research_only,needs_legal_review,10.1517/13543780902953699,35804893,https://pubmed.ncbi.nlm.nih.gov/35804893/,10_Evidence/2022-cordycepin-3-deoxyadenosine-suppresses-heat-shock--35804893.md
57db0d71-610f-432e-935b-0090e841f0d8,Cordycepin (3′-Deoxyadenosine) Suppresses Heat Shock Protein 90 Function and Targets Tumor Growth in an Adenosine Deaminase-Dependent Manner,2022,Cancers,animal,C_animal,unclear,cordycepin,energy_fatigue,disease_language|preclinical_only,partial,research_only,needs_legal_review,10.3390/cancers14133122,35804893,https://doi.org/10.3390/cancers14133122,10_Evidence/2022-cordycepin-3-deoxyadenosine-suppresses-heat-shock--57db0d71.md
5e6dc6bb-2525-432d-8a58-de763422eec0,Cordycepin Induces Apoptosis through JNK-Mediated Caspase Activation in Human OEC-M1 Oral Cancer Cells.,2022,Evidence-based complementary and alternative medicine : eCAM,animal,C_animal,Cordyceps_sinensis,cordycepin,respiratory,disease_language|preclinical_only,extrapolated,research_only,needs_legal_review,10.1677/jme.0.0300151,38023774,https://pubmed.ncbi.nlm.nih.gov/38023774/,10_Evidence/2022-cordycepin-induces-apoptosis-through-jnk-mediated--38023774.md
baafbeb4-c535-4de8-818d-dd5763a90476,Cordycepin Protects against Hepatic Ischemia/Reperfusion Injury via Inhibiting MAPK/NF-κB Pathway.,2022,Mediators of inflammation,animal,C_animal,unclear,cordycepin,anti_inflammatory,disease_language|preclinical_only,partial,research_only,needs_legal_review,10.1155/2018/3509091,36518880,https://pubmed.ncbi.nlm.nih.gov/36518880/,10_Evidence/2022-cordycepin-protects-against-hepatic-ischemia-reper-36518880.md
f282ee55-5ce7-4e68-bf47-7bc166b660f9,Cordycepin exhibits anti-fatigue effect via activating TIGAR/SIRT1/PGC-1α signaling pathway.,2022,Biochemical and biophysical research communications,animal,C_animal,Cordyceps_militaris,cordycepin,energy_fatigue,disease_language|preclinical_only,direct,research_only,needs_legal_review,10.1016/j.bbrc.2022.11.010,36399798,https://pubmed.ncbi.nlm.nih.gov/36399798/,10_Evidence/2022-cordycepin-exhibits-anti-fatigue-effect-via-activa-36399798.md
dfd7e399-40d1-48ea-ab25-68c80d436a38,Cordycepin inhibits colon cancer proliferation by suppressing MYC expression.,2022,BMC pharmacology & toxicology,animal,C_animal,Cordyceps_militaris,cordycepin,other,disease_language|preclinical_only,direct,research_only,needs_legal_review,10.1371/journal.pone.0086871,35120580,https://pubmed.ncbi.nlm.nih.gov/35120580/,10_Evidence/2022-cordycepin-inhibits-colon-cancer-proliferation-by--35120580.md
a4ff7d81-ff54-463f-ac2b-70dfd855526e,"Cordyceps mexicana sp. nov., parasitizing Paradirphia sp. moths: A new sister species of the Cordyceps militaris complex, distributed in central Mexican Quercus-Pinus mixed forests.",2022,Mycologia,unclear,F_review_only,Cordyceps_militaris,unclear,antioxidant,,partial,research_only,candidate,10.1080/00275514.2022.2058854,35687062,https://pubmed.ncbi.nlm.nih.gov/35687062/,10_Evidence/2022-cordyceps-mexicana-sp-nov-parasitizing-paradirphia-35687062.md
38a63baa-4710-4691-b9db-3705557abfd2,Cordyceps militaris Inhibited Angiotensin-Converting Enzyme through Molecular Interaction between Cordycepin and ACE C-Domain.,2022,"Life (Basel, Switzerland)",animal,C_animal,Cordyceps_militaris,cordycepin,other,disease_language|preclinical_only,direct,research_only,needs_legal_review,10.1021/acs.jafc.6b01631,36143487,https://pubmed.ncbi.nlm.nih.gov/36143487/,10_Evidence/2022-cordyceps-militaris-inhibited-angiotensin-converti-36143487.md
06306799-7173-4be1-b2da-0d11ef4162d2,Cordyceps militaris Modulates Intestinal Barrier Function and Gut Microbiota in a Pig Model.,2022,Frontiers in microbiology,animal,C_animal,Cordyceps_militaris,unclear,immune,preclinical_only,partial,research_only,candidate,10.1146/annurev-immunol-030409-101212,35369439,https://pubmed.ncbi.nlm.nih.gov/35369439/,10_Evidence/2022-cordyceps-militaris-modulates-intestinal-barrier-f-35369439.md
8de659c8-0087-4f66-9450-9cb0827c4f72,Cordyceps militaris Reduces Oxidative Stress and Regulates Immune T Cells to Inhibit Metastatic Melanoma Invasion.,2022,"Antioxidants (Basel, Switzerland)",animal,C_animal,Cordyceps_militaris,cordyceps_extract,antioxidant,disease_language|preclinical_only,partial,research_only,needs_legal_review,10.3389/fimmu.2020.00167,36009221,https://pubmed.ncbi.nlm.nih.gov/36009221/,10_Evidence/2022-cordyceps-militaris-reduces-oxidative-stress-and-r-36009221.md
bdb70e7a-65e8-4cc6-b69e-f346582b8f83,"Cordyceps militaris as a Bio Functional Food Source: Pharmacological Potential, Anti-Inflammatory Actions and Related Molecular Mechanisms.",2022,Microorganisms,animal,C_animal,Cordyceps_militaris,unclear,anti_inflammatory,disease_language|preclinical_only,partial,research_only,needs_legal_review,10.3390/nu13113849,35208860,https://pubmed.ncbi.nlm.nih.gov/35208860/,10_Evidence/2022-cordyceps-militaris-as-a-bio-functional-food-sourc-35208860.md
aa06de43-1b24-4699-b93f-5e98d11e2c93,Current Advancements in Antitumor Properties and Mechanisms of Medicinal Components in Edible Mushrooms.,2022,Nutrients,animal,C_animal,Cordyceps_sinensis,cordyceps_extract,immune,disease_language|preclinical_only,extrapolated,research_only,needs_legal_review,10.1248/bpb.b15-00121,35807802,https://pubmed.ncbi.nlm.nih.gov/35807802/,10_Evidence/2022-current-advancements-in-antitumor-properties-and-m-35807802.md
3b4ff399-c5dd-4041-b7ca-bf58a7f9c05a,DETERMINATION OF ADENOSINE AND CORDYCEPIN IN CULTURE AND NATURAL CORDYCEPS,2022,Interprofessional Journal of Health Sciences,animal,C_animal,Cordyceps_sinensis,cordycepin,exercise_performance,preclinical_only,extrapolated,research_only,candidate,,,https://openalex.org/W7215144399,10_Evidence/2022-determination-of-adenosine-and-cordycepin-in-cultu-3b4ff399-c5d.md
500907a2-7a9d-4fb0-838f-e8f9eb544420,Dietary supplements and bleeding.,2022,Proceedings (Baylor University. Medical Center),animal,C_animal,Cordyceps_sinensis,unclear,other,preclinical_only,extrapolated,research_only,candidate,10.1016/j.mayocp.2020.08.016,36304597,https://pubmed.ncbi.nlm.nih.gov/36304597/,10_Evidence/2022-dietary-supplements-and-bleeding-36304597.md
71b1724a-3060-43f1-a051-cea96a1bb0b4,"Differential coexistence of multiple genotypes of Ophiocordyceps sinensis in the stromata, ascocarps and ascospores of natural Cordyceps sinensis",2022,bioRxiv (Cold Spring Harbor Laboratory),animal,C_animal,Cordyceps_sinensis,unclear,antioxidant,preclinical_only,extrapolated,research_only,candidate,10.1101/2022.06.20.496766,,https://doi.org/10.1101/2022.06.20.496766,10_Evidence/2022-differential-coexistence-of-multiple-genotypes-of--10-1101-2022.md
2339da4b-806e-4cb9-8bb1-9410249df37a,Effect of Cordyceps militaris on formation of short-chain fatty acids as postbiotic metabolites.,2022,Preparative biochemistry & biotechnology,animal,C_animal,Cordyceps_militaris,unclear,metabolic,preclinical_only,partial,research_only,candidate,10.1080/10826068.2022.2033992,35192422,https://pubmed.ncbi.nlm.nih.gov/35192422/,10_Evidence/2022-effect-of-cordyceps-militaris-on-formation-of-shor-35192422.md
fc746dd0-daff-4eb8-bdb1-3e024beae8dd,Effects and safety of Ophiocordyceps sinensis preparation in the adjuvant treatment for dialysis patients: A protocol for systematic review and meta-analysis.,2022,,systematic_review,F_review_only,Cordyceps_sinensis,cordyceps_extract,other,disease_language,extrapolated,research_only,needs_legal_review,10.1097/md.0000000000031476,36401474,https://europepmc.org/article/MED/36401474,10_Evidence/2022-effects-and-safety-of-ophiocordyceps-sinensis-prep-36401474.md
408d49b1-44de-40dc-ad23-a778b0486864,Effects of Drying Methods on Taste Components and Flavor Characterization of Cordyceps militaris.,2022,"Foods (Basel, Switzerland)",animal,C_animal,Cordyceps_militaris,unclear,other,preclinical_only,partial,research_only,candidate,10.1016/j.foodchem.2020.128880,36496741,https://pubmed.ncbi.nlm.nih.gov/36496741/,10_Evidence/2022-effects-of-drying-methods-on-taste-components-and--36496741.md
1743c026-5d75-497e-9554-c427082b8e10,Efficacy of Cordyceps militaris Extracts against Some Skin Pathogenic Bacteria and Antioxidant Activity.,2022,"Journal of fungi (Basel, Switzerland)",animal,C_animal,Cordyceps_militaris,cordycepin,antioxidant,disease_language|preclinical_only,direct,research_only,needs_legal_review,10.1016/j.ijfoodmicro.2004.03.022,35448557,https://pubmed.ncbi.nlm.nih.gov/35448557/,10_Evidence/2022-efficacy-of-cordyceps-militaris-extracts-against-s-35448557.md
81d4d4fb-71e1-4801-9255-559f85f1f0b0,Enhancement of Swimming Endurance by Herbal Supplement M3P.,2022,Chinese journal of integrative medicine,animal,C_animal,Cordyceps_sinensis,unclear,energy_fatigue,disease_language|preclinical_only,extrapolated,research_only,needs_legal_review,10.1007/s11655-019-3157-9,35048243,https://pubmed.ncbi.nlm.nih.gov/35048243/,10_Evidence/2022-enhancement-of-swimming-endurance-by-herbal-supple-35048243.md
63677f10-d9b1-4d0a-bccd-12bac61dbb3f,Enhancement of cordycepin production from Cordyceps militaris culture by epigenetic modification.,2022,Biotechnology letters,animal,C_animal,Cordyceps_militaris,cordycepin,other,disease_language|preclinical_only,direct,research_only,needs_legal_review,10.1038/srep19926,35262812,https://pubmed.ncbi.nlm.nih.gov/35262812/,10_Evidence/2022-enhancement-of-cordycepin-production-from-cordycep-35262812.md
97e49992-bd39-4375-a1a3-fb7548fe42cb,Entomopathogenicity and Biological Attributes of Himalayan Treasured Fungus Ophiocordyceps sinensis (Yarsagumba),2022,UTUPub (University of Turku),animal,C_animal,Cordyceps_sinensis,unclear,other,disease_language|preclinical_only,extrapolated,research_only,needs_legal_review,,,https://openalex.org/W7137475488,10_Evidence/2022-entomopathogenicity-and-biological-attributes-of-h-97e49992-bd3.md
b057a059-c4ba-4e47-826f-694475cc0a98,Heterologous expression of a natural product biosynthetic gene cluster from Cordyceps militaris.,2022,The Journal of antibiotics,animal,C_animal,Cordyceps_militaris,unclear,other,preclinical_only,partial,research_only,candidate,10.1021/ja8040042,34548637,https://pubmed.ncbi.nlm.nih.gov/34548637/,10_Evidence/2022-heterologous-expression-of-a-natural-product-biosy-34548637.md
7b434ba5-44fc-462d-9900-ba3bd35caf84,Immune regulatory functions of biologically active proteins from edible fungi.,2022,Frontiers in immunology,animal,C_animal,Cordyceps_sinensis,cordyceps_extract,immune,disease_language|preclinical_only,extrapolated,research_only,needs_legal_review,10.3390/molecules27144457,36713368,https://pubmed.ncbi.nlm.nih.gov/36713368/,10_Evidence/2022-immune-regulatory-functions-of-biologically-active-36713368.md
fc445741-bff2-4447-b164-8f6cb21d932c,MEDICINAL FUNGI OF THE GENERA OPHIOCORDYCEPS SINENSIS AND PAECILOMYCES HEPIALI,2022,International Multidisciplinary Scientific GeoConference SGEM ...,animal,C_animal,Cordyceps_sinensis,cordyceps_extract,antioxidant,disease_language|preclinical_only,extrapolated,research_only,needs_legal_review,10.5593/sgem2022/6.1/s25.12,,https://doi.org/10.5593/sgem2022/6.1/s25.12,10_Evidence/2022-medicinal-fungi-of-the-genera-ophiocordyceps-sinen-10-5593-sgem.md
3188da6b-39e0-4797-ad83-31a9ffed5ec2,Medicinal mushrooms Ophiocordyceps sinensis and Cordyceps militaris.,2022,Ceska a Slovenska farmacie : casopis Ceske farmaceuticke spolecnosti a Slovenske farmaceuticke spolecnosti,animal,C_animal,mixed,cordyceps_extract,immune,disease_language|preclinical_only|species_mismatch,partial,research_only,needs_legal_review,,36513520,https://pubmed.ncbi.nlm.nih.gov/36513520/,10_Evidence/2022-medicinal-mushrooms-ophiocordyceps-sinensis-and-co-36513520.md
b7fdbbc8-2be2-4d52-9ad1-5b5c27b6ba59,Microbial community composition and soil metabolism in the coexisting Cordyceps militaris and Ophiocordyceps highlandensis.,2022,Journal of basic microbiology,animal,C_animal,Cordyceps_militaris,unclear,other,preclinical_only,partial,research_only,candidate,10.1002/jobm.202200216,35852180,https://pubmed.ncbi.nlm.nih.gov/35852180/,10_Evidence/2022-microbial-community-composition-and-soil-metabolis-35852180.md
dcdb22db-e38f-4fbf-aa44-26a4445b6109,Molecular Identification of Ophiocordyceps sinensis Genotypes and the Indiscriminate Use of the Latin Name for Multiple Genotypes and the Natural Insect-fungi Complex,2022,American Journal of Biomedical Sciences,animal,C_animal,Cordyceps_sinensis,unclear,antioxidant,preclinical_only,extrapolated,research_only,candidate,10.5099/aj220300115,,https://doi.org/10.5099/aj220300115,10_Evidence/2022-molecular-identification-of-ophiocordyceps-sinensi-10-5099-aj22.md
da709e1e-94b6-4a13-a998-15daa048e9ea,Polysaccharides from Cordyceps militaris prevent obesity in association with modulating gut microbiota and metabolites in high-fat diet-fed mice.,2022,"Food research international (Ottawa, Ont.)",animal,C_animal,Cordyceps_militaris,unclear,immune,disease_language|preclinical_only,partial,research_only,needs_legal_review,10.1016/j.foodres.2022.111197,35761521,https://pubmed.ncbi.nlm.nih.gov/35761521/,10_Evidence/2022-polysaccharides-from-cordyceps-militaris-prevent-o-35761521.md
e9b10ab6-c77e-4de1-aa58-781e94e753f6,"Preparation, Characterization and Anti-Complementary Activity of Three Novel Polysaccharides from Cordyceps militaris.",2022,Polymers,animal,C_animal,Cordyceps_militaris,unclear,other,preclinical_only,partial,research_only,candidate,10.1016/j.scienta.2022.111556,36365633,https://pubmed.ncbi.nlm.nih.gov/36365633/,10_Evidence/2022-preparation-characterization-and-anti-complementar-36365633.md
ed28dfe1-79bd-420a-afe0-420bb9e9aec8,Research Progress on Cordycepin Synthesis and Methods for Enhancement of Cordycepin Production in Cordyceps militaris.,2022,"Bioengineering (Basel, Switzerland)",animal,C_animal,Cordyceps_militaris,cordycepin,other,preclinical_only,direct,research_only,candidate,10.1016/j.procbio.2016.01.005,35200422,https://pubmed.ncbi.nlm.nih.gov/35200422/,10_Evidence/2022-research-progress-on-cordycepin-synthesis-and-meth-ed28dfe1.md
066059b6-2fb8-4421-b9ff-dfaa60acff69,Structural Elucidation and Activities of Cordyceps militaris-Derived Polysaccharides: A Review,2022,Frontiers in Nutrition,review_narrative,F_review_only,Cordyceps_militaris,unclear,antioxidant,disease_language,partial,research_only,needs_legal_review,10.3389/fnut.2022.898674,35711557,https://doi.org/10.3389/fnut.2022.898674,10_Evidence/2022-structural-elucidation-and-activities-of-cordyceps-35711557.md
4a616ac8-1b7e-4b0e-a3a3-2e0c6363e92d,Structural Elucidation and Activities of Cordyceps militaris-Derived Polysaccharides: A Review.,2022,Frontiers in nutrition,review_narrative,F_review_only,Cordyceps_militaris,unclear,antioxidant,disease_language,partial,research_only,needs_legal_review,10.1016/j.explore.2020.12.005,35711557,https://pubmed.ncbi.nlm.nih.gov/35711557/,10_Evidence/2022-structural-elucidation-and-activities-of-cordyceps-4a616ac8.md
1f800a2f-46b5-429d-85e7-f956c07ac775,"Synthesis and Characterization of NUC-7738, an Aryloxy Phosphoramidate of 3'-Deoxyadenosine, as a Potential Anticancer Agent.",2022,Journal of medicinal chemistry,animal,C_animal,unclear,cordycepin,metabolic,disease_language|preclinical_only,partial,research_only,needs_legal_review,10.1080/15257770701521656,36417756,https://pubmed.ncbi.nlm.nih.gov/36417756/,10_Evidence/2022-synthesis-and-characterization-of-nuc-7738-an-aryl-36417756.md
de517cd4-00b1-46d8-89bc-8d82ab2c2030,"Synthesis and Characterization of NUC-7738, an Aryloxy Phosphoramidate of 3′-Deoxyadenosine, as a Potential Anticancer Agent",2022,Journal of Medicinal Chemistry,animal,C_animal,unclear,cordycepin,metabolic,disease_language|preclinical_only,partial,research_only,needs_legal_review,10.1021/acs.jmedchem.2c01348,36417756,https://doi.org/10.1021/acs.jmedchem.2c01348,10_Evidence/2022-synthesis-and-characterization-of-nuc-7738-an-aryl-de517cd4.md
564618dd-21db-4f33-b30f-36db5a1c98e3,System-level investigation of anti-obesity effects and the potential pathways of Cordyceps militaris in ovariectomized rats.,2022,BMC complementary medicine and therapies,animal,C_animal,Cordyceps_militaris,cordycepin,metabolic,disease_language|preclinical_only,direct,research_only,needs_legal_review,10.1371/journal.pgen.1002429,35550138,https://pubmed.ncbi.nlm.nih.gov/35550138/,10_Evidence/2022-system-level-investigation-of-anti-obesity-effects-35550138.md
50b9a640-c322-4010-ad7d-b20f48ab0ce7,Total Synthesis of Cordyceps militaris Glycans via Stereoselective Orthogonal One-Pot Glycosylation and α-Glycosylation Strategies.,2022,Organic letters,animal,C_animal,Cordyceps_militaris,unclear,antioxidant,preclinical_only,partial,research_only,candidate,10.1021/acs.orglett.2c03081,36286593,https://pubmed.ncbi.nlm.nih.gov/36286593/,10_Evidence/2022-total-synthesis-of-cordyceps-militaris-glycans-via-36286593.md
7c27cabe-6c22-424f-bec5-50e01e8bb486,A Systematic Review of the Biological Effects of Cordycepin,2021,Molecules,systematic_review,F_review_only,unclear,cordycepin,metabolic,disease_language,partial,research_only,needs_legal_review,10.3390/molecules26195886,34641429,https://doi.org/10.3390/molecules26195886,10_Evidence/2021-a-systematic-review-of-the-biological-effects-of-c-34641429.md
f188584a-066a-4407-a883-795d7d00f011,A Systematic Review of the Biological Effects of Cordycepin.,2021,"Molecules (Basel, Switzerland)",systematic_review,F_review_only,unclear,cordycepin,metabolic,disease_language,partial,research_only,needs_legal_review,10.1159/000480181,34641429,https://pubmed.ncbi.nlm.nih.gov/34641429/,10_Evidence/2021-a-systematic-review-of-the-biological-effects-of-c-f188584a.md
b1ef606a-0d3a-4147-8119-6de4d5ba828e,A portable personal glucose meter method for enzyme activity detection and inhibitory activity evaluation based on alkaline phosphatase-mediated reaction.,2021,Analytical and bioanalytical chemistry,animal,C_animal,Cordyceps_sinensis,cordyceps_extract,metabolic,preclinical_only,extrapolated,research_only,candidate,10.1016/j.bios.2018.12.006,33674935,https://pubmed.ncbi.nlm.nih.gov/33674935/,10_Evidence/2021-a-portable-personal-glucose-meter-method-for-enzym-33674935.md
d97cccbc-ea37-4a1e-bdbf-0e1ef2205bc5,Advances in research on chemical constituents and pharmacological effects of Paecilomyces hepiali,2021,Food Science and Human Wellness,review_narrative,F_review_only,Cordyceps_sinensis,unclear,other,,extrapolated,research_only,candidate,10.1016/j.fshw.2021.04.002,,https://doi.org/10.1016/j.fshw.2021.04.002,10_Evidence/2021-advances-in-research-on-chemical-constituents-and--10-1016-j-fs.md
1b89528a-9220-4fcd-9576-d29e8f41efb6,"Arsenic Content, Speciation, and Distribution in Wild Cordyceps sinensis.",2021,Evidence-based complementary and alternative medicine : eCAM,animal,C_animal,Cordyceps_sinensis,cordyceps_extract,other,preclinical_only,extrapolated,research_only,candidate,10.1039/c3ay40622a,33680057,https://pubmed.ncbi.nlm.nih.gov/33680057/,10_Evidence/2021-arsenic-content-speciation-and-distribution-in-wil-33680057.md
37279b6c-ef13-4261-b729-a88320904851,Biomass and Cordycepin Production by the Medicinal Mushroom Cordyceps militaris-A Review of Various Aspects and Recent Trends towards the Exploitation of a Valuable Fungus.,2021,"Journal of fungi (Basel, Switzerland)",review_narrative,F_review_only,mixed,cordycepin,other,species_mismatch,direct,research_only,candidate,10.3390/foods6100091,34829273,https://pubmed.ncbi.nlm.nih.gov/34829273/,10_Evidence/2021-biomass-and-cordycepin-production-by-the-medicinal-34829273.md
8008d15b-74cf-4000-a0f5-191b5722a296,Comparison of metabolism substances in Cordyceps sinensis and Cordyceps militaris cultivated with tussah pupa based on LC-MS.,2021,Journal of food biochemistry,animal,C_animal,mixed,unclear,antioxidant,preclinical_only|species_mismatch,partial,research_only,candidate,10.1111/jfbc.13735,33890309,https://pubmed.ncbi.nlm.nih.gov/33890309/,10_Evidence/2021-comparison-of-metabolism-substances-in-cordyceps-s-33890309.md
30c3aeee-1864-4d08-aeae-9ed7332bed82,Complex microbial communities inhabiting natural Cordyceps militaris and the habitat soil and their predicted functions.,2021,Antonie van Leeuwenhoek,unclear,F_review_only,mixed,unclear,other,species_mismatch,partial,research_only,candidate,10.1007/s10482-021-01534-6,33638738,https://pubmed.ncbi.nlm.nih.gov/33638738/,10_Evidence/2021-complex-microbial-communities-inhabiting-natural-c-33638738.md
a252252a-ef87-46f0-a32f-f9f93b5a255f,Cordycepin Ameliorates Nonalcoholic Steatohepatitis by Activation of the AMP-Activated Protein Kinase Signaling Pathway.,2021,"Hepatology (Baltimore, Md.)",animal,C_animal,Cordyceps_militaris,cordycepin,metabolic,disease_language|preclinical_only,direct,research_only,needs_legal_review,10.1002/hep.31749,33576035,https://pubmed.ncbi.nlm.nih.gov/33576035/,10_Evidence/2021-cordycepin-ameliorates-nonalcoholic-steatohepatiti-33576035.md
1225f233-120e-4f7c-84e7-130633cbf765,Cordycepin Attenuates Palmitic Acid-Induced Inflammation and Apoptosis of Vascular Endothelial Cells through Mediating PI3K/Akt/eNOS Signaling Pathway.,2021,The American journal of Chinese medicine,animal,C_animal,Cordyceps_sinensis,cordycepin,anti_inflammatory,disease_language|preclinical_only,extrapolated,research_only,needs_legal_review,10.1142/s0192415x21500804,34488549,https://pubmed.ncbi.nlm.nih.gov/34488549/,10_Evidence/2021-cordycepin-attenuates-palmitic-acid-induced-inflam-34488549.md
1fbd437b-91be-449b-ac80-9dbfff61a0e9,Cordycepin Decreases Ischemia/Reperfusion Injury in Diabetic Hearts via Upregulating AMPK/Mfn2-dependent Mitochondrial Fusion.,2021,Frontiers in pharmacology,animal,C_animal,unclear,cordycepin,metabolic,disease_language|preclinical_only,partial,research_only,needs_legal_review,10.1016/j.biopha.2020.110897,34744731,https://pubmed.ncbi.nlm.nih.gov/34744731/,10_Evidence/2021-cordycepin-decreases-ischemia-reperfusion-injury-i-34744731.md
948474cf-0f41-4333-9c18-3f1a51e1ca0a,Cordycepin Inhibits Virus Replication in Dengue Virus-Infected Vero Cells,2021,Molecules,animal,C_animal,unclear,cordycepin,other,disease_language|preclinical_only,partial,research_only,needs_legal_review,10.3390/molecules26113118,34071102,https://doi.org/10.3390/molecules26113118,10_Evidence/2021-cordycepin-inhibits-virus-replication-in-dengue-vi-34071102.md
8d31833e-f949-4317-9178-b00732be9727,Cordycepin Inhibits Virus Replication in Dengue Virus-Infected Vero Cells.,2021,"Molecules (Basel, Switzerland)",animal,C_animal,unclear,cordycepin,other,disease_language|preclinical_only,partial,research_only,needs_legal_review,10.1021/ci200227u,34071102,https://pubmed.ncbi.nlm.nih.gov/34071102/,10_Evidence/2021-cordycepin-inhibits-virus-replication-in-dengue-vi-8d31833e.md
f1bec0ab-009a-4e24-bed9-6f42f089d6fc,Cordycepin Sensitizes Cholangiocarcinoma Cells to Be Killed by Natural Killer-92 (NK-92) Cells.,2021,"Molecules (Basel, Switzerland)",animal,C_animal,Cordyceps_militaris,cordycepin,immune,disease_language|preclinical_only,direct,research_only,needs_legal_review,10.3748/wjg.v11.i22.3392,34641520,https://pubmed.ncbi.nlm.nih.gov/34641520/,10_Evidence/2021-cordycepin-sensitizes-cholangiocarcinoma-cells-to--34641520.md
88e6119b-89b3-431a-8dd3-5bc69c221182,Cordycepin confers long-term neuroprotection via inhibiting neutrophil infiltration and neuroinflammation after traumatic brain injury.,2021,Journal of neuroinflammation,animal,C_animal,Cordyceps_militaris,cordycepin,cognitive,preclinical_only,direct,research_only,needs_legal_review,10.1007/s10753-019-01162-3,34130727,https://pubmed.ncbi.nlm.nih.gov/34130727/,10_Evidence/2021-cordycepin-confers-long-term-neuroprotection-via-i-34130727.md
978a5dbf-6b4f-406c-8d1f-63dc4b91a890,Cordycepin inhibits inflammatory responses through suppression of ERK activation in zebrafish.,2021,Developmental and comparative immunology,animal,C_animal,unclear,cordycepin,immune,disease_language|preclinical_only,partial,research_only,needs_legal_review,10.1016/j.dci.2021.104178,34157317,https://pubmed.ncbi.nlm.nih.gov/34157317/,10_Evidence/2021-cordycepin-inhibits-inflammatory-responses-through-34157317.md
a0f0dff6-ab3e-464b-ba9e-198f4fdf396d,Cordyceps militaris: An Overview of Its Chemical Constituents in Relation to Biological Activity,2021,Foods,in_vitro,D_in_vitro,Cordyceps_militaris,cordycepin,immune,disease_language|preclinical_only,direct,research_only,needs_legal_review,10.3390/foods10112634,34828915,https://doi.org/10.3390/foods10112634,10_Evidence/2021-cordyceps-militaris-an-overview-of-its-chemical-co-34828915.md
74c8edee-50d0-4bde-9a77-54ad2f7fcbc9,Cordyceps militaris: An Overview of Its Chemical Constituents in Relation to Biological Activity.,2021,"Foods (Basel, Switzerland)",in_vitro,D_in_vitro,Cordyceps_militaris,cordycepin,immune,disease_language|preclinical_only,direct,research_only,needs_legal_review,10.1016/j.foodchem.2008.08.058,34828915,https://pubmed.ncbi.nlm.nih.gov/34828915/,10_Evidence/2021-cordyceps-militaris-an-overview-of-its-chemical-co-74c8edee.md
03ea3bbd-474f-484a-9a50-de65ea18918d,Effects of Cordycepin in Cordyceps militaris during Its Infection to Silkworm Larvae.,2021,Microorganisms,animal,C_animal,Cordyceps_militaris,cordycepin,other,disease_language|preclinical_only,direct,research_only,needs_legal_review,10.1093/jisesa/iev057,33806171,https://pubmed.ncbi.nlm.nih.gov/33806171/,10_Evidence/2021-effects-of-cordycepin-in-cordyceps-militaris-durin-33806171.md
d6a6393e-31cb-4468-b1f4-260c0be70f09,Effects of Edible Insects on the Mycelium Formation of Cordyceps militaris.,2021,Pakistan journal of biological sciences : PJBS,animal,C_animal,Cordyceps_militaris,unclear,antioxidant,preclinical_only,partial,research_only,candidate,10.3923/pjbs.2021.881.887,34486355,https://pubmed.ncbi.nlm.nih.gov/34486355/,10_Evidence/2021-effects-of-edible-insects-on-the-mycelium-formatio-34486355.md
1eacac7d-6d0b-435d-be92-24401b7ec88f,Evaluation of Anti-Biofilm Capability of Cordycepin Against Candida albicans.,2021,Infection and drug resistance,animal,C_animal,unclear,cordycepin,antioxidant,disease_language|preclinical_only,partial,research_only,needs_legal_review,10.1016/j.ijantimicag.2007.12.013,33574683,https://pubmed.ncbi.nlm.nih.gov/33574683/,10_Evidence/2021-evaluation-of-anti-biofilm-capability-of-cordycepi-33574683.md
1c6ae484-28b9-4fc1-8475-7f797b985890,"Extraction, structure and pharmacological effects of the polysaccharides from Cordyceps sinensis: A review",2021,Journal of Functional Foods,review_narrative,F_review_only,Cordyceps_sinensis,cordyceps_extract,immune,disease_language,extrapolated,research_only,needs_legal_review,10.1016/j.jff.2021.104909,,https://doi.org/10.1016/j.jff.2021.104909,10_Evidence/2021-extraction-structure-and-pharmacological-effects-o-10-1016-j-jf.md
b59bfdc6-b496-47a2-b59f-f5a3d7d2e9bd,Genetic and pharmacological evidence for kinetic competition between alternative poly(A) sites in yeast.,2021,eLife,animal,C_animal,unclear,cordycepin,other,disease_language|preclinical_only,partial,research_only,needs_legal_review,10.1261/rna.2267606,34232857,https://pubmed.ncbi.nlm.nih.gov/34232857/,10_Evidence/2021-genetic-and-pharmacological-evidence-for-kinetic-c-34232857.md
ff71fb59-dd77-467b-af5e-5e471090a5e0,Homologous overexpression of genes in Cordyceps militaris improves the production of polysaccharides.,2021,"Food research international (Ottawa, Ont.)",animal,C_animal,Cordyceps_militaris,unclear,metabolic,disease_language|preclinical_only,partial,research_only,needs_legal_review,10.1016/j.foodres.2021.110452,34399454,https://pubmed.ncbi.nlm.nih.gov/34399454/,10_Evidence/2021-homologous-overexpression-of-genes-in-cordyceps-mi-34399454.md
485b4582-90be-41be-87fe-8e50298991a0,Identification and functional analysis of bacteria in sclerotia of Cordyceps militaris.,2021,PeerJ,animal,C_animal,Cordyceps_militaris,cordycepin,other,preclinical_only,direct,research_only,candidate,10.1002/ps.5084,34900429,https://pubmed.ncbi.nlm.nih.gov/34900429/,10_Evidence/2021-identification-and-functional-analysis-of-bacteria-34900429.md
d24227cc-7ad7-4786-943c-5fdcbd372fe2,Immunostimulatory effects of the intracellular polysaccharides isolated from liquid culture of Ophiocordyceps sinensis (Ascomycetes) on RAW264.7 cells via the MAPK and PI3K/Akt signaling pathways.,2021,Journal of ethnopharmacology,animal,C_animal,Cordyceps_sinensis,cordyceps_extract,immune,disease_language|preclinical_only,extrapolated,research_only,needs_legal_review,10.1016/j.jep.2021.114130,33892066,https://pubmed.ncbi.nlm.nih.gov/33892066/,10_Evidence/2021-immunostimulatory-effects-of-the-intracellular-pol-33892066.md
6aab881e-40f0-407a-af7a-db7ca7ff2d94,Improvement of the multi-performance biocharacteristics of cordycepin using BiloNiosome-core/chitosan-shell hybrid nanocarriers.,2021,"Colloids and surfaces. B, Biointerfaces",animal,C_animal,unclear,cordycepin,exercise_performance,disease_language|preclinical_only,partial,research_only,needs_legal_review,10.1016/j.colsurfb.2020.111369,33032178,https://pubmed.ncbi.nlm.nih.gov/33032178/,10_Evidence/2021-improvement-of-the-multi-performance-biocharacteri-33032178.md
bfc8d106-9613-4be6-88ec-9cf96b994744,Medicinal Mushrooms Ophiocordyceps Sinensis and Paecilomyces Hepiali,2021,Folia veterinaria,animal,C_animal,Cordyceps_sinensis,cordycepin,antioxidant,preclinical_only,extrapolated,research_only,candidate,10.2478/fv-2021-0031,,https://doi.org/10.2478/fv-2021-0031,10_Evidence/2021-medicinal-mushrooms-ophiocordyceps-sinensis-and-pa-10-2478-fv-2.md
45b39b57-221f-417c-9424-7101c62a2b53,New Insights Into the Biosynthesis of Typical Bioactive Components in the Traditional Chinese Medicinal Fungus Cordyceps militaris.,2021,Frontiers in bioengineering and biotechnology,unclear,F_review_only,Cordyceps_militaris,cordycepin,immune,disease_language,direct,research_only,needs_legal_review,10.1021/acs.jafc.8b01343,34976991,https://pubmed.ncbi.nlm.nih.gov/34976991/,10_Evidence/2021-new-insights-into-the-biosynthesis-of-typical-bioa-34976991.md
a830eaf1-9f86-416d-bc07-20cfeba56914,Novel formulation development from Ophiocordyceps sinensis (Berk.) for management of high-altitude maladies.,2021,3 Biotech,animal,C_animal,Cordyceps_sinensis,cordycepin,antioxidant,disease_language|preclinical_only,extrapolated,research_only,needs_legal_review,10.1007/s13205-020-02536-3,33442508,https://pubmed.ncbi.nlm.nih.gov/33442508/,10_Evidence/2021-novel-formulation-development-from-ophiocordyceps--33442508.md
c6df4073-5ae0-4f44-8b3b-c72ce6a6e860,Polysaccharides Obtained from Cordyceps militaris Alleviate Hyperglycemia by Regulating Gut Microbiota in Mice Fed a High-Fat/Sucrose Diet.,2021,"Foods (Basel, Switzerland)",animal,C_animal,Cordyceps_militaris,cordycepin,metabolic,disease_language|preclinical_only,direct,research_only,needs_legal_review,10.1016/s1499-3872(17)60019-5,34441649,https://pubmed.ncbi.nlm.nih.gov/34441649/,10_Evidence/2021-polysaccharides-obtained-from-cordyceps-militaris--34441649.md
d4e58c5b-84e5-46ce-93cb-0e9fcdcf8f69,Prospects for Discovering the Secondary Metabolites of Cordyceps Sensu Lato by the Integrated Strategy.,2021,Medicinal chemistry (Shariqah (United Arab Emirates)),animal,C_animal,unclear,unclear,antioxidant,disease_language|preclinical_only,extrapolated,research_only,needs_legal_review,10.2174/1573406416666191227120425,31880251,https://pubmed.ncbi.nlm.nih.gov/31880251/,10_Evidence/2021-prospects-for-discovering-the-secondary-metabolite-31880251.md
1cc20cc3-9426-4cce-951b-1c4e4e6245e3,Structure and hypoglycemic activity of a novel exopolysaccharide of Cordyceps militaris.,2021,International journal of biological macromolecules,animal,C_animal,Cordyceps_militaris,unclear,metabolic,disease_language|preclinical_only,partial,research_only,needs_legal_review,10.1016/j.ijbiomac.2020.10.207,33129900,https://pubmed.ncbi.nlm.nih.gov/33129900/,10_Evidence/2021-structure-and-hypoglycemic-activity-of-a-novel-exo-33129900.md
6a2eacc2-7a6e-4494-ba55-fea6d27f808c,Structure and immunomodulatory activity of a water-soluble α-glucan from Hirsutella sinensis mycelia.,2021,International journal of biological macromolecules,animal,C_animal,Cordyceps_sinensis,cordyceps_extract,immune,disease_language|preclinical_only,extrapolated,research_only,needs_legal_review,10.1016/j.ijbiomac.2021.08.185,34464642,https://pubmed.ncbi.nlm.nih.gov/34464642/,10_Evidence/2021-structure-and-immunomodulatory-activity-of-a-water-34464642.md
cfddfcb8-8168-4cfb-b62b-b4537d9d3048,Substantial involvement of TRPM7 inhibition in the therapeutic effect of Ophiocordyceps sinensis on pulmonary hypertension.,2021,Translational research : the journal of laboratory and clinical medicine,animal,C_animal,Cordyceps_sinensis,cordyceps_extract,respiratory,disease_language|preclinical_only,extrapolated,research_only,needs_legal_review,10.1016/j.trsl.2021.03.004,33691194,https://pubmed.ncbi.nlm.nih.gov/33691194/,10_Evidence/2021-substantial-involvement-of-trpm7-inhibition-in-the-33691194.md
167277bc-97f9-4daa-98b0-6e13773f1232,The Novel Chinese Medicine JY5 Formula Alleviates Hepatic Fibrosis by Inhibiting the Notch Signaling Pathway.,2021,Frontiers in pharmacology,animal,C_animal,Cordyceps_sinensis,cordyceps_extract,antioxidant,disease_language|preclinical_only,extrapolated,research_only,needs_legal_review,10.1038/labinvest.2015.149,34630075,https://pubmed.ncbi.nlm.nih.gov/34630075/,10_Evidence/2021-the-novel-chinese-medicine-jy5-formula-alleviates--34630075.md
b4cdc6af-ddd3-4c74-a18f-810889a5c268,The Role of Autophagy in Anti-Cancer and Health Promoting Effects of Cordycepin.,2021,"Molecules (Basel, Switzerland)",review_narrative,F_review_only,Cordyceps_sinensis,cordycepin,immune,disease_language|species_mismatch,partial,research_only,needs_legal_review,10.1186/s11671-015-0851-1,34443541,https://pubmed.ncbi.nlm.nih.gov/34443541/,10_Evidence/2021-the-role-of-autophagy-in-anti-cancer-and-health-pr-34443541.md
c3812adc-13c7-41b2-8d96-af5b2e009632,The metaplastic effects of cordycepin in hippocampal CA1 area of rats.,2021,European journal of pharmacology,animal,C_animal,unclear,cordycepin,cognitive,disease_language|preclinical_only,partial,research_only,needs_legal_review,10.1016/j.ejphar.2021.173946,33607106,https://pubmed.ncbi.nlm.nih.gov/33607106/,10_Evidence/2021-the-metaplastic-effects-of-cordycepin-in-hippocamp-33607106.md
901913db-d0d4-42c5-9e86-e8de031b43c8,Transcriptomic Responses of Cordyceps militaris to Salt Treatment During Cordycepins Production.,2021,Frontiers in nutrition,animal,C_animal,Cordyceps_militaris,cordycepin,other,disease_language|preclinical_only,direct,research_only,needs_legal_review,10.1016/j.micres.2018.09.005,35004818,https://pubmed.ncbi.nlm.nih.gov/35004818/,10_Evidence/2021-transcriptomic-responses-of-cordyceps-militaris-to-35004818.md
454fe972-c206-485b-a058-a18c2abe6d52,Anti-Cancer Effect of Cordycepin on FGF9-Induced Testicular Tumorigenesis.,2020,International journal of molecular sciences,animal,C_animal,Cordyceps_sinensis,cordycepin,other,disease_language|preclinical_only|species_mismatch,partial,research_only,needs_legal_review,10.1007/bf00300234,33172093,https://pubmed.ncbi.nlm.nih.gov/33172093/,10_Evidence/2020-anti-cancer-effect-of-cordycepin-on-fgf9-induced-t-33172093.md
90baa899-7640-4662-9dde-6103b06127d0,Anti-Inflammatory Effects of a Cordyceps sinensis Mycelium Culture Extract (Cs-4) on Rodent Models of Allergic Rhinitis and Asthma.,2020,"Molecules (Basel, Switzerland)",animal,C_animal,Cordyceps_sinensis,cordyceps_extract,respiratory,disease_language|preclinical_only,extrapolated,research_only,needs_legal_review,10.1038/nm734,32899766,https://pubmed.ncbi.nlm.nih.gov/32899766/,10_Evidence/2020-anti-inflammatory-effects-of-a-cordyceps-sinensis--32899766.md
4ff4f381-2c9f-4ec8-a49e-6060a55139e3,Anti-inflammatory effects of cordycepin: A review.,2020,Phytotherapy research : PTR,review_narrative,F_review_only,Cordyceps_militaris,cordycepin,immune,disease_language,direct,research_only,needs_legal_review,10.1002/ptr.6890,33090621,https://pubmed.ncbi.nlm.nih.gov/33090621/,10_Evidence/2020-anti-inflammatory-effects-of-cordycepin-a-review-33090621.md
2a315875-ab7b-42f5-a71e-2df3f9f96c60,Antithrombotic and Antiplatelet Effects of Cordyceps militaris.,2020,Mycobiology,animal,C_animal,Cordyceps_militaris,cordyceps_extract,immune,disease_language|preclinical_only,partial,research_only,needs_legal_review,10.1080/12298093.2020.1763115,37970560,https://pubmed.ncbi.nlm.nih.gov/37970560/,10_Evidence/2020-antithrombotic-and-antiplatelet-effects-of-cordyce-37970560.md
907f6292-4ff0-4de8-9a1a-e1ce6b7d5dd3,Beneficial Effect of Cordyceps militaris on Exercise Performance via Promoting Cellular Energy Production.,2020,Mycobiology,animal,C_animal,Cordyceps_militaris,cordyceps_extract,energy_fatigue,disease_language|preclinical_only,partial,research_only,needs_legal_review,10.1080/12298093.2020.1831135,33312018,https://pubmed.ncbi.nlm.nih.gov/33312018/,10_Evidence/2020-beneficial-effect-of-cordyceps-militaris-on-exerci-33312018.md
7cc9fbd2-b022-4049-8455-d31aec70fd0a,Can Cordyceps cicadae be used as an alternative to Cordyceps militaris and Cordyceps sinensis? - A review.,2020,Journal of ethnopharmacology,review_narrative,F_review_only,mixed,unclear,other,disease_language|species_mismatch,partial,research_only,needs_legal_review,10.1016/j.jep.2020.112879,32305637,https://pubmed.ncbi.nlm.nih.gov/32305637/,10_Evidence/2020-can-cordyceps-cicadae-be-used-as-an-alternative-to-32305637.md
217d7bcf-dc2f-4798-b195-2413689d55f8,Cmfhp Gene Mediates Fruiting Body Development and Carotenoid Production in Cordyceps militaris.,2020,Biomolecules,animal,C_animal,Cordyceps_militaris,unclear,other,preclinical_only,partial,research_only,candidate,10.1111/j.1751-1097.1996.tb02477.x,32155914,https://pubmed.ncbi.nlm.nih.gov/32155914/,10_Evidence/2020-cmfhp-gene-mediates-fruiting-body-development-and--32155914.md
8e27edf6-12bc-4e42-af00-36d4a18a6cf5,Cordycepin Inhibits Human Gestational Choriocarcinoma Cell Growth by Disrupting Centrosome Homeostasis.,2020,"Drug design, development and therapy",animal,C_animal,Cordyceps_sinensis,cordycepin,antioxidant,disease_language|preclinical_only,extrapolated,research_only,needs_legal_review,10.1128/mcb.24.5.1823-1835.2004,32801639,https://pubmed.ncbi.nlm.nih.gov/32801639/,10_Evidence/2020-cordycepin-inhibits-human-gestational-choriocarcin-32801639.md
02ce56e8-cb49-49a8-ad58-bda82a3f5432,Cordycepin for Health and Wellbeing: A Potent Bioactive Metabolite of an Entomopathogenic Cordyceps Medicinal Fungus and Its Nutraceutical and Therapeutic Potential.,2020,"Molecules (Basel, Switzerland)",review_narrative,F_review_only,unclear,cordycepin,immune,disease_language,partial,research_only,needs_legal_review,10.3390/molecules24122231,32545666,https://pubmed.ncbi.nlm.nih.gov/32545666/,10_Evidence/2020-cordycepin-for-health-and-wellbeing-a-potent-bioac-32545666.md
27e5bf83-b165-435f-b586-1969246c8f08,Cordycepin in Anticancer Research: Molecular Mechanism of Therapeutic Effects.,2020,Current medicinal chemistry,animal,C_animal,unclear,cordycepin,immune,disease_language|preclinical_only,partial,research_only,needs_legal_review,10.2174/0929867325666181001105749,30277143,https://pubmed.ncbi.nlm.nih.gov/30277143/,10_Evidence/2020-cordycepin-in-anticancer-research-molecular-mechan-30277143.md
ba2f492f-187c-474a-8ca6-4015c51ba449,"Cordycepin protects renal ischemia/reperfusion injury through regulating inflammation, apoptosis, and oxidative stress.",2020,Acta biochimica et biophysica Sinica,animal,C_animal,Cordyceps_sinensis,cordycepin,antioxidant,disease_language|preclinical_only|species_mismatch,partial,research_only,needs_legal_review,10.1093/abbs/gmz145,31951250,https://pubmed.ncbi.nlm.nih.gov/31951250/,10_Evidence/2020-cordycepin-protects-renal-ischemia-reperfusion-inj-31951250.md
13b732a5-00ec-48a2-9d3f-e42d93f61f73,"Cordycepin, a metabolite of Cordyceps militaris, reduces immune-related gene expression in insects.",2020,Journal of invertebrate pathology,animal,C_animal,Cordyceps_militaris,cordycepin,immune,disease_language|preclinical_only,direct,research_only,needs_legal_review,10.1016/j.jip.2020.107480,33022282,https://pubmed.ncbi.nlm.nih.gov/33022282/,10_Evidence/2020-cordycepin-a-metabolite-of-cordyceps-militaris-red-33022282.md
6b366076-d9a2-4549-9f2d-5f34c2ed22b7,Cordyceps militaris Exerts Anticancer Effect on Non-Small Cell Lung Cancer by Inhibiting Hedgehog Signaling via Suppression of TCTN3.,2020,Integrative cancer therapies,animal,C_animal,Cordyceps_militaris,cordyceps_extract,antioxidant,disease_language|preclinical_only,partial,research_only,needs_legal_review,10.3390/ijms19092562,32456485,https://pubmed.ncbi.nlm.nih.gov/32456485/,10_Evidence/2020-cordyceps-militaris-exerts-anticancer-effect-on-no-32456485.md
4d418c91-bd0c-4e83-b76a-5394ee48641a,Cordyceps militaris Fruit Body Extract Decreases Testosterone Catabolism and Testosterone-Stimulated Prostate Hypertrophy.,2020,Nutrients,animal,C_animal,Cordyceps_militaris,cordyceps_extract,energy_fatigue,preclinical_only,partial,research_only,candidate,10.1038/s41598-019-44154-x,33375244,https://pubmed.ncbi.nlm.nih.gov/33375244/,10_Evidence/2020-cordyceps-militaris-fruit-body-extract-decreases-t-33375244.md
32dd45e3-2ea9-4860-bafc-d420c7634244,Cordyceps militaris polysaccharide converts immunosuppressive macrophages into M1-like phenotype and activates T lymphocytes by inhibiting the PD-L1/PD-1 axis between TAMs and T lymphocytes.,2020,International journal of biological macromolecules,animal,C_animal,Cordyceps_militaris,unclear,immune,disease_language|preclinical_only,partial,research_only,needs_legal_review,10.1016/j.ijbiomac.2020.02.050,32044366,https://pubmed.ncbi.nlm.nih.gov/32044366/,10_Evidence/2020-cordyceps-militaris-polysaccharide-converts-immuno-32044366.md
81e0d210-65f8-4336-a842-1d50e573dc15,"Determination of adenosine, cordycepin and ergosterol contents in cultivated Antrodia camphorata by HPLC method",2020,Journal of Food and Drug Analysis,animal,C_animal,unclear,cordycepin,exercise_performance,disease_language|preclinical_only,partial,research_only,needs_legal_review,10.38212/2224-6614.2569,,https://doi.org/10.38212/2224-6614.2569,10_Evidence/2020-determination-of-adenosine-cordycepin-and-ergoster-10-38212-222.md
fda74d66-9fd2-4b76-a4cf-36ebc195b480,Enhanced production of cordycepin in Ophiocordyceps sinensis using growth supplements under submerged conditions,2020,Biotechnology Reports,rct,A_human_RCT,Cordyceps_sinensis,cordycepin,anti_inflammatory,disease_language,extrapolated,research_only,needs_legal_review,10.1016/j.btre.2020.e00557,33294405,https://doi.org/10.1016/j.btre.2020.e00557,10_Evidence/2020-enhanced-production-of-cordycepin-in-ophiocordycep-33294405.md
1e95127f-7926-4b47-aa7e-49532d6644a2,Fluorescence Detection of Deoxyadenosine in Cordyceps spp. by Indicator Displacement Assay.,2020,"Molecules (Basel, Switzerland)",animal,C_animal,unclear,cordycepin,antioxidant,preclinical_only,partial,research_only,candidate,10.1016/0003-2697(85)90025-9,32353945,https://pubmed.ncbi.nlm.nih.gov/32353945/,10_Evidence/2020-fluorescence-detection-of-deoxyadenosine-in-cordyc-32353945.md
05792079-1cb7-4035-a90d-54c96379f16c,Mechanism of Activation of AMPK by Cordycepin.,2020,Cell chemical biology,animal,C_animal,Cordyceps_militaris,cordycepin,metabolic,disease_language|preclinical_only,direct,research_only,needs_legal_review,10.1016/j.chembiol.2020.01.004,31991096,https://pubmed.ncbi.nlm.nih.gov/31991096/,10_Evidence/2020-mechanism-of-activation-of-ampk-by-cordycepin-31991096.md
9bf9f0d3-5246-40a4-8424-f48d274817fd,"Mushroom extracts and compounds with suppressive action on breast cancer: evidence from studies using cultured cancer cells, tumor-bearing animals, and clinical trials.",2020,Applied microbiology and biotechnology,rct,A_human_RCT,Cordyceps_sinensis,cordyceps_extract,other,disease_language,extrapolated,research_only,needs_legal_review,10.1007/s00253-020-10476-4,32274562,https://pubmed.ncbi.nlm.nih.gov/32274562/,10_Evidence/2020-mushroom-extracts-and-compounds-with-suppressive-a-32274562.md
3461a0f5-3e9a-4345-abad-e7e73cff598a,Optimizing cultivation of Cordyceps militaris for fast growth and cordycepin overproduction using rational design of synthetic media.,2020,Computational and structural biotechnology journal,animal,C_animal,Cordyceps_militaris,cordycepin,metabolic,preclinical_only,direct,research_only,candidate,10.1016/j.csbj.2019.11.003,31890138,https://pubmed.ncbi.nlm.nih.gov/31890138/,10_Evidence/2020-optimizing-cultivation-of-cordyceps-militaris-for--31890138.md
10ceb5f4-80f3-43da-8940-eef7502edda8,Polysaccharides isolated from Cordyceps Sinensis contribute to the progression of NASH by modifying the gut microbiota in mice fed a high-fat diet.,2020,PloS one,animal,C_animal,Cordyceps_sinensis,unclear,antioxidant,disease_language|preclinical_only,extrapolated,research_only,needs_legal_review,10.1038/s41575-018-0058-x,32512581,https://pubmed.ncbi.nlm.nih.gov/32512581/,10_Evidence/2020-polysaccharides-isolated-from-cordyceps-sinensis-c-32512581.md
7797784c-eb55-483a-8f0d-8e15a645e891,Probing Carbon Utilization of Cordyceps militaris by Sugar Transportome and Protein Structural Analysis.,2020,Cells,animal,C_animal,Cordyceps_militaris,cordycepin,energy_fatigue,preclinical_only,direct,research_only,candidate,10.1073/pnas.1400336111,32050592,https://pubmed.ncbi.nlm.nih.gov/32050592/,10_Evidence/2020-probing-carbon-utilization-of-cordyceps-militaris--32050592.md
814f3d4e-e9b2-4e96-b281-0c4c55cf70a5,Proteome sequencing and analysis of Ophiocordyceps sinensis at different culture periods,2020,BMC Genomics,animal,C_animal,Cordyceps_sinensis,cordycepin,metabolic,preclinical_only,extrapolated,research_only,candidate,10.1186/s12864-020-07298-z,33308160,https://doi.org/10.1186/s12864-020-07298-z,10_Evidence/2020-proteome-sequencing-and-analysis-of-ophiocordyceps-33308160.md
c208e4b7-db07-48b1-9cf5-cae8e573b0be,Proteome sequencing and analysis of Ophiocordyceps sinensis at different culture periods.,2020,BMC genomics,animal,C_animal,Cordyceps_sinensis,cordycepin,metabolic,preclinical_only,extrapolated,research_only,candidate,10.1093/nar/gky869,33308160,https://pubmed.ncbi.nlm.nih.gov/33308160/,10_Evidence/2020-proteome-sequencing-and-analysis-of-ophiocordyceps-c208e4b7.md
6134ce57-c1a6-402e-99bb-380d785f4e7b,Synthesis of cordycepin: Current scenario and future perspectives.,2020,Fungal genetics and biology : FG & B,animal,C_animal,Cordyceps_militaris,cordycepin,immune,disease_language|preclinical_only,direct,research_only,needs_legal_review,10.1016/j.fgb.2020.103431,32610064,https://pubmed.ncbi.nlm.nih.gov/32610064/,10_Evidence/2020-synthesis-of-cordycepin-current-scenario-and-futur-32610064.md
a0c6c1ce-941c-49b1-b012-682dabc80681,The novel application of cordycepin in maintaining stem cell pluripotency and increasing iPS cell generation efficiency.,2020,Scientific reports,animal,C_animal,unclear,cordycepin,cognitive,disease_language|preclinical_only,partial,research_only,needs_legal_review,10.1002/hep.21863,32042022,https://pubmed.ncbi.nlm.nih.gov/32042022/,10_Evidence/2020-the-novel-application-of-cordycepin-in-maintaining-32042022.md
d5b3e4b9-5149-4129-af63-456d29113887,Therapeutic Properties and Anti-Lipidemic Activity of Cordyceps sinensis,2020,IntechOpen eBooks,animal,C_animal,Cordyceps_sinensis,cordycepin,respiratory,disease_language|preclinical_only,extrapolated,research_only,needs_legal_review,10.5772/intechopen.92616,,https://doi.org/10.5772/intechopen.92616,10_Evidence/2020-therapeutic-properties-and-anti-lipidemic-activity-10-5772-inte.md
44827c41-903b-4164-92f0-f9ec9daf8b07,Traditional Tibetan Medicine in Cancer Therapy by Targeting Apoptosis Pathways.,2020,Frontiers in pharmacology,animal,C_animal,Cordyceps_sinensis,cordycepin,antioxidant,disease_language|preclinical_only,extrapolated,research_only,needs_legal_review,10.13375/j.cnki.wcjps.2013.03.024,32774302,https://pubmed.ncbi.nlm.nih.gov/32774302/,10_Evidence/2020-traditional-tibetan-medicine-in-cancer-therapy-by--32774302.md
f6247e36-9e13-4308-8859-bc440e0c1d75,"Trends in the Immunomodulatory Effects of Cordyceps militaris: Total Extracts, Polysaccharides and Cordycepin",2020,Frontiers in Pharmacology,review_narrative,F_review_only,Cordyceps_militaris,cordycepin,immune,,direct,research_only,needs_legal_review,10.3389/fphar.2020.575704,33328984,https://doi.org/10.3389/fphar.2020.575704,10_Evidence/2020-trends-in-the-immunomodulatory-effects-of-cordycep-33328984.md
5bbe1ce9-7ce7-40a0-a888-1e26c88f30a5,"Trends in the Immunomodulatory Effects of Cordyceps militaris: Total Extracts, Polysaccharides and Cordycepin.",2020,Frontiers in pharmacology,review_narrative,F_review_only,Cordyceps_militaris,cordycepin,immune,,direct,research_only,candidate,10.1016/j.jep.2013.07.037,33328984,https://pubmed.ncbi.nlm.nih.gov/33328984/,10_Evidence/2020-trends-in-the-immunomodulatory-effects-of-cordycep-5bbe1ce9.md
257940f8-fef4-420c-b1df-dfa20113e6dc,[Advances in biosynthesis of cordycepin from Cordyceps militaris].,2020,Sheng wu gong cheng xue bao = Chinese journal of biotechnology,animal,C_animal,Cordyceps_militaris,cordycepin,metabolic,disease_language|preclinical_only,direct,research_only,needs_legal_review,10.13345/j.cjb.190500,32748587,https://pubmed.ncbi.nlm.nih.gov/32748587/,10_Evidence/2020-advances-in-biosynthesis-of-cordycepin-from-cordyc-32748587.md
9c9f6bb6-5ba8-45b4-9402-abfb6f5b9dd5,A Nucleoside/Nucleobase-Rich Extract from Cordyceps Sinensis Inhibits the Epithelial-Mesenchymal Transition and Protects against Renal Fibrosis in Diabetic Nephropathy.,2019,"Molecules (Basel, Switzerland)",animal,C_animal,Cordyceps_sinensis,cordyceps_extract,antioxidant,disease_language|preclinical_only,extrapolated,research_only,needs_legal_review,10.1159/000336823,31739543,https://pubmed.ncbi.nlm.nih.gov/31739543/,10_Evidence/2019-a-nucleoside-nucleobase-rich-extract-from-cordycep-31739543.md
81972b7f-ce55-4fcf-a80a-cdd0e3a8217f,A new cerebroside from cordyceps militaris with anti-PTP1B activity.,2019,Fitoterapia,animal,C_animal,Cordyceps_militaris,cordyceps_extract,exercise_performance,disease_language|preclinical_only,partial,research_only,needs_legal_review,10.1016/j.fitote.2019.104342,31479703,https://pubmed.ncbi.nlm.nih.gov/31479703/,10_Evidence/2019-a-new-cerebroside-from-cordyceps-militaris-with-an-31479703.md
61c374af-4619-48b3-bf7a-54353bbd9672,"Advance in Cordyceps militaris (Linn) Link polysaccharides: Isolation, structure, and bioactivities: A review.",2019,International journal of biological macromolecules,review_narrative,F_review_only,Cordyceps_militaris,cordyceps_extract,immune,disease_language,partial,research_only,needs_legal_review,10.1016/j.ijbiomac.2019.04.020,30954592,https://pubmed.ncbi.nlm.nih.gov/30954592/,10_Evidence/2019-advance-in-cordyceps-militaris-linn-link-polysacch-30954592.md
ac312d32-2b30-4727-b260-228abb26e801,Advances in research on Cordyceps militaris degeneration.,2019,Applied microbiology and biotechnology,animal,C_animal,Cordyceps_militaris,unclear,other,disease_language|preclinical_only,partial,research_only,needs_legal_review,10.1007/s00253-019-10074-z,31410524,https://pubmed.ncbi.nlm.nih.gov/31410524/,10_Evidence/2019-advances-in-research-on-cordyceps-militaris-degene-31410524.md
73a5fbbc-f5ec-42be-a72f-47e83afb4020,Antigenotoxic and antioxidant potential of medicinal mushrooms (Immune Assist) against DNA damage induced by free radicals-an in vitro study.,2019,Mutation research. Genetic toxicology and environmental mutagenesis,animal,C_animal,Cordyceps_sinensis,cordyceps_extract,antioxidant,disease_language|preclinical_only,extrapolated,research_only,needs_legal_review,10.1016/j.mrgentox.2019.06.008,31561902,https://pubmed.ncbi.nlm.nih.gov/31561902/,10_Evidence/2019-antigenotoxic-and-antioxidant-potential-of-medicin-31561902.md
c49c4528-b09a-4aa9-90d3-96e601877f3c,Chinese medicine CGA formula ameliorates liver fibrosis induced by carbon tetrachloride involving inhibition of hepatic apoptosis in rats.,2019,Journal of ethnopharmacology,animal,C_animal,Cordyceps_sinensis,unclear,antioxidant,disease_language|preclinical_only,extrapolated,research_only,needs_legal_review,10.1016/j.jep.2018.11.027,30471378,https://pubmed.ncbi.nlm.nih.gov/30471378/,10_Evidence/2019-chinese-medicine-cga-formula-ameliorates-liver-fib-30471378.md
372efcec-758d-4776-83ba-04dae11e255e,"Comparative study of the composition of cultivated, naturally grown Cordyceps sinensis, and stiff worms across different sampling years",2019,PLoS ONE,animal,C_animal,Cordyceps_sinensis,cordycepin,immune,disease_language|preclinical_only,extrapolated,research_only,needs_legal_review,10.1371/journal.pone.0225750,31800596,https://doi.org/10.1371/journal.pone.0225750,10_Evidence/2019-comparative-study-of-the-composition-of-cultivated-31800596.md
5c1aca38-3e4b-4123-a89d-c5e72a2426b4,"Comparison of Chemical Compositions, Bioactive Ingredients, and In Vitro Antitumor Activity of Four Products of Cordyceps (Ascomycetes) Strains from China.",2019,International journal of medicinal mushrooms,animal,C_animal,Cordyceps_sinensis,cordycepin,metabolic,disease_language|preclinical_only,extrapolated,research_only,needs_legal_review,10.1615/intjmedmushrooms.2019030329,31002629,https://pubmed.ncbi.nlm.nih.gov/31002629/,10_Evidence/2019-comparison-of-chemical-compositions-bioactive-ingr-31002629.md
84dea6d9-87e3-48ad-a9ab-04ffa9ca68a8,"Comparison of drug safety data obtained from the monitoring system, literature, and social media: An empirical proof from a Chinese patent medicine.",2019,PloS one,case_report,B_limited_human,Cordyceps_sinensis,cordyceps_extract,other,,extrapolated,research_only,candidate,10.7326/0003-4819-141-10-200411160-00009,31693665,https://pubmed.ncbi.nlm.nih.gov/31693665/,10_Evidence/2019-comparison-of-drug-safety-data-obtained-from-the-m-31693665.md
9ccf27a7-3f22-43fb-b29c-02bfef8d0fe3,Cordycepin (3'-deoxyadenosine) and pentostatin (deoxycoformycin) against Trypanosoma cruzi.,2019,Experimental parasitology,animal,C_animal,unclear,cordycepin,other,disease_language|preclinical_only,partial,research_only,needs_legal_review,10.1016/j.exppara.2019.02.016,30825499,https://pubmed.ncbi.nlm.nih.gov/30825499/,10_Evidence/2019-cordycepin-3-deoxyadenosine-and-pentostatin-deoxyc-30825499.md
07e2b78a-309a-4f0d-9982-360154823d05,Cordycepin (3'-deoxyadenosine) promotes remyelination via suppression of neuroinflammation in a cuprizone-induced mouse model of demyelination.,2019,International immunopharmacology,animal,C_animal,unclear,cordycepin,immune,disease_language|preclinical_only,partial,research_only,needs_legal_review,10.1016/j.intimp.2019.105777,31357085,https://pubmed.ncbi.nlm.nih.gov/31357085/,10_Evidence/2019-cordycepin-3-deoxyadenosine-promotes-remyelination-31357085.md
e858df6d-cb1b-47a0-b98d-33296dc8fa17,Cordycepin Induces Apoptosis and G2/M Phase Arrest through the ERK Pathways in Esophageal Cancer Cells.,2019,Journal of Cancer,animal,C_animal,Cordyceps_sinensis,cordycepin,other,disease_language|preclinical_only,extrapolated,research_only,needs_legal_review,10.7150/jca.32071,31258746,https://pubmed.ncbi.nlm.nih.gov/31258746/,10_Evidence/2019-cordycepin-induces-apoptosis-and-g2-m-phase-arrest-31258746.md
d4dba40e-6443-413f-a303-c15d859d4746,Cordycepin alleviates hepatic lipid accumulation by inducing protective autophagy via PKA/mTOR pathway.,2019,Biochemical and biophysical research communications,animal,C_animal,Cordyceps_militaris,cordycepin,metabolic,disease_language|preclinical_only,direct,research_only,needs_legal_review,10.1016/j.bbrc.2019.06.108,31242974,https://pubmed.ncbi.nlm.nih.gov/31242974/,10_Evidence/2019-cordycepin-alleviates-hepatic-lipid-accumulation-b-31242974.md
0f50738d-d09c-40a9-9ef6-f427973c7ee3,Cordycepin ameliorates cardiac hypertrophy via activating the AMPKα pathway.,2019,Journal of cellular and molecular medicine,animal,C_animal,Cordyceps_militaris,cordycepin,antioxidant,disease_language|preclinical_only,direct,research_only,needs_legal_review,10.1111/jcmm.14485,31225721,https://pubmed.ncbi.nlm.nih.gov/31225721/,10_Evidence/2019-cordycepin-ameliorates-cardiac-hypertrophy-via-act-31225721.md
c8d6ca05-79b4-4160-9a95-587136bd3eaa,Cordycepin improves behavioral-LTP and dendritic structure in hippocampal CA1 area of rats.,2019,Journal of neurochemistry,animal,C_animal,unclear,cordycepin,cognitive,preclinical_only,partial,research_only,candidate,10.1111/jnc.14826,31314908,https://pubmed.ncbi.nlm.nih.gov/31314908/,10_Evidence/2019-cordycepin-improves-behavioral-ltp-and-dendritic-s-31314908.md
6b37b7e7-c26f-488b-b95a-fb3b540981f0,Cordycepin induces Bax‑dependent apoptosis in colorectal cancer cells.,2019,Molecular medicine reports,animal,C_animal,unclear,cordycepin,other,disease_language|preclinical_only,partial,research_only,needs_legal_review,10.5941/myco.2015.43.1.37,30535479,https://pubmed.ncbi.nlm.nih.gov/30535479/,10_Evidence/2019-cordycepin-induces-bax-dependent-apoptosis-in-colo-30535479.md
7d0a9426-5595-473e-86ab-1eb19245d2f2,Cordycepin kills Mycobacterium tuberculosis through hijacking the bacterial adenosine kinase.,2019,PloS one,animal,C_animal,unclear,cordycepin,other,disease_language|preclinical_only,partial,research_only,needs_legal_review,10.1038/31159,31199855,https://pubmed.ncbi.nlm.nih.gov/31199855/,10_Evidence/2019-cordycepin-kills-mycobacterium-tuberculosis-throug-31199855.md
3a34848e-311d-4073-88c2-72fd715d38e3,Cordycepin mitigates MPTP-induced Parkinson's disease through inhibiting TLR/NF-κB signaling pathway.,2019,Life sciences,animal,C_animal,Cordyceps_sinensis,cordycepin,antioxidant,disease_language|preclinical_only,extrapolated,research_only,needs_legal_review,10.1016/j.lfs.2019.02.037,30790609,https://pubmed.ncbi.nlm.nih.gov/30790609/,10_Evidence/2019-cordycepin-mitigates-mptp-induced-parkinson-s-dise-30790609.md
99cfe67d-489b-477e-bf97-959d61c3235c,Cordycepin prevents radiation ulcer by inhibiting cell senescence via NRF2 and AMPK in rodents,2019,Nature Communications,animal,C_animal,unclear,cordycepin,metabolic,disease_language|preclinical_only,partial,research_only,needs_legal_review,10.1038/s41467-019-10386-8,31182708,https://doi.org/10.1038/s41467-019-10386-8,10_Evidence/2019-cordycepin-prevents-radiation-ulcer-by-inhibiting--31182708.md
3844edcc-ac3a-4d25-a07b-6d6179db3d33,Cordycepin sensitizes breast cancer cells toward irradiation through elevating ROS production involving Nrf2.,2019,Toxicology and applied pharmacology,animal,C_animal,unclear,cordycepin,antioxidant,disease_language|preclinical_only,partial,research_only,needs_legal_review,10.1016/j.taap.2018.12.006,30529626,https://pubmed.ncbi.nlm.nih.gov/30529626/,10_Evidence/2019-cordycepin-sensitizes-breast-cancer-cells-toward-i-30529626.md
15bf2a04-be88-4fbf-8f55-2a5d9df4195c,Cordyceps militaris,2019,CABI Compendium,unclear,F_review_only,Cordyceps_militaris,unclear,other,,partial,research_only,candidate,10.1079/cabicompendium.15962,,https://doi.org/10.1079/cabicompendium.15962,10_Evidence/2019-cordyceps-militaris-10-1079-cabi.md
25c09b95-03a5-4da8-a514-ccc80cf4886f,Coupled biosynthesis of cordycepin and pentostatin in Cordyceps militaris: implications for fungal biology and medicinal natural products.,2019,Annals of translational medicine,animal,C_animal,Cordyceps_militaris,cordycepin,antioxidant,disease_language|preclinical_only,direct,research_only,needs_legal_review,10.1002/ps.508,31576294,https://pubmed.ncbi.nlm.nih.gov/31576294/,10_Evidence/2019-coupled-biosynthesis-of-cordycepin-and-pentostatin-31576294.md
b614d292-bd08-4bf3-9bcd-cf210e9cc1c9,Enhanced exopolysaccharide production by Cordyceps militaris using repeated batch cultivation.,2019,Journal of bioscience and bioengineering,animal,C_animal,Cordyceps_militaris,cordyceps_extract,antioxidant,disease_language|preclinical_only,partial,research_only,needs_legal_review,10.1016/j.jbiosc.2018.09.006,30292670,https://pubmed.ncbi.nlm.nih.gov/30292670/,10_Evidence/2019-enhanced-exopolysaccharide-production-by-cordyceps-30292670.md
e5dbd616-27fe-4d75-b801-7cf00c2810d9,Enrichment of cordycepin for cosmeceutical applications: culture systems and strategies.,2019,Applied microbiology and biotechnology,animal,C_animal,unclear,cordycepin,other,preclinical_only,partial,research_only,candidate,10.1007/s00253-019-09623-3,30648190,https://pubmed.ncbi.nlm.nih.gov/30648190/,10_Evidence/2019-enrichment-of-cordycepin-for-cosmeceutical-applica-30648190.md
26e5afb2-4c80-4639-af7c-9fa7bb079211,"Ergosterol attenuates cigarette smoke extract-induced COPD by modulating inflammation, oxidative stress and apoptosis in vitro and in vivo.",2019,"Clinical science (London, England : 1979)",animal,C_animal,Cordyceps_sinensis,cordyceps_extract,antioxidant,disease_language|preclinical_only,extrapolated,research_only,needs_legal_review,10.1042/cs20190331,31270147,https://pubmed.ncbi.nlm.nih.gov/31270147/,10_Evidence/2019-ergosterol-attenuates-cigarette-smoke-extract-indu-31270147.md
0c01c203-0c0b-439f-8133-bd2281f608ed,"Extraction of nucleobases, nucleosides and nucleotides by employing a magnetized graphene oxide functionalized with hydrophilic phytic acid and titanium(IV) ions.",2019,Mikrochimica acta,animal,C_animal,Cordyceps_sinensis,cordyceps_extract,energy_fatigue,preclinical_only,extrapolated,research_only,candidate,10.1007/s00604-019-3308-x,30771073,https://pubmed.ncbi.nlm.nih.gov/30771073/,10_Evidence/2019-extraction-of-nucleobases-nucleosides-and-nucleoti-30771073.md
bcf83b00-0b04-4d5c-a2c1-b7cdb2d77a2b,Genome-wide analysis of DNA methylation in subcultured Cordyceps militaris.,2019,Archives of microbiology,animal,C_animal,Cordyceps_militaris,unclear,metabolic,preclinical_only,partial,research_only,candidate,10.1007/s00203-019-01621-3,30680410,https://pubmed.ncbi.nlm.nih.gov/30680410/,10_Evidence/2019-genome-wide-analysis-of-dna-methylation-in-subcult-30680410.md
1fbf2ce8-013c-4137-8a79-367f3e8de3da,High-throughput screening of the nucleosides and nucleotides using characteristic structural fragments fusion.,2019,Journal of pharmaceutical and biomedical analysis,animal,C_animal,Cordyceps_sinensis,cordyceps_extract,other,preclinical_only,extrapolated,research_only,candidate,10.1016/j.jpba.2019.112787,31362247,https://pubmed.ncbi.nlm.nih.gov/31362247/,10_Evidence/2019-high-throughput-screening-of-the-nucleosides-and-n-31362247.md
0112501c-6d19-4aac-8524-8f0736771c11,Immunomodulatory effects of a mycelium extract of Cordyceps (Paecilomyces hepiali; CBG-CS-2): a randomized and double-blind clinical trial.,2019,BMC complementary and alternative medicine,rct,A_human_RCT,Cordyceps_sinensis,cordyceps_extract,immune,,extrapolated,research_only,candidate,10.1016/j.ijbiomac.2013.04.007,30925876,https://pubmed.ncbi.nlm.nih.gov/30925876/,10_Evidence/2019-immunomodulatory-effects-of-a-mycelium-extract-of--30925876.md
07cb557d-e1ef-4527-81cf-3a156ee9ce5f,Metabolic profiling of natural and cultured Cordyceps by NMR spectroscopy.,2019,Scientific reports,animal,C_animal,Cordyceps_sinensis,cordycepin,antioxidant,disease_language|preclinical_only,extrapolated,research_only,needs_legal_review,10.1007/s11306-012-0442-4,31118439,https://pubmed.ncbi.nlm.nih.gov/31118439/,10_Evidence/2019-metabolic-profiling-of-natural-and-cultured-cordyc-31118439.md
067f60b3-736c-4c9f-8bab-ff38f6b8537d,Neuroprotective and therapeutic effect of Cordyceps militaris on ischemia-induced neuronal death and cognitive impairments.,2019,Saudi journal of biological sciences,animal,C_animal,Cordyceps_militaris,unclear,cognitive,disease_language|preclinical_only,partial,research_only,needs_legal_review,10.1016/j.sjbs.2018.08.011,31762595,https://pubmed.ncbi.nlm.nih.gov/31762595/,10_Evidence/2019-neuroprotective-and-therapeutic-effect-of-cordycep-31762595.md
fb7af63b-c33b-4b61-931d-a5667ded1fb8,New insights into cordycepin production in Cordyceps militaris and applications,2019,Annals of Translational Medicine,unclear,F_review_only,Cordyceps_militaris,cordycepin,immune,disease_language,direct,research_only,needs_legal_review,10.21037/atm.2019.04.12,31576287,https://doi.org/10.21037/atm.2019.04.12,10_Evidence/2019-new-insights-into-cordycepin-production-in-cordyce-31576287.md
d3d0346f-4360-4f5b-b499-a8264f4660cb,New insights into cordycepin production in Cordyceps militaris and applications.,2019,Annals of translational medicine,animal,C_animal,Cordyceps_militaris,cordycepin,other,preclinical_only,direct,research_only,candidate,10.3389/fmicb.2018.01157,31576287,https://pubmed.ncbi.nlm.nih.gov/31576287/,10_Evidence/2019-new-insights-into-cordycepin-production-in-cordyce-d3d0346f.md
682c9ba4-8323-416a-ad0a-b0950a959631,Protective role of Cordyceps militaris in Aβ1-42-induced Alzheimer's disease in vivo.,2019,Food science and biotechnology,animal,C_animal,Cordyceps_militaris,cordyceps_extract,cognitive,disease_language|preclinical_only,partial,research_only,needs_legal_review,10.3109/13506129.2012.755122,31093445,https://pubmed.ncbi.nlm.nih.gov/31093445/,10_Evidence/2019-protective-role-of-cordyceps-militaris-in-a-1-42-i-31093445.md
76dddf87-71e7-422d-90be-172a5cd0e276,"Selenium Biofortification and Antioxidant Activity in Cordyceps militaris Supplied with Selenate, Selenite, or Selenomethionine.",2019,Biological trace element research,animal,C_animal,Cordyceps_militaris,cordycepin,antioxidant,disease_language|preclinical_only,direct,research_only,needs_legal_review,10.1007/s12011-018-1386-y,29855849,https://pubmed.ncbi.nlm.nih.gov/29855849/,10_Evidence/2019-selenium-biofortification-and-antioxidant-activity-29855849.md
9504c0bd-d703-4624-9dc8-e7c7989970a9,"Study of the whole genome, methylome and transcriptome of Cordyceps militaris",2019,Scientific Reports,unclear,F_review_only,Cordyceps_militaris,unclear,other,,partial,research_only,candidate,10.1038/s41598-018-38021-4,30696919,https://doi.org/10.1038/s41598-018-38021-4,10_Evidence/2019-study-of-the-whole-genome-methylome-and-transcript-30696919.md
43694530-620f-4e65-b68e-e5a5e53f8b5c,The Effects of Cordyceps sinensis (Berk.) Sacc. and Gymnema inodorum (Lour.) Decne. Extracts on Adipogenesis and Lipase Activity In Vitro.,2019,Evidence-based complementary and alternative medicine : eCAM,rct,A_human_RCT,Cordyceps_sinensis,cordyceps_extract,antioxidant,disease_language,extrapolated,research_only,needs_legal_review,10.1016/s0021-9150(98)00245-7,31057650,https://pubmed.ncbi.nlm.nih.gov/31057650/,10_Evidence/2019-the-effects-of-cordyceps-sinensis-berk-sacc-and-gy-31057650.md
973ac57a-8b28-4ba6-b4be-4c1eac91c3d8,"The components data of fuzheng huayu extracts, cordyceps sinensis mycelia polysaccharide, gypenosides and amygdalin.",2019,Data in brief,animal,C_animal,Cordyceps_sinensis,cordyceps_extract,antioxidant,disease_language|preclinical_only,extrapolated,research_only,needs_legal_review,10.1016/j.dib.2019.104087,31294053,https://pubmed.ncbi.nlm.nih.gov/31294053/,10_Evidence/2019-the-components-data-of-fuzheng-huayu-extracts-cord-31294053.md
1012ef22-0e5d-4d02-8a0a-2ee93d03cc95,"The polyadenylation inhibitor cordycepin reduces pain, inflammation and joint pathology in rodent models of osteoarthritis.",2019,Scientific reports,animal,C_animal,unclear,cordycepin,anti_inflammatory,disease_language|preclinical_only,partial,research_only,needs_legal_review,10.1136/annrheumdis-2012-201458,30886197,https://pubmed.ncbi.nlm.nih.gov/30886197/,10_Evidence/2019-the-polyadenylation-inhibitor-cordycepin-reduces-p-30886197.md
7e958112-c31d-4921-b052-4fb6a039b4e7,The structures and biological functions of polysaccharides from traditional Chinese herbs.,2019,Progress in molecular biology and translational science,animal,C_animal,Cordyceps_sinensis,cordyceps_extract,immune,disease_language|preclinical_only,extrapolated,research_only,needs_legal_review,10.1016/bs.pmbts.2019.03.003,31030757,https://pubmed.ncbi.nlm.nih.gov/31030757/,10_Evidence/2019-the-structures-and-biological-functions-of-polysac-31030757.md
0e70d302-cd0e-4962-b778-5711e7d54e30,Therapeutic Potential and Biological Applications of Cordycepin and Metabolic Mechanisms in Cordycepin-Producing Fungi.,2019,"Molecules (Basel, Switzerland)",unclear,F_review_only,Cordyceps_militaris,cordycepin,antioxidant,disease_language,direct,research_only,needs_legal_review,10.1038/nbt.4184,31207985,https://pubmed.ncbi.nlm.nih.gov/31207985/,10_Evidence/2019-therapeutic-potential-and-biological-applications--31207985.md
003a9a48-21dd-4dc9-90e4-ba200fe56a8f,[Molecular mechanisms of non-coding RNA regulating autophagy and interventional effects of Chinese herbal medicine].,2019,Zhongguo Zhong yao za zhi = Zhongguo zhongyao zazhi = China journal of Chinese materia medica,animal,C_animal,Cordyceps_sinensis,cordyceps_extract,immune,disease_language|preclinical_only,extrapolated,research_only,needs_legal_review,10.19540/j.cnki.cjcmm.20190812.401,31872646,https://pubmed.ncbi.nlm.nih.gov/31872646/,10_Evidence/2019-molecular-mechanisms-of-non-coding-rna-regulating--31872646.md
4276e67e-9ab7-4e8d-a794-fca17162fa97,"A review on the nucleic acid constituents in mushrooms: nucleobases, nucleosides and nucleotides.",2018,Critical reviews in biotechnology,review_narrative,F_review_only,Cordyceps_sinensis,cordycepin,other,disease_language|species_mismatch,partial,research_only,needs_legal_review,10.1080/07388551.2017.1399102,29124970,https://pubmed.ncbi.nlm.nih.gov/29124970/,10_Evidence/2018-a-review-on-the-nucleic-acid-constituents-in-mushr-29124970.md
4e78e749-6762-4f1b-a0ee-df280109a7c9,"Anti-tumor and anti-metastatic roles of cordycepin, one bioactive compound of Cordyceps militaris",2018,Saudi Journal of Biological Sciences,animal,C_animal,Cordyceps_militaris,cordycepin,other,disease_language|preclinical_only,direct,research_only,needs_legal_review,10.1016/j.sjbs.2018.05.016,30108453,https://doi.org/10.1016/j.sjbs.2018.05.016,10_Evidence/2018-anti-tumor-and-anti-metastatic-roles-of-cordycepin-30108453.md
fc938a70-ac6e-4e06-a4dc-ca0fae2db014,Antioxidant Activity and Infrared Spectroscopy Analysis of Alcoholic Extracts Obtained from Paecilomyces hepiali (Ascomycetes).,2018,International journal of medicinal mushrooms,animal,C_animal,Cordyceps_sinensis,cordyceps_extract,antioxidant,preclinical_only,extrapolated,research_only,candidate,10.1615/intjmedmushrooms.2018026548,29953355,https://pubmed.ncbi.nlm.nih.gov/29953355/,10_Evidence/2018-antioxidant-activity-and-infrared-spectroscopy-ana-29953355.md
75ac6b63-df95-4a8a-90de-e628af0e3cd9,Cordycepin Modulates Body Weight by Reducing Prolactin Via an Adenosine A1 Receptor.,2018,Current pharmaceutical design,animal,C_animal,unclear,cordycepin,metabolic,disease_language|preclinical_only,partial,research_only,needs_legal_review,10.2174/1381612824666180820144917,30124145,https://pubmed.ncbi.nlm.nih.gov/30124145/,10_Evidence/2018-cordycepin-modulates-body-weight-by-reducing-prola-30124145.md
d421ec14-75f6-420c-929c-dc9c49b9c603,Cordycepin induces apoptosis in human pancreatic cancer cells via the mitochondrial-mediated intrinsic pathway and suppresses tumor growth in vivo.,2018,OncoTargets and therapy,animal,C_animal,Cordyceps_sinensis,cordycepin,anti_inflammatory,disease_language|preclinical_only,extrapolated,research_only,needs_legal_review,10.2147/ott.s164670,30122940,https://pubmed.ncbi.nlm.nih.gov/30122940/,10_Evidence/2018-cordycepin-induces-apoptosis-in-human-pancreatic-c-30122940.md
6a693b4e-c043-4e67-9c9f-741f8e3ea0f8,Cordycepin reduces weight through regulating gut microbiota in high-fat diet-induced obese rats,2018,Lipids in Health and Disease,animal,C_animal,Cordyceps_militaris,cordycepin,energy_fatigue,disease_language|preclinical_only,direct,research_only,needs_legal_review,10.1186/s12944-018-0910-6,30522511,https://doi.org/10.1186/s12944-018-0910-6,10_Evidence/2018-cordycepin-reduces-weight-through-regulating-gut-m-30522511.md
9f13ed16-02b7-4768-8a88-766e8410b563,Cordyceps sinensis Promotes the Growth of Prostate Cancer Cells.,2018,Nutrition and cancer,animal,C_animal,Cordyceps_sinensis,unclear,antioxidant,disease_language|preclinical_only,extrapolated,research_only,needs_legal_review,10.1080/01635581.2018.1504091,30273008,https://pubmed.ncbi.nlm.nih.gov/30273008/,10_Evidence/2018-cordyceps-sinensis-promotes-the-growth-of-prostate-30273008.md
cd55348f-1312-4f1e-9e0f-d09f1069ac73,"Cosmetic and Skincare Benefits of Cultivated Mycelia from the Chinese Caterpillar Mushroom, Ophiocordyceps sinensis (Ascomycetes)",2018,International journal of medicinal mushrooms,animal,C_animal,Cordyceps_sinensis,cordyceps_extract,antioxidant,preclinical_only,extrapolated,research_only,candidate,10.1615/intjmedmushrooms.2018026883,30055554,https://doi.org/10.1615/intjmedmushrooms.2018026883,10_Evidence/2018-cosmetic-and-skincare-benefits-of-cultivated-mycel-30055554.md
d12abee3-3c6a-496b-8b5d-a92859c109ab,Effects of cordycepin on spontaneous alternation behavior and adenosine receptors expression in hippocampus.,2018,Physiology & behavior,animal,C_animal,unclear,cordycepin,cognitive,preclinical_only,partial,research_only,candidate,10.1016/j.physbeh.2017.11.026,29174913,https://pubmed.ncbi.nlm.nih.gov/29174913/,10_Evidence/2018-effects-of-cordycepin-on-spontaneous-alternation-b-29174913.md
ff1ee70c-53e0-4d19-a782-b76f7d005e58,Efficient CRISPR-Cas9 Gene Disruption System in Edible-Medicinal Mushroom Cordyceps militaris.,2018,Frontiers in microbiology,animal,C_animal,Cordyceps_militaris,unclear,other,preclinical_only,partial,research_only,candidate,10.3892/etm.2016.3536,29946301,https://pubmed.ncbi.nlm.nih.gov/29946301/,10_Evidence/2018-efficient-crispr-cas9-gene-disruption-system-in-ed-29946301.md
3dd40bdc-da10-409f-9d71-d53ed177a8f2,Extract of Paecilomyces hepiali mycelia induces lipolysis through PKA-mediated phosphorylation of hormone-sensitive lipase and ERK-mediated downregulation of perilipin in 3T3-L1 adipocytes,2018,BMC Complementary and Alternative Medicine,unclear,F_review_only,Cordyceps_sinensis,cordycepin,exercise_performance,disease_language,extrapolated,research_only,needs_legal_review,10.1186/s12906-018-2389-0,30526586,https://doi.org/10.1186/s12906-018-2389-0,10_Evidence/2018-extract-of-paecilomyces-hepiali-mycelia-induces-li-30526586.md
e3ac169e-adc1-4d08-9de8-27bc6777bec1,Extract of Paecilomyces hepiali mycelia induces lipolysis through PKA-mediated phosphorylation of hormone-sensitive lipase and ERK-mediated downregulation of perilipin in 3T3-L1 adipocytes.,2018,BMC complementary and alternative medicine,unclear,F_review_only,Cordyceps_sinensis,cordycepin,exercise_performance,disease_language|species_mismatch,partial,research_only,needs_legal_review,10.1111/j.1476-5381.2012.02005.x,30526586,https://pubmed.ncbi.nlm.nih.gov/30526586/,10_Evidence/2018-extract-of-paecilomyces-hepiali-mycelia-induces-li-e3ac169e.md
6ee50c40-043a-480b-b8b6-c4e9f9a7f1c3,Herbal medicine for sports: a review.,2018,Journal of the International Society of Sports Nutrition,review_narrative,F_review_only,Cordyceps_sinensis,cordyceps_extract,exercise_performance,,extrapolated,research_only,candidate,10.1002/ptr.5122,29568244,https://pubmed.ncbi.nlm.nih.gov/29568244/,10_Evidence/2018-herbal-medicine-for-sports-a-review-29568244.md
d3ca78f3-caa7-4d5b-aed0-365cb30228be,Metabolite analysis and nucleoside determination using reproducible UHPLC-Q-ToF-IMS in Ophiocordyceps sinensis,2018,Journal of Liquid Chromatography & Related Technologies,unclear,F_review_only,Cordyceps_sinensis,cordycepin,other,,extrapolated,research_only,candidate,10.1080/10826076.2018.1541804,,https://doi.org/10.1080/10826076.2018.1541804,10_Evidence/2018-metabolite-analysis-and-nucleoside-determination-u-10-1080-1082.md
e62173cd-8863-4ee3-a2a6-e5b0539938b4,NMR and IR analysis of natural substances isolated from Cordyceps medicinal mushrooms.,2018,Ceska a Slovenska farmacie : casopis Ceske farmaceuticke spolecnosti a Slovenske farmaceuticke spolecnosti,animal,C_animal,Cordyceps_sinensis,cordyceps_extract,antioxidant,disease_language|preclinical_only,extrapolated,research_only,needs_legal_review,,30871325,https://pubmed.ncbi.nlm.nih.gov/30871325/,10_Evidence/2018-nmr-and-ir-analysis-of-natural-substances-isolated-30871325.md
8b2c5b29-0ec4-4e77-a8cc-7eae00162f7e,Procoagulant constituents from Cordyceps militaris,2018,Food Science and Human Wellness,in_vitro,D_in_vitro,Cordyceps_militaris,cordycepin,other,preclinical_only,direct,research_only,candidate,10.1016/j.fshw.2018.11.001,,https://doi.org/10.1016/j.fshw.2018.11.001,10_Evidence/2018-procoagulant-constituents-from-cordyceps-militaris-10-1016-j-fs.md
61fe6f69-51d4-46ec-a57f-307d798beb02,Targeted Gene Deletion in Cordyceps militaris Using the Split-Marker Approach.,2018,Molecular biotechnology,animal,C_animal,Cordyceps_militaris,unclear,other,preclinical_only,partial,research_only,candidate,10.1007/s12033-018-0080-9,29605840,https://pubmed.ncbi.nlm.nih.gov/29605840/,10_Evidence/2018-targeted-gene-deletion-in-cordyceps-militaris-usin-29605840.md
82120163-0997-4b57-884d-80951a657f72,The Anticancer Properties of Cordycepin and Their Underlying Mechanisms,2018,International Journal of Molecular Sciences,review_narrative,F_review_only,unclear,cordycepin,other,disease_language,partial,research_only,needs_legal_review,10.3390/ijms19103027,30287757,https://doi.org/10.3390/ijms19103027,10_Evidence/2018-the-anticancer-properties-of-cordycepin-and-their--30287757.md
c575813b-0230-41a6-b12c-90b9a231e5f4,The Anticancer Properties of Cordycepin and Their Underlying Mechanisms.,2018,International journal of molecular sciences,review_narrative,F_review_only,unclear,cordycepin,other,disease_language,partial,research_only,needs_legal_review,10.1038/micronano.2017.104,30287757,https://pubmed.ncbi.nlm.nih.gov/30287757/,10_Evidence/2018-the-anticancer-properties-of-cordycepin-and-their--c575813b.md
8a4953c2-4133-44a8-be13-3d29139806d2,The Effect of the Hot Water Extracts of the Paecilomyces hepiali and Cordyceps militaris Mycelia on the Growth of Gastrointestinal Bacteria,2018,Advances in Microbiology,animal,C_animal,Cordyceps_sinensis,cordycepin,other,preclinical_only,extrapolated,research_only,candidate,10.4236/aim.2018.87034,,https://doi.org/10.4236/aim.2018.87034,10_Evidence/2018-the-effect-of-the-hot-water-extracts-of-the-paecil-10-4236-aim.md
2b7c9226-bb35-41b2-af43-7e53ff2322a6,A new ribonucleotide from Cordyceps militaris.,2017,Natural product research,animal,C_animal,Cordyceps_militaris,cordycepin,other,preclinical_only,direct,research_only,candidate,10.1080/14786419.2017.1323210,28503945,https://pubmed.ncbi.nlm.nih.gov/28503945/,10_Evidence/2017-a-new-ribonucleotide-from-cordyceps-militaris-28503945.md
a7bddbbb-9857-417d-98aa-0651726b7190,Anti-fibrosis effect for Hirsutella sinensis mycelium based on inhibition of mTOR p70S6K phosphorylation.,2017,Innate immunity,animal,C_animal,Cordyceps_sinensis,unclear,immune,disease_language|preclinical_only,extrapolated,research_only,needs_legal_review,10.1177/1753425917726361,28836874,https://pubmed.ncbi.nlm.nih.gov/28836874/,10_Evidence/2017-anti-fibrosis-effect-for-hirsutella-sinensis-mycel-28836874.md
a7511e62-d510-4284-a732-a7926c14f2a2,Cordycepin diminishes thymic stromal lymphopoietin-induced interleukin-13 production.,2017,European journal of pharmacology,animal,C_animal,unclear,cordycepin,antioxidant,disease_language|preclinical_only,partial,research_only,needs_legal_review,10.1016/j.ejphar.2017.02.033,28219709,https://pubmed.ncbi.nlm.nih.gov/28219709/,10_Evidence/2017-cordycepin-diminishes-thymic-stromal-lymphopoietin-28219709.md
c7cb343b-9690-409c-97a0-549c92286e33,Cordycepin inhibits vascular adhesion molecule expression in TNF-α-stimulated vascular muscle cells.,2017,Experimental and therapeutic medicine,animal,C_animal,Cordyceps_sinensis,cordycepin,antioxidant,disease_language|preclinical_only|species_mismatch,partial,research_only,needs_legal_review,10.1016/j.ejphar.2006.06.047,28962164,https://pubmed.ncbi.nlm.nih.gov/28962164/,10_Evidence/2017-cordycepin-inhibits-vascular-adhesion-molecule-exp-28962164.md
ed4b0418-202c-49f5-accb-f0af360ea29c,Crystallographic and SAXS studies of S-adenosyl-l-homocysteine hydrolase from Bradyrhizobium elkanii.,2017,IUCrJ,unclear,F_review_only,unclear,cordycepin,other,,partial,research_only,candidate,10.1107/s2052252517002433,28512574,https://pubmed.ncbi.nlm.nih.gov/28512574/,10_Evidence/2017-crystallographic-and-saxs-studies-of-s-adenosyl-l--28512574.md
29bb7080-324d-4a03-a87e-0b710bdce5c1,Development of Cordycepin Formulations for Preclinical and Clinical Studies.,2017,AAPS PharmSciTech,animal,C_animal,unclear,cordycepin,other,disease_language|preclinical_only,partial,research_only,needs_legal_review,10.1208/s12249-017-0795-0,28560504,https://pubmed.ncbi.nlm.nih.gov/28560504/,10_Evidence/2017-development-of-cordycepin-formulations-for-preclin-28560504.md
a5574dfa-2c63-4878-9ca3-4b8aa7291bec,Development of High Cordycepin-Producing Cordyceps militaris Strains,2017,Mycobiology,animal,C_animal,Cordyceps_militaris,cordycepin,other,preclinical_only,direct,research_only,candidate,10.5941/myco.2017.45.1.31,28435352,https://doi.org/10.5941/myco.2017.45.1.31,10_Evidence/2017-development-of-high-cordycepin-producing-cordyceps-28435352.md
9d6b9618-cf2b-4437-8bb3-3b8f31088649,Development of High Cordycepin-Producing Cordyceps militaris Strains.,2017,Mycobiology,animal,C_animal,Cordyceps_militaris,cordycepin,other,preclinical_only,direct,research_only,candidate,10.1002/jsfa.8097,28435352,https://pubmed.ncbi.nlm.nih.gov/28435352/,10_Evidence/2017-development-of-high-cordycepin-producing-cordyceps-9d6b9618.md
15215d6d-862d-4048-bd59-f5f208d5a9f6,Dopamine and serotonin contribute to Paecilomyces hepiali against chronic unpredictable mild stress induced depressive behavior in Sprague Dawley rats,2017,Molecular Medicine Reports,animal,C_animal,Cordyceps_sinensis,cordyceps_extract,antioxidant,disease_language|preclinical_only,extrapolated,research_only,needs_legal_review,10.3892/mmr.2017.7261,28849191,https://doi.org/10.3892/mmr.2017.7261,10_Evidence/2017-dopamine-and-serotonin-contribute-to-paecilomyces--28849191.md
19c45923-79c3-43ed-a9b4-34985138755d,Entomopathogenicity and Biological Attributes of Himalayan Treasured Fungus Ophiocordyceps sinensis (Yarsagumba),2017,Journal of Fungi,animal,C_animal,Cordyceps_sinensis,unclear,other,disease_language|preclinical_only,extrapolated,research_only,needs_legal_review,10.3390/jof3010004,29371523,https://doi.org/10.3390/jof3010004,10_Evidence/2017-entomopathogenicity-and-biological-attributes-of-h-29371523.md
9bd8356d-466a-4289-97c5-3d1a6294efb8,Functional Analysis of Ribonucleotide Reductase from Cordyceps militaris Expressed in Escherichia coli.,2017,Applied biochemistry and biotechnology,unclear,F_review_only,Cordyceps_militaris,cordycepin,metabolic,disease_language,direct,research_only,needs_legal_review,10.1007/s12010-017-2400-0,28074332,https://pubmed.ncbi.nlm.nih.gov/28074332/,10_Evidence/2017-functional-analysis-of-ribonucleotide-reductase-fr-28074332.md
1835fdd5-6768-4c82-8326-21ccda59afb8,Functional study of Cordyceps sinensis and cordycepin in male reproduction: A review.,2017,Journal of food and drug analysis,review_narrative,F_review_only,Cordyceps_sinensis,cordycepin,other,,extrapolated,research_only,candidate,10.1016/j.mce.2016.07.036,28911537,https://pubmed.ncbi.nlm.nih.gov/28911537/,10_Evidence/2017-functional-study-of-cordyceps-sinensis-and-cordyce-28911537.md
51779b82-7f19-4f1d-915c-08a56d0dfb69,GC-MS Profiling of Volatile Components in Different Fermentation Products of Cordyceps Sinensis Mycelia.,2017,"Molecules (Basel, Switzerland)",unclear,F_review_only,Cordyceps_sinensis,cordyceps_extract,other,,extrapolated,research_only,candidate,10.1248/cpb.53.1484,29064460,https://pubmed.ncbi.nlm.nih.gov/29064460/,10_Evidence/2017-gc-ms-profiling-of-volatile-components-in-differen-29064460.md
3e2a7e11-20dc-4d46-a875-77b00049b224,Genome-scale metabolic network of Cordyceps militaris useful for comparative analysis of entomopathogenic fungi.,2017,Gene,animal,C_animal,Cordyceps_militaris,cordycepin,metabolic,preclinical_only,direct,research_only,candidate,10.1016/j.gene.2017.05.027,28512059,https://pubmed.ncbi.nlm.nih.gov/28512059/,10_Evidence/2017-genome-scale-metabolic-network-of-cordyceps-milita-28512059.md
3e736c64-0c2f-4746-bb76-c369d5251cfb,"Identification of 3’deoxyadenosine (Cordycepin) from the medicinal mushrooms, Ophiocordyceps spp",2017,International Journal of Chemical Studies,animal,C_animal,Cordyceps_sinensis,cordycepin,other,preclinical_only|species_mismatch,partial,research_only,candidate,,,https://openalex.org/W2742659157,10_Evidence/2017-identification-of-3-deoxyadenosine-cordycepin-from-3e736c64-0c2.md
a0c42fca-d617-4bb3-8df2-f6af06ce2bc3,Metabolomic profile and nucleoside composition of Cordyceps nidus sp. nov. (Cordycipitaceae): A new source of active compounds.,2017,PloS one,animal,C_animal,Cordyceps_sinensis,cordycepin,antioxidant,preclinical_only,extrapolated,research_only,candidate,10.1007/bf02731896,28636672,https://pubmed.ncbi.nlm.nih.gov/28636672/,10_Evidence/2017-metabolomic-profile-and-nucleoside-composition-of--28636672.md
b4bb2bb0-0b71-4f82-95ba-ef21de07da94,Packaging cordycepin phycocyanin micelles for the inhibition of brain cancer.,2017,Journal of materials chemistry. B,animal,C_animal,unclear,cordycepin,cognitive,disease_language|preclinical_only,partial,research_only,needs_legal_review,10.1039/c7tb00994a,32264358,https://pubmed.ncbi.nlm.nih.gov/32264358/,10_Evidence/2017-packaging-cordycepin-phycocyanin-micelles-for-the--32264358.md
1e577375-1b13-4f67-a886-f00a78ce1ee1,Preventive effects of Ophiocordyceps sinensis mycelium on the liver fibrosis induced by thioacetamide.,2017,Environmental toxicology,animal,C_animal,Cordyceps_sinensis,unclear,antioxidant,disease_language|preclinical_only,extrapolated,research_only,needs_legal_review,10.1002/tox.22402,28181416,https://pubmed.ncbi.nlm.nih.gov/28181416/,10_Evidence/2017-preventive-effects-of-ophiocordyceps-sinensis-myce-28181416.md
3fe07be7-c319-42c1-9843-d452b848046b,Structural elucidation and immunostimulatory activity of a new polysaccharide from Cordyceps militaris,2017,Food & Function,animal,C_animal,Cordyceps_militaris,cordyceps_extract,immune,preclinical_only,partial,research_only,candidate,10.1039/c7fo01147d,29168868,https://doi.org/10.1039/c7fo01147d,10_Evidence/2017-structural-elucidation-and-immunostimulatory-activ-29168868.md
0fc18e73-471f-4996-a22f-6a619ac48b17,Systems Pharmacology-based strategy to screen new adjuvant for hepatitis B vaccine from Traditional Chinese Medicine Ophiocordyceps sinensis,2017,Scientific Reports,animal,C_animal,Cordyceps_sinensis,cordycepin,immune,disease_language|preclinical_only,extrapolated,research_only,needs_legal_review,10.1038/srep44788,28317886,https://doi.org/10.1038/srep44788,10_Evidence/2017-systems-pharmacology-based-strategy-to-screen-new--28317886.md
2192294e-b117-4450-a516-ba4ecb0e6962,The Protective Effect of Cordycepin on D-Galactosamine/Lipopolysaccharide-Induced Acute Liver Injury,2017,Mediators of Inflammation,animal,C_animal,Cordyceps_militaris,cordycepin,antioxidant,disease_language|preclinical_only,direct,research_only,needs_legal_review,10.1155/2017/3946706,28522898,https://doi.org/10.1155/2017/3946706,10_Evidence/2017-the-protective-effect-of-cordycepin-on-d-galactosa-28522898.md
3ba54122-ae60-48a6-afc9-a7da023d5166,The Protective Effect of Cordycepin on D-Galactosamine/Lipopolysaccharide-Induced Acute Liver Injury.,2017,Mediators of inflammation,animal,C_animal,Cordyceps_militaris,cordycepin,antioxidant,disease_language|preclinical_only,direct,research_only,needs_legal_review,10.1038/labinvest.2009.129,28522898,https://pubmed.ncbi.nlm.nih.gov/28522898/,10_Evidence/2017-the-protective-effect-of-cordycepin-on-d-galactosa-3ba54122.md
76b8ebec-42ef-4446-8021-8dd703e6e571,Total Phenolic Content and Antioxidant Activity of Mycelial Extracts from the Medicinal Fungus Paecilomyces hepiali (Ascomycetes).,2017,International journal of medicinal mushrooms,in_vitro,D_in_vitro,Cordyceps_sinensis,cordyceps_extract,antioxidant,preclinical_only,extrapolated,research_only,candidate,10.1615/intjmedmushrooms.v19.i1.40,28322145,https://pubmed.ncbi.nlm.nih.gov/28322145/,10_Evidence/2017-total-phenolic-content-and-antioxidant-activity-of-28322145.md
3c6438cb-0394-47fc-997b-81fed99c0f1c,Transcriptome-wide analysis reveals the progress of Cordyceps militaris subculture degeneration,2017,PLoS ONE,animal,C_animal,Cordyceps_militaris,unclear,energy_fatigue,preclinical_only,partial,research_only,candidate,10.1371/journal.pone.0186279,29073171,https://doi.org/10.1371/journal.pone.0186279,10_Evidence/2017-transcriptome-wide-analysis-reveals-the-progress-o-29073171.md
52a927a4-97d1-403d-99ea-05491026c186,[Simultaneous determination of cordycepin and 2'-deoxyadenosine in Cordyceps genus by online SPE-HPLC].,2017,Zhongguo Zhong yao za zhi = Zhongguo zhongyao zazhi = China journal of Chinese materia medica,animal,C_animal,mixed,cordycepin,other,preclinical_only|species_mismatch,partial,research_only,candidate,10.19540/j.cnki.cjcmm.20170223.025,29090553,https://pubmed.ncbi.nlm.nih.gov/29090553/,10_Evidence/2017-simultaneous-determination-of-cordycepin-and-2-deo-29090553.md
df663b14-4505-4c0b-80b3-ff3bc9e9124b,3'-Deoxyadenosine (Cordycepin) Produces a Rapid and Robust Antidepressant Effect via Enhancing Prefrontal AMPA Receptor Signaling Pathway.,2016,The international journal of neuropsychopharmacology,animal,C_animal,unclear,cordycepin,cognitive,disease_language|preclinical_only,partial,research_only,needs_legal_review,10.1093/ijnp/pyv112,26443809,https://pubmed.ncbi.nlm.nih.gov/26443809/,10_Evidence/2016-3-deoxyadenosine-cordycepin-produces-a-rapid-and-r-26443809.md
44dbf9d0-6b7d-4fd5-b544-c82280080615,Anti-Inflammation Properties of Fruiting Bodies and Submerged Cultured Mycelia of Culinary-Medicinal Higher Basidiomycetes Mushrooms.,2016,International journal of medicinal mushrooms,animal,C_animal,Cordyceps_sinensis,cordyceps_extract,antioxidant,disease_language|preclinical_only,extrapolated,research_only,needs_legal_review,10.1615/intjmedmushrooms.v18.i11.50,28008812,https://pubmed.ncbi.nlm.nih.gov/28008812/,10_Evidence/2016-anti-inflammation-properties-of-fruiting-bodies-an-28008812.md
0aabbb13-1f05-406f-a0a4-5110e2d37bf9,Anti-inflammatory Cerebrosides from Cultivated Cordyceps militaris.,2016,Journal of agricultural and food chemistry,unclear,F_review_only,Cordyceps_militaris,unclear,immune,,partial,research_only,candidate,10.1021/acs.jafc.5b05931,26853111,https://pubmed.ncbi.nlm.nih.gov/26853111/,10_Evidence/2016-anti-inflammatory-cerebrosides-from-cultivated-cor-26853111.md
430b050c-54df-41c0-ac85-23199af2efcc,"Chinese medicine CGA formula ameliorates DMN-induced liver fibrosis in rats via inhibiting MMP2/9, TIMP1/2 and the TGF-β/Smad signaling pathways.",2016,Acta pharmacologica Sinica,animal,C_animal,Cordyceps_sinensis,unclear,antioxidant,disease_language|preclinical_only,extrapolated,research_only,needs_legal_review,10.1038/aps.2016.35,27133300,https://pubmed.ncbi.nlm.nih.gov/27133300/,10_Evidence/2016-chinese-medicine-cga-formula-ameliorates-dmn-induc-27133300.md
1d2c2ccb-f982-4b9c-8de6-683309395728,"Comparison of different sequencing and assembly strategies for a repeat-rich fungal genome, Ophiocordyceps sinensis.",2016,Journal of microbiological methods,animal,C_animal,Cordyceps_sinensis,cordyceps_extract,other,preclinical_only,extrapolated,research_only,candidate,10.1016/j.mimet.2016.06.025,27343682,https://pubmed.ncbi.nlm.nih.gov/27343682/,10_Evidence/2016-comparison-of-different-sequencing-and-assembly-st-27343682.md
328208d2-8f3e-4938-8b3d-6f81b3510460,Cordycepin Prevents Bone Loss through Inhibiting Osteoclastogenesis by Scavenging ROS Generation.,2016,Nutrients,animal,C_animal,unclear,cordycepin,antioxidant,disease_language|preclinical_only,partial,research_only,needs_legal_review,10.1111/jnc.12682,27104563,https://pubmed.ncbi.nlm.nih.gov/27104563/,10_Evidence/2016-cordycepin-prevents-bone-loss-through-inhibiting-o-27104563.md
169914cc-6fad-4d77-a48e-d7bf89534966,Cordycepin Suppresses Thymic Stromal Lymphopoietin Expression via Blocking Caspase-1 and Receptor-Interacting Protein 2 Signaling Pathways in Mast Cells.,2016,Biological & pharmaceutical bulletin,animal,C_animal,Cordyceps_militaris,cordycepin,antioxidant,disease_language|preclinical_only,direct,research_only,needs_legal_review,10.1248/bpb.b15-00631,26725432,https://pubmed.ncbi.nlm.nih.gov/26725432/,10_Evidence/2016-cordycepin-suppresses-thymic-stromal-lymphopoietin-26725432.md
8aa76aa9-ae8f-41b7-af2a-c08149d969d8,Cordycepin attenuates traumatic brain injury-induced impairments of blood-brain barrier integrity in rats.,2016,Brain research bulletin,animal,C_animal,unclear,cordycepin,anti_inflammatory,disease_language|preclinical_only,partial,research_only,needs_legal_review,10.1016/j.brainresbull.2016.09.010,27646481,https://pubmed.ncbi.nlm.nih.gov/27646481/,10_Evidence/2016-cordycepin-attenuates-traumatic-brain-injury-induc-27646481.md
e49f25a4-1185-4b28-ae2f-dff5557b0895,Cordycepin enhances Epstein-Barr virus lytic infection and Epstein-Barr virus-positive tumor treatment efficacy by doxorubicin.,2016,Cancer letters,animal,C_animal,unclear,cordycepin,other,disease_language|preclinical_only,partial,research_only,needs_legal_review,10.1016/j.canlet.2016.04.001,27063964,https://pubmed.ncbi.nlm.nih.gov/27063964/,10_Evidence/2016-cordycepin-enhances-epstein-barr-virus-lytic-infec-27063964.md
42addf8d-beb5-48ca-bb48-0efcca7df9bb,Cordycepin increases radiosensitivity in cervical cancer cells by overriding or prolonging radiation-induced G2/M arrest.,2016,European journal of pharmacology,animal,C_animal,unclear,cordycepin,other,disease_language|preclinical_only,partial,research_only,needs_legal_review,10.1016/j.ejphar.2015.12.022,26688569,https://pubmed.ncbi.nlm.nih.gov/26688569/,10_Evidence/2016-cordycepin-increases-radiosensitivity-in-cervical--26688569.md
6a203ac0-8f60-420f-8a0c-f4b8fd6f24b0,Cordycepin induces apoptosis in human liver cancer HepG2 cells through extrinsic and intrinsic signaling pathways,2016,Oncology Letters,animal,C_animal,Cordyceps_sinensis,cordycepin,other,disease_language|preclinical_only|species_mismatch,partial,research_only,needs_legal_review,10.3892/ol.2016.4706,27446383,https://doi.org/10.3892/ol.2016.4706,10_Evidence/2016-cordycepin-induces-apoptosis-in-human-liver-cancer-27446383.md
b8ee1192-e9fa-4b15-888a-2290acb96786,Cordycepin induces apoptosis in human liver cancer HepG2 cells through extrinsic and intrinsic signaling pathways.,2016,Oncology letters,animal,C_animal,Cordyceps_sinensis,cordycepin,other,disease_language|preclinical_only,extrapolated,research_only,needs_legal_review,10.1016/j.juro.2012.08.193,27446383,https://pubmed.ncbi.nlm.nih.gov/27446383/,10_Evidence/2016-cordycepin-induces-apoptosis-in-human-liver-cancer-b8ee1192.md
bbbd87c6-4a87-4573-b1e9-158879366cc6,Cordycepin inhibits LPS-induced inflammatory and matrix degradation in the intervertebral disc.,2016,PeerJ,animal,C_animal,Cordyceps_militaris,cordycepin,other,disease_language|preclinical_only,direct,research_only,needs_legal_review,10.1111/j.2042-7158.2012.01601.x,27190710,https://pubmed.ncbi.nlm.nih.gov/27190710/,10_Evidence/2016-cordycepin-inhibits-lps-induced-inflammatory-and-m-27190710.md
fb9ffda4-8feb-401d-996a-1a3016827621,"Extraction, characterization and antioxidant activity of mycelial polysaccharides from Paecilomyces hepiali HN1.",2016,Carbohydrate polymers,animal,C_animal,Cordyceps_sinensis,cordyceps_extract,antioxidant,disease_language|preclinical_only,extrapolated,research_only,needs_legal_review,10.1016/j.carbpol.2015.11.010,26686161,https://pubmed.ncbi.nlm.nih.gov/26686161/,10_Evidence/2016-extraction-characterization-and-antioxidant-activi-26686161.md
df188387-1ceb-4143-a2a3-82cb1e08cf19,Functional study of Cordyceps sinensis and cordycepin in male reproduction: A review,2016,Journal of Food and Drug Analysis,review_narrative,F_review_only,Cordyceps_sinensis,cordycepin,other,,extrapolated,research_only,candidate,10.1016/j.jfda.2016.10.020,28911537,https://doi.org/10.1016/j.jfda.2016.10.020,10_Evidence/2016-functional-study-of-cordyceps-sinensis-and-cordyce-28911537.md
6f2ba226-16a0-4d6b-8a68-94bd19ef0d7a,Immunomodulatory properties of medicinal mushrooms: differential effects of water and ethanol extracts on NK cell-mediated cytotoxicity.,2016,Innate immunity,animal,C_animal,unclear,cordyceps_extract,immune,disease_language|preclinical_only,extrapolated,research_only,needs_legal_review,10.1177/1753425916661402,27469258,https://pubmed.ncbi.nlm.nih.gov/27469258/,10_Evidence/2016-immunomodulatory-properties-of-medicinal-mushrooms-27469258.md
ed8d0a1d-bc51-463d-843d-52afc64cd2ff,In vitro Stimulation of NK Cells and Lymphocytes Using an Extract Prepared from Mycelial Culture of Ophiocordyceps sinensis,2016,Immune Network,animal,C_animal,Cordyceps_sinensis,cordyceps_extract,immune,disease_language|preclinical_only,extrapolated,research_only,needs_legal_review,10.4110/in.2016.16.2.140,27162531,https://doi.org/10.4110/in.2016.16.2.140,10_Evidence/2016-in-vitro-stimulation-of-nk-cells-and-lymphocytes-u-27162531.md
dd8ca19b-31eb-4cc1-8602-ec87111f4247,Investigations on the antifatigue and antihypoxic effects of Paecilomyces hepiali extract.,2016,Molecular medicine reports,animal,C_animal,Cordyceps_sinensis,cordyceps_extract,immune,disease_language|preclinical_only,extrapolated,research_only,needs_legal_review,10.3892/mmr.2015.4734,26717979,https://pubmed.ncbi.nlm.nih.gov/26717979/,10_Evidence/2016-investigations-on-the-antifatigue-and-antihypoxic--26717979.md
fc0f75fa-1129-4a80-a01b-eb91b4e1787a,"Review of Naturopathy of Medical Mushroom, Ophiocordyceps Sinensis, in Sexual Dysfunction.",2016,Pharmacognosy reviews,review_narrative,F_review_only,Cordyceps_sinensis,cordyceps_extract,exercise_performance,disease_language,extrapolated,research_only,needs_legal_review,10.4103/0973-7847.176566,27041868,https://pubmed.ncbi.nlm.nih.gov/27041868/,10_Evidence/2016-review-of-naturopathy-of-medical-mushroom-ophiocor-27041868.md
02858bc8-d274-441e-9b55-d6cc233205e8,Studies on the Antidiabetic and Antinephritic Activities of Paecilomyces hepiali Water Extract in Diet-Streptozotocin-Induced Diabetic Sprague Dawley Rats.,2016,Journal of diabetes research,animal,C_animal,Cordyceps_sinensis,cordyceps_extract,metabolic,disease_language|preclinical_only,extrapolated,research_only,needs_legal_review,10.1039/c5fo00507h,27034961,https://pubmed.ncbi.nlm.nih.gov/27034961/,10_Evidence/2016-studies-on-the-antidiabetic-and-antinephritic-acti-27034961.md
c33a49d6-5351-4954-bb93-85d3f2c21960,The Molecular Heterogeneity of Natural Cordyceps sinensis with Multiple Ophiocordyceps sinensis Fungi Challenges the Anamorph-Teleomorph Connection Hypotheses,2016,American Journal of Biomedical Sciences,animal,C_animal,Cordyceps_sinensis,unclear,other,preclinical_only,extrapolated,research_only,candidate,10.5099/aj160200123,,https://doi.org/10.5099/aj160200123,10_Evidence/2016-the-molecular-heterogeneity-of-natural-cordyceps-s-10-5099-aj16.md
f1562693-f232-4d98-8884-abc6a46af83f,Therapeutic efficacy of a polysaccharide isolated from Cordyceps sinensis on hypertensive rats.,2016,International journal of biological macromolecules,animal,C_animal,Cordyceps_sinensis,cordyceps_extract,antioxidant,disease_language|preclinical_only,extrapolated,research_only,needs_legal_review,10.1016/j.ijbiomac.2015.09.060,26432374,https://pubmed.ncbi.nlm.nih.gov/26432374/,10_Evidence/2016-therapeutic-efficacy-of-a-polysaccharide-isolated--26432374.md
395f451f-3896-4d4b-a9c7-b4d449f497a1,[In Vitro Anti-HIV-1 Activity of Cordyceps sinensis Extracts].,2016,Bing du xue bao = Chinese journal of virology,in_vitro,D_in_vitro,Cordyceps_sinensis,cordyceps_extract,other,preclinical_only,extrapolated,research_only,candidate,,29979545,https://pubmed.ncbi.nlm.nih.gov/29979545/,10_Evidence/2016-in-vitro-anti-hiv-1-activity-of-cordyceps-sinensis-29979545.md
e3336f32-085c-451a-85ab-a3fee3008a71,[Molecular mechanisms of autophagy in regulating renal aging and interventional effects of Chinese herbal medicine].,2016,Zhongguo Zhong yao za zhi = Zhongguo zhongyao zazhi = China journal of Chinese materia medica,animal,C_animal,Cordyceps_sinensis,cordyceps_extract,metabolic,preclinical_only,extrapolated,research_only,candidate,10.4268/cjcmm20162105,28929674,https://pubmed.ncbi.nlm.nih.gov/28929674/,10_Evidence/2016-molecular-mechanisms-of-autophagy-in-regulating-re-28929674.md
722b79be-bf07-42a0-8b0a-801ae534512a,[TOF-SIMS Study of Mannitol and Cordycepin in Cordyceps Sinensis].,2016,PubMed,unclear,F_review_only,Cordyceps_sinensis,cordycepin,other,,extrapolated,research_only,candidate,,30052353,https://pubmed.ncbi.nlm.nih.gov/30052353,10_Evidence/2016-tof-sims-study-of-mannitol-and-cordycepin-in-cordy-30052353.md
324b58ed-6bb7-487e-8c21-20a469ec1936,Analysis of main chemical components from Ophiocordyceps sinensis in Yushu,2015,Shipin yu fajiao gongye,unclear,F_review_only,Cordyceps_sinensis,cordycepin,other,,extrapolated,research_only,candidate,,,https://openalex.org/W2384294284,10_Evidence/2015-analysis-of-main-chemical-components-from-ophiocor-324b58ed-6bb.md
781dc5e7-2178-4e28-89ab-47808c356b81,"Anticancer and antimetastatic effects of cordycepin, an active component of Cordyceps sinensis.",2015,Journal of pharmacological sciences,animal,C_animal,Cordyceps_sinensis,cordycepin,other,disease_language|preclinical_only|species_mismatch,partial,research_only,needs_legal_review,10.1016/j.jphs.2014.09.001,25704018,https://pubmed.ncbi.nlm.nih.gov/25704018/,10_Evidence/2015-anticancer-and-antimetastatic-effects-of-cordycepi-25704018.md
d7ad7718-ee8c-476c-8583-33c33df18320,"Biotechnological production and applications of Cordyceps militaris, a valued traditional Chinese medicine.",2015,Critical reviews in biotechnology,animal,C_animal,Cordyceps_militaris,unclear,other,preclinical_only,partial,research_only,candidate,10.3109/07388551.2014.900604,24666119,https://pubmed.ncbi.nlm.nih.gov/24666119/,10_Evidence/2015-biotechnological-production-and-applications-of-co-24666119.md
fdfbe1d0-d0c6-4ef9-bd3a-dc83827a6e6b,"Complete mitochondrial DNA genome of the medicinal mushroom Cordyceps militaris (Ascomycota, Cordycipitaceae).",2015,Mitochondrial DNA,unclear,F_review_only,Cordyceps_militaris,unclear,other,,partial,research_only,candidate,10.3109/19401736.2013.855754,24320617,https://pubmed.ncbi.nlm.nih.gov/24320617/,10_Evidence/2015-complete-mitochondrial-dna-genome-of-the-medicinal-24320617.md
e9d2d84e-a738-4d57-8e38-f6c44e36f7df,"Cordycepin (3'-deoxyadenosine) suppressed HMGA2, Twist1 and ZEB1-dependent melanoma invasion and metastasis by targeting miR-33b.",2015,Oncotarget,animal,C_animal,unclear,cordycepin,other,disease_language|preclinical_only,partial,research_only,needs_legal_review,10.18632/oncotarget.3383,25868853,https://pubmed.ncbi.nlm.nih.gov/25868853/,10_Evidence/2015-cordycepin-3-deoxyadenosine-suppressed-hmga2-twist-25868853.md
19f52666-be5b-49a9-8762-c7188c236100,Cordycepin and N6-(2-hydroxyethyl)-adenosine from Cordyceps pruinosa and their interaction with human serum albumin.,2015,PloS one,unclear,F_review_only,unclear,cordycepin,antioxidant,disease_language,partial,research_only,needs_legal_review,10.1002/bio.2635,25811172,https://pubmed.ncbi.nlm.nih.gov/25811172/,10_Evidence/2015-cordycepin-and-n6-2-hydroxyethyl-adenosine-from-co-25811172.md
0400af59-7fe1-4eed-8f90-284029a13abb,Cordycepin from Cordyceps militaris prevents hyperglycemia in alloxan-induced diabetic mice.,2015,"Nutrition research (New York, N.Y.)",animal,C_animal,Cordyceps_militaris,cordycepin,metabolic,disease_language|preclinical_only,direct,research_only,needs_legal_review,10.1016/j.nutres.2015.04.011,25940982,https://pubmed.ncbi.nlm.nih.gov/25940982/,10_Evidence/2015-cordycepin-from-cordyceps-militaris-prevents-hyper-25940982.md
f001bef1-d498-494e-8910-8ecfc17408bb,Cordycepin induced MA-10 mouse Leydig tumor cell apoptosis by regulating p38 MAPKs and PI3K/AKT signaling pathways.,2015,Scientific reports,animal,C_animal,unclear,cordycepin,antioxidant,disease_language|preclinical_only,partial,research_only,needs_legal_review,10.1038/srep13372,26303320,https://pubmed.ncbi.nlm.nih.gov/26303320/,10_Evidence/2015-cordycepin-induced-ma-10-mouse-leydig-tumor-cell-a-26303320.md
3bb9596d-44c4-48c3-a550-5fa10243d2c7,Cordycepin prevents oxidative stress-induced inhibition of osteogenesis.,2015,Oncotarget,animal,C_animal,Cordyceps_militaris,cordycepin,antioxidant,disease_language|preclinical_only,direct,research_only,needs_legal_review,10.18632/oncotarget.6072,26462178,https://pubmed.ncbi.nlm.nih.gov/26462178/,10_Evidence/2015-cordycepin-prevents-oxidative-stress-induced-inhib-26462178.md
fc7b1193-3ed0-4a4d-8b76-894b8fbd386b,Cordycepin protected against the TNF-α-induced inhibition of osteogenic differentiation of human adipose-derived mesenchymal stem cells.,2015,International journal of immunopathology and pharmacology,animal,C_animal,Cordyceps_militaris,cordycepin,immune,disease_language|preclinical_only,direct,research_only,needs_legal_review,10.1177/0394632015592160,26130747,https://pubmed.ncbi.nlm.nih.gov/26130747/,10_Evidence/2015-cordycepin-protected-against-the-tnf-induced-inhib-26130747.md
b3b16c39-ac40-47e7-bfea-c69696ca4e81,Cordyceps militaris (L.) Link Fruiting Body Reduces the Growth of a Non-Small Cell Lung Cancer Cell Line by Increasing Cellular Levels of p53 and p21.,2015,"Molecules (Basel, Switzerland)",animal,C_animal,Cordyceps_militaris,cordyceps_extract,respiratory,disease_language|preclinical_only,partial,research_only,needs_legal_review,10.1016/j.foodchem.2011.11.031,26263965,https://pubmed.ncbi.nlm.nih.gov/26263965/,10_Evidence/2015-cordyceps-militaris-l-link-fruiting-body-reduces-t-26263965.md
92b4225f-8e3b-4471-844a-d89eb3a4bcc3,Cordyceps militaris Enhances Cell-Mediated Immunity in Healthy Korean Men.,2015,Journal of medicinal food,animal,C_animal,Cordyceps_militaris,unclear,immune,disease_language|preclinical_only,partial,research_only,needs_legal_review,10.1089/jmf.2014.3350,26284906,https://pubmed.ncbi.nlm.nih.gov/26284906/,10_Evidence/2015-cordyceps-militaris-enhances-cell-mediated-immunit-26284906.md
1ce17f12-e0bd-4b16-b1bf-af932d70b91f,Cordyceps militaris mushroom and cordycepin inhibit RANKL-induced osteoclast differentiation.,2015,Journal of medicinal food,animal,C_animal,Cordyceps_militaris,cordycepin,other,disease_language|preclinical_only,direct,research_only,needs_legal_review,10.1089/jmf.2014.3215,25789604,https://pubmed.ncbi.nlm.nih.gov/25789604/,10_Evidence/2015-cordyceps-militaris-mushroom-and-cordycepin-inhibi-25789604.md
97b8281c-652f-442d-99b1-c7105cf32058,Cordyceps sinensis (a traditional Chinese medicine) for kidney transplant recipients.,2015,The Cochrane database of systematic reviews,systematic_review,F_review_only,Cordyceps_sinensis,cordyceps_extract,respiratory,disease_language,extrapolated,research_only,needs_legal_review,10.1002/14651858.cd009698,26457607,https://pubmed.ncbi.nlm.nih.gov/26457607/,10_Evidence/2015-cordyceps-sinensis-a-traditional-chinese-medicine--26457607.md
7c7ad504-0edd-4d0f-9945-998fb779abea,Cordyceptin induces apoptosis through repressing hTERT expression and inducing extranuclear export of hTERT.,2015,Journal of bioscience and bioengineering,animal,C_animal,Cordyceps_militaris,cordycepin,immune,disease_language|preclinical_only,direct,research_only,needs_legal_review,10.1016/j.jbiosc.2014.08.008,25282637,https://pubmed.ncbi.nlm.nih.gov/25282637/,10_Evidence/2015-cordyceptin-induces-apoptosis-through-repressing-h-25282637.md
b02859d7-5de2-4481-9065-d889761afefa,"Culture conditions for production of biomass, adenosine, and cordycepin from Cordyceps sinensis CS1197: Optimization by desirability function method",2015,Pharmacognosy Magazine,animal,C_animal,Cordyceps_sinensis,cordycepin,antioxidant,preclinical_only,extrapolated,research_only,candidate,10.4103/0973-1296.168946,26929580,https://doi.org/10.4103/0973-1296.168946,10_Evidence/2015-culture-conditions-for-production-of-biomass-adeno-26929580.md
c63a759c-462a-4b29-811a-d5f044768229,Effects of heat on the biological activity of wild Cordyceps sinensis,2015,Journal of Traditional Chinese Medical Sciences,unclear,F_review_only,Cordyceps_sinensis,cordycepin,other,disease_language,extrapolated,research_only,needs_legal_review,10.1016/j.jtcms.2014.12.005,,https://doi.org/10.1016/j.jtcms.2014.12.005,10_Evidence/2015-effects-of-heat-on-the-biological-activity-of-wild-10-1016-j-jt.md
18c5f142-8e0b-4a29-bba5-4d167df1948e,Fermentation optimization for the production of bioactive polysaccharides from Cordyceps sinensis fungus UM01.,2015,International journal of biological macromolecules,animal,C_animal,Cordyceps_sinensis,cordyceps_extract,exercise_performance,preclinical_only,extrapolated,research_only,candidate,10.1016/j.ijbiomac.2015.04.040,25936285,https://pubmed.ncbi.nlm.nih.gov/25936285/,10_Evidence/2015-fermentation-optimization-for-the-production-of-bi-25936285.md
636d6943-fe76-405d-ab58-8461d30d748a,Finding of polysaccharide-peptide complexes in Cordyceps militaris and evaluation of its acetylcholinesterase inhibition activity.,2015,Journal of food and drug analysis,animal,C_animal,Cordyceps_militaris,cordyceps_extract,exercise_performance,disease_language|preclinical_only,partial,research_only,needs_legal_review,10.1016/j.jfda.2014.05.006,28911447,https://pubmed.ncbi.nlm.nih.gov/28911447/,10_Evidence/2015-finding-of-polysaccharide-peptide-complexes-in-cor-28911447.md
dff65116-8ad5-49e9-ad06-a8b5c0efbaa8,Hirsutella sinensis mycelium attenuates bleomycin-induced pulmonary inflammation and fibrosis in vivo.,2015,Scientific reports,animal,C_animal,Cordyceps_sinensis,cordyceps_extract,respiratory,disease_language|preclinical_only,extrapolated,research_only,needs_legal_review,10.1038/srep15282,26497260,https://pubmed.ncbi.nlm.nih.gov/26497260/,10_Evidence/2015-hirsutella-sinensis-mycelium-attenuates-bleomycin--26497260.md
7e623cf2-8880-47b5-affc-107ff58e7847,Identification of chemical markers in Cordyceps sinensis by HPLC-MS/MS.,2015,Analytical and bioanalytical chemistry,unclear,F_review_only,Cordyceps_sinensis,cordycepin,metabolic,,extrapolated,research_only,candidate,10.1081/e-eds-120024882,26302964,https://pubmed.ncbi.nlm.nih.gov/26302964/,10_Evidence/2015-identification-of-chemical-markers-in-cordyceps-si-26302964.md
ba772da4-a054-4dcd-b833-6498905efe1e,"Immune-Modulating Activity of Extract Prepared from Mycelial Culture of Chinese Caterpillar Mushroom, Ophiocordyceps sinensis (Ascomycetes)",2015,International journal of medicinal mushrooms,animal,C_animal,Cordyceps_sinensis,cordyceps_extract,immune,disease_language|preclinical_only,extrapolated,research_only,needs_legal_review,10.1615/intjmedmushrooms.v17.i12.90,26854106,https://doi.org/10.1615/intjmedmushrooms.v17.i12.90,10_Evidence/2015-immune-modulating-activity-of-extract-prepared-fro-26854106.md
37511dc1-2744-439d-831b-5112f9398b86,Inhibition of adenosine deaminase (ADA)-mediated metabolism of cordycepin by natural substances.,2015,Pharmacology research & perspectives,animal,C_animal,unclear,cordycepin,metabolic,disease_language|preclinical_only,partial,research_only,needs_legal_review,10.1002/prp2.121,26038697,https://pubmed.ncbi.nlm.nih.gov/26038697/,10_Evidence/2015-inhibition-of-adenosine-deaminase-ada-mediated-met-26038697.md
936c709a-437e-473f-99dc-4158d290cb33,Osteoprotective effect of cordycepin on estrogen deficiency-induced osteoporosis in vitro and in vivo.,2015,BioMed research international,animal,C_animal,unclear,cordycepin,antioxidant,disease_language|preclinical_only,partial,research_only,needs_legal_review,10.1016/s0165-0173(97)00045-3,25874211,https://pubmed.ncbi.nlm.nih.gov/25874211/,10_Evidence/2015-osteoprotective-effect-of-cordycepin-on-estrogen-d-25874211.md
8cc0b3cc-4487-405c-a0a2-9da3e335fe4c,"Protective Efficacy of the Caterpillar Mushroom, Ophiocordyceps sinensis (Ascomycetes), from India in Neuronal Hippocampal Cells against Hypoxia",2015,International journal of medicinal mushrooms,animal,C_animal,Cordyceps_sinensis,cordyceps_extract,antioxidant,disease_language|preclinical_only,extrapolated,research_only,needs_legal_review,10.1615/intjmedmushrooms.v17.i9.30,26756295,https://doi.org/10.1615/intjmedmushrooms.v17.i9.30,10_Evidence/2015-protective-efficacy-of-the-caterpillar-mushroom-op-26756295.md
b5322fe9-56ad-4a15-bc05-201db6ae3b8a,Purification of polysaccharides from Cordyceps militaris and their anti‑hypoxic effect.,2015,Molecular medicine reports,unclear,F_review_only,Cordyceps_militaris,cordyceps_extract,antioxidant,,partial,research_only,candidate,10.3892/mmr.2014.2786,25351532,https://pubmed.ncbi.nlm.nih.gov/25351532/,10_Evidence/2015-purification-of-polysaccharides-from-cordyceps-mil-25351532.md
e120f5d3-cc2f-4d92-9e91-6556b633db15,Structural Characterization and Biological Activities of a Novel Polysaccharide from Cultured Cordyceps militaris and Its Sulfated Derivative,2015,Journal of Agricultural and Food Chemistry,unclear,F_review_only,Cordyceps_militaris,unclear,antioxidant,,partial,research_only,candidate,10.1021/jf505915t,25785351,https://doi.org/10.1021/jf505915t,10_Evidence/2015-structural-characterization-and-biological-activit-25785351.md
def3b1f1-2fc6-4e59-9f33-36da5425df49,Suppressing effect of cordycepin on the lipopolysaccharide-induced nitric oxide production in RAW 264.7 cells,2015,Bioscience Biotechnology and Biochemistry,unclear,F_review_only,unclear,cordycepin,anti_inflammatory,,partial,research_only,candidate,10.1080/09168451.2015.1008977,25652735,https://doi.org/10.1080/09168451.2015.1008977,10_Evidence/2015-suppressing-effect-of-cordycepin-on-the-lipopolysa-25652735.md
bb359dd1-ed4f-4f3a-9d05-17caf8ecb583,Synthesis of Cordycepin,2015,Hecheng huaxue,unclear,F_review_only,unclear,cordycepin,antioxidant,,partial,research_only,candidate,,,https://openalex.org/W2390444107,10_Evidence/2015-synthesis-of-cordycepin-bb359dd1-ed4.md
4bf30013-c8dc-49bd-b20d-9838292f0f11,The Chemical Constituents and Pharmacological Actions of Cordyceps sinensis.,2015,Evidence-based complementary and alternative medicine : eCAM,unclear,F_review_only,Cordyceps_sinensis,cordyceps_extract,immune,disease_language,extrapolated,research_only,needs_legal_review,10.1080/10286020.2012.670220,25960753,https://pubmed.ncbi.nlm.nih.gov/25960753/,10_Evidence/2015-the-chemical-constituents-and-pharmacological-acti-25960753.md
87c1cf27-e93f-4f65-807b-80b41d0e2530,Use of Ophiocordyceps sinensis (syn. Cordyceps sinensis ) combined with angiotensin-converting enzyme inhibitors (ACEI)/angiotensin receptor blockers (ARB) versus ACEI/ARB alone in the treatment of diabetic kidney disease: a meta-analysis,2015,Renal Failure,meta_analysis,F_review_only,Cordyceps_sinensis,unclear,metabolic,disease_language,extrapolated,research_only,needs_legal_review,10.3109/0886022x.2015.1009820,25682973,https://doi.org/10.3109/0886022x.2015.1009820,10_Evidence/2015-use-of-ophiocordyceps-sinensis-syn-cordyceps-sinen-25682973.md
b033d944-9136-4a66-b865-b214f282d802,[Investigation of metal element content of some European and Far Eastern herbs].,2015,Orvosi hetilap,animal,C_animal,Cordyceps_sinensis,cordyceps_extract,antioxidant,preclinical_only,extrapolated,research_only,candidate,10.1556/650.2015.30193,26211750,https://pubmed.ncbi.nlm.nih.gov/26211750/,10_Evidence/2015-investigation-of-metal-element-content-of-some-eur-26211750.md
bcb0cfac-d98b-45da-8e42-e4cf9443301e,3'-End labeling of RNA with yeast Poly(A) polymerase and 3'-deoxyadenosine 5'-[α-32P]triphosphate.,2014,Cold Spring Harbor protocols,animal,C_animal,unclear,cordycepin,other,preclinical_only,partial,research_only,candidate,10.1101/pdb.prot080770,24890209,https://pubmed.ncbi.nlm.nih.gov/24890209/,10_Evidence/2014-3-end-labeling-of-rna-with-yeast-poly-a-polymerase-24890209.md
b63942d8-a965-4e8c-8b70-a362cdf1bfa1,A Comparative Study on Chemical Composition and Pharmacological Effects of Paecilomyces hepiali and Wild Ophiocordyceps sinensis,2014,Advances in Microbiology,animal,C_animal,Cordyceps_sinensis,cordyceps_extract,antioxidant,disease_language|preclinical_only,extrapolated,research_only,needs_legal_review,10.4236/aim.2014.412093,,https://doi.org/10.4236/aim.2014.412093,10_Evidence/2014-a-comparative-study-on-chemical-composition-and-ph-10-4236-aim.md
689ef333-c516-4c28-b640-4bc09d5f5fde,A Review on Fungal Isolates Reported as Anamorphs of Ophiocordyceps sinensis,2014,Journal of Mycology,review_narrative,F_review_only,Cordyceps_sinensis,unclear,other,,extrapolated,research_only,candidate,10.1155/2014/913917,,https://doi.org/10.1155/2014/913917,10_Evidence/2014-a-review-on-fungal-isolates-reported-as-anamorphs--10-1155-2014.md
ea095cc6-b61d-4088-86ce-ae29f5f1d2f2,Altered Proteomic Polymorphisms in the Caterpillar Body and Stroma of Natural Cordyceps sinensis during Maturation,2014,PLoS ONE,animal,C_animal,Cordyceps_sinensis,unclear,antioxidant,preclinical_only,extrapolated,research_only,candidate,10.1371/journal.pone.0109083,25310818,https://doi.org/10.1371/journal.pone.0109083,10_Evidence/2014-altered-proteomic-polymorphisms-in-the-caterpillar-25310818.md
e6214a3a-e770-4d4a-9853-60319b7d49fb,Analysis on Contents of Adenosine and Cordycepin in Cordyceps Sinensis and Its Culture Medium by RP-HPLC,2014,Guiding Journal of Traditional Chinese Medicine and Pharmacy,unclear,F_review_only,Cordyceps_sinensis,cordycepin,other,,extrapolated,research_only,candidate,,,https://openalex.org/W2351461391,10_Evidence/2014-analysis-on-contents-of-adenosine-and-cordycepin-i-e6214a3a-e77.md
be9c22e0-b39e-48ad-bec2-13b03fdfb0e1,Antidepressant‐Like Effects of Cordycepin in a Mice Model of Chronic Unpredictable Mild Stress,2014,Evidence-based Complementary and Alternative Medicine,animal,C_animal,Cordyceps_militaris,cordycepin,cognitive,disease_language|preclinical_only,direct,research_only,needs_legal_review,10.1155/2014/438506,25587342,https://doi.org/10.1155/2014/438506,10_Evidence/2014-antidepressant-like-effects-of-cordycepin-in-a-mic-25587342.md
14f5134d-7157-4ba1-9ebb-2aaa8e4d9cab,Apoptotic effect of cisplatin and cordycepin on OC3 human oral cancer cells.,2014,Chinese journal of integrative medicine,animal,C_animal,unclear,cordycepin,other,disease_language|preclinical_only,partial,research_only,needs_legal_review,10.1007/s11655-013-1453-3,23543357,https://pubmed.ncbi.nlm.nih.gov/23543357/,10_Evidence/2014-apoptotic-effect-of-cisplatin-and-cordycepin-on-oc-23543357.md
fb8e1a3b-9e1f-4a26-ad0d-900691b4e724,Chemical composition and nutritional and medicinal value of fruit bodies and submerged cultured mycelia of culinary-medicinal higher Basidiomycetes mushrooms.,2014,International journal of medicinal mushrooms,animal,C_animal,Cordyceps_sinensis,cordycepin,energy_fatigue,disease_language|preclinical_only,extrapolated,research_only,needs_legal_review,10.1615/intjmedmushr.v16.i3.80,24941169,https://pubmed.ncbi.nlm.nih.gov/24941169/,10_Evidence/2014-chemical-composition-and-nutritional-and-medicinal-24941169.md
c169a26d-8352-419a-ae45-c7cb4e0064f3,Cordycepin (3'-deoxyadenosine) down-regulates the proinflammatory cytokines in inflammation-induced osteoporosis model.,2014,Inflammation,animal,C_animal,unclear,cordycepin,anti_inflammatory,disease_language|preclinical_only,partial,research_only,needs_legal_review,10.1007/s10753-014-9827-z,24493324,https://pubmed.ncbi.nlm.nih.gov/24493324/,10_Evidence/2014-cordycepin-3-deoxyadenosine-down-regulates-the-pro-24493324.md
18e115ae-528a-4c04-9fbe-44b85912664d,Cordycepin activates AMP-activated protein kinase (AMPK) via interaction with the γ1 subunit.,2014,Journal of cellular and molecular medicine,animal,C_animal,Cordyceps_militaris,cordycepin,metabolic,disease_language|preclinical_only,direct,research_only,needs_legal_review,10.1111/jcmm.12187,24286368,https://pubmed.ncbi.nlm.nih.gov/24286368/,10_Evidence/2014-cordycepin-activates-amp-activated-protein-kinase--24286368.md
68d71d33-a697-4c78-b6d5-ee44e822ff19,Cordycepin down-regulates multiple drug resistant (MDR)/HIF-1α through regulating AMPK/mTORC1 signaling in GBC-SD gallbladder cancer cells.,2014,International journal of molecular sciences,animal,C_animal,unclear,cordycepin,metabolic,disease_language|preclinical_only,partial,research_only,needs_legal_review,10.1007/s00280-006-0354-y,25046749,https://pubmed.ncbi.nlm.nih.gov/25046749/,10_Evidence/2014-cordycepin-down-regulates-multiple-drug-resistant--25046749.md
5750deb5-8277-434a-992f-a74c1f915d98,Cordycepin induces apoptosis of C6 glioma cells through the adenosine 2A receptor-p53-caspase-7-PARP pathway.,2014,Chemico-biological interactions,animal,C_animal,Cordyceps_sinensis,cordycepin,other,disease_language|preclinical_only|species_mismatch,partial,research_only,needs_legal_review,10.1016/j.cbi.2014.03.010,24704558,https://pubmed.ncbi.nlm.nih.gov/24704558/,10_Evidence/2014-cordycepin-induces-apoptosis-of-c6-glioma-cells-th-24704558.md
604a9901-d045-406a-8e1d-b60ac44bcc68,Cordycepin is a novel chemical suppressor of Epstein-Barr virus replication.,2014,Oncoscience,animal,C_animal,unclear,cordycepin,antioxidant,disease_language|preclinical_only,partial,research_only,needs_legal_review,10.18632/oncoscience.110,25621301,https://pubmed.ncbi.nlm.nih.gov/25621301/,10_Evidence/2014-cordycepin-is-a-novel-chemical-suppressor-of-epste-25621301.md
d3a9e519-b611-4f81-b48c-efa0a0285d27,Cordycepin suppresses integrin/FAK signaling and epithelial-mesenchymal transition in hepatocellular carcinoma.,2014,Anti-cancer agents in medicinal chemistry,animal,C_animal,unclear,cordycepin,immune,disease_language|preclinical_only,partial,research_only,needs_legal_review,10.2174/18715206113139990305,23855336,https://pubmed.ncbi.nlm.nih.gov/23855336/,10_Evidence/2014-cordycepin-suppresses-integrin-fak-signaling-and-e-23855336.md
217c6edd-d189-43df-921b-f236bdf6b3bd,"Cordycepin, 3'-deoxyadenosine, prevents rat hearts from ischemia/reperfusion injury via activation of Akt/GSK-3β/p70S6K signaling pathway and HO-1 expression.",2014,Cardiovascular toxicology,animal,C_animal,Cordyceps_militaris,cordycepin,antioxidant,disease_language|preclinical_only,direct,research_only,needs_legal_review,10.1007/s12012-013-9232-0,24178833,https://pubmed.ncbi.nlm.nih.gov/24178833/,10_Evidence/2014-cordycepin-3-deoxyadenosine-prevents-rat-hearts-fr-24178833.md
728364a4-b98e-40fb-8d92-f4221903b3e3,Cordyceps militaris alleviates non-alcoholic fatty liver disease in ob/ob mice.,2014,Nutrition research and practice,animal,C_animal,Cordyceps_militaris,cordyceps_extract,metabolic,disease_language|preclinical_only,partial,research_only,needs_legal_review,10.4162/nrp.2014.8.2.172,24741401,https://pubmed.ncbi.nlm.nih.gov/24741401/,10_Evidence/2014-cordyceps-militaris-alleviates-non-alcoholic-fatty-24741401.md
e30389ee-cdd5-4fe3-8aa6-66024da758c0,Cordyceps sinensis (a traditional Chinese medicine) for treating chronic kidney disease.,2014,The Cochrane database of systematic reviews,systematic_review,F_review_only,Cordyceps_sinensis,cordyceps_extract,other,disease_language,extrapolated,research_only,needs_legal_review,10.1002/14651858.cd008353,25519252,https://pubmed.ncbi.nlm.nih.gov/25519252/,10_Evidence/2014-cordyceps-sinensis-a-traditional-chinese-medicine--25519252.md
02f3a258-6eb3-4816-8d57-29e93aba5501,Cordyceps sinensis prevents apoptosis in mouse liver with D-galactosamine/lipopolysaccharide-induced fulminant hepatic failure.,2014,The American journal of Chinese medicine,animal,C_animal,Cordyceps_sinensis,unclear,immune,disease_language|preclinical_only,extrapolated,research_only,needs_legal_review,10.1142/s0192415x14500281,24707872,https://pubmed.ncbi.nlm.nih.gov/24707872/,10_Evidence/2014-cordyceps-sinensis-prevents-apoptosis-in-mouse-liv-24707872.md
d562d41b-3f11-4caf-8d4a-bbf136ac0258,In vitro evaluation of Cordyceps militaris as a potential radioprotective agent.,2014,International journal of molecular medicine,animal,C_animal,Cordyceps_militaris,cordycepin,antioxidant,disease_language|preclinical_only,direct,research_only,needs_legal_review,10.3892/ijmm.2014.1901,25176413,https://pubmed.ncbi.nlm.nih.gov/25176413/,10_Evidence/2014-in-vitro-evaluation-of-cordyceps-militaris-as-a-po-25176413.md
33c13f9d-65e2-4f3b-9252-16e9c05d0647,Involvement of autophagy in cordycepin-induced apoptosis in human prostate carcinoma LNCaP cells.,2014,Environmental toxicology and pharmacology,animal,C_animal,unclear,cordycepin,antioxidant,disease_language|preclinical_only,partial,research_only,needs_legal_review,10.1016/j.etap.2014.06.003,24973666,https://pubmed.ncbi.nlm.nih.gov/24973666/,10_Evidence/2014-involvement-of-autophagy-in-cordycepin-induced-apo-24973666.md
a7bfdc5f-35f1-4d1b-8e13-620b9e8e9a03,"Mycelial fermentation characteristics and anti-fatigue activities of a Chinese caterpillar fungus, Ophiocordyceps sinensis strain Cs-HK1 (Ascomycetes).",2014,International journal of medicinal mushrooms,animal,C_animal,Cordyceps_sinensis,cordyceps_extract,energy_fatigue,preclinical_only,extrapolated,research_only,candidate,10.1615/intjmedmushr.v16.i2.10,24941032,https://pubmed.ncbi.nlm.nih.gov/24941032/,10_Evidence/2014-mycelial-fermentation-characteristics-and-anti-fat-24941032.md
fa95af62-8532-4161-8909-44a2e5b8f29a,Optimization for production of exopolysaccharides with antitumor activity in vitro from Paecilomyces hepiali.,2014,Carbohydrate polymers,animal,C_animal,Cordyceps_sinensis,cordyceps_extract,antioxidant,disease_language|preclinical_only,extrapolated,research_only,needs_legal_review,10.1016/j.carbpol.2013.08.010,24274500,https://pubmed.ncbi.nlm.nih.gov/24274500/,10_Evidence/2014-optimization-for-production-of-exopolysaccharides--24274500.md
9d19ab2d-8000-4176-b5b6-593f0cfd3e01,Optimization of Ultrasonic-Assisted Extraction of Cordycepin from Cordyceps militaris Using Orthogonal Experimental Design,2014,Molecules,animal,C_animal,Cordyceps_militaris,cordycepin,other,preclinical_only,direct,research_only,candidate,10.3390/molecules191220808,25514223,https://doi.org/10.3390/molecules191220808,10_Evidence/2014-optimization-of-ultrasonic-assisted-extraction-of--25514223.md
1c06a3e8-9cc6-42af-b7ca-341819958e77,Optimization of fermentation process of Cordyceps militaris and antitumor activities of polysaccharides in vitro,2014,Journal of Food and Drug Analysis,animal,C_animal,Cordyceps_militaris,cordyceps_extract,antioxidant,disease_language|preclinical_only,partial,research_only,needs_legal_review,10.1016/j.jfda.2014.01.028,28911462,https://doi.org/10.1016/j.jfda.2014.01.028,10_Evidence/2014-optimization-of-fermentation-process-of-cordyceps--28911462.md
183785f7-591d-492a-9268-a2ddc72bad9d,Pharmacological study progress of the Cordyceps sinensis,2014,Huanqiu zhongyiyao,unclear,F_review_only,Cordyceps_sinensis,cordycepin,immune,disease_language,extrapolated,research_only,needs_legal_review,,,https://openalex.org/W2392597586,10_Evidence/2014-pharmacological-study-progress-of-the-cordyceps-si-183785f7-591.md
da0370ad-849b-4db3-a551-128c1eae5dd1,"Recent advances in Cordyceps sinensis polysaccharides: Mycelial fermentation, isolation, structure, and bioactivities: A review.",2014,Journal of functional foods,review_narrative,F_review_only,Cordyceps_sinensis,cordyceps_extract,immune,disease_language,extrapolated,research_only,needs_legal_review,10.1016/j.jff.2013.11.024,32362940,https://pubmed.ncbi.nlm.nih.gov/32362940/,10_Evidence/2014-recent-advances-in-cordyceps-sinensis-polysacchari-32362940.md
d06e13e9-60e0-403b-90cd-26f63c95e517,Regulation of human cytokines by Cordyceps militaris.,2014,Journal of food and drug analysis,animal,C_animal,Cordyceps_militaris,unclear,immune,disease_language|preclinical_only,partial,research_only,needs_legal_review,10.1016/j.jfda.2014.01.025,28911461,https://pubmed.ncbi.nlm.nih.gov/28911461/,10_Evidence/2014-regulation-of-human-cytokines-by-cordyceps-militar-28911461.md
050dd7a4-e0e7-4f5c-bf4f-5e3e03a8eaa9,Synergistic property of cordycepin in cultivated Cordyceps militaris-mediated apoptosis in human leukemia cells.,2014,Phytomedicine : international journal of phytotherapy and phytopharmacology,animal,C_animal,Cordyceps_militaris,cordycepin,antioxidant,disease_language|preclinical_only,direct,research_only,needs_legal_review,10.1016/j.phymed.2014.07.014,25442260,https://pubmed.ncbi.nlm.nih.gov/25442260/,10_Evidence/2014-synergistic-property-of-cordycepin-in-cultivated-c-25442260.md
e0da8496-76e9-406d-82f1-0349646b93de,The level of elements and antioxidant activity of commercial dietary supplement formulations based on edible mushrooms.,2014,Food & function,animal,C_animal,Cordyceps_sinensis,cordyceps_extract,antioxidant,preclinical_only,extrapolated,research_only,candidate,10.1039/c4fo00703d,25294630,https://pubmed.ncbi.nlm.nih.gov/25294630/,10_Evidence/2014-the-level-of-elements-and-antioxidant-activity-of--25294630.md
1fee230c-e94e-43e3-a56e-152bf1819eb5,A Systematic Review of the Mysterious Caterpillar Fungus Ophiocordyceps sinensis in Dong-ChongXiaCao (冬蟲夏草 Dōng Chóng Xià Cǎo) and Related Bioactive Ingredients,2013,Europe PMC (PubMed Central),systematic_review,F_review_only,Cordyceps_sinensis,cordycepin,antioxidant,disease_language,extrapolated,research_only,needs_legal_review,10.4103/2225-4110.106538,,https://doi.org/10.4103/2225-4110.106538,10_Evidence/2013-a-systematic-review-of-the-mysterious-caterpillar--10-4103-2225.md
ad7461ca-21ca-4515-9ee3-84a7a7588560,A Systematic Review of the Mysterious Caterpillar Fungus Ophiocordyceps sinensis in DongChongXiaCao (冬蟲夏草 Dōng Chóng Xià Cǎo) and Related Bioactive Ingredients,2013,Journal of Traditional and Complementary Medicine,systematic_review,F_review_only,Cordyceps_sinensis,cordycepin,antioxidant,disease_language,extrapolated,research_only,needs_legal_review,10.1016/s2225-4110(16)30164-x,24716152,https://doi.org/10.1016/s2225-4110(16)30164-x,10_Evidence/2013-a-systematic-review-of-the-mysterious-caterpillar--24716152.md
d6500af5-cef9-4def-9cf5-d3c2181521c5,Antioxidant and immunomodulating activities of exo-and endopolysaccharide fractions from submerged mycelia cultures of culinary-medicinal mushrooms.,2013,International journal of medicinal mushrooms,in_vitro,D_in_vitro,Cordyceps_sinensis,cordyceps_extract,immune,preclinical_only,extrapolated,research_only,candidate,10.1615/intjmedmushr.v15.i3.30,23662613,https://pubmed.ncbi.nlm.nih.gov/23662613/,10_Evidence/2013-antioxidant-and-immunomodulating-activities-of-exo-23662613.md
06c4ec21-89cc-402d-95d9-01dc1c94a7dd,Bioactive principles from Cordyceps sinensis: A potent food supplement - A review.,2013,Journal of functional foods,review_narrative,F_review_only,Cordyceps_sinensis,cordycepin,immune,disease_language,extrapolated,research_only,needs_legal_review,10.1016/j.jff.2013.04.018,32288795,https://pubmed.ncbi.nlm.nih.gov/32288795/,10_Evidence/2013-bioactive-principles-from-cordyceps-sinensis-a-pot-32288795.md
adeeb45d-cebc-4bf0-a121-2a53a690f5ce,Cordycepin (3'-deoxyadenosine) pentostatin (deoxycoformycin) combination treatment of mice experimentally infected with Trypanosoma evansi.,2013,Parasitology,animal,C_animal,unclear,cordycepin,antioxidant,disease_language|preclinical_only,partial,research_only,needs_legal_review,10.1017/s0031182012001990,23361035,https://pubmed.ncbi.nlm.nih.gov/23361035/,10_Evidence/2013-cordycepin-3-deoxyadenosine-pentostatin-deoxycofor-23361035.md
534cf0b8-f70e-492f-9e0a-c9197726ffd1,Cordycepin Increases Nonrapid Eye Movement Sleep via Adenosine Receptors in Rats.,2013,Evidence-based complementary and alternative medicine : eCAM,animal,C_animal,mixed,cordycepin,other,preclinical_only|species_mismatch,partial,research_only,candidate,10.1155/2013/840134,23710239,https://pubmed.ncbi.nlm.nih.gov/23710239/,10_Evidence/2013-cordycepin-increases-nonrapid-eye-movement-sleep-v-23710239.md
3d8866c0-a007-42ab-839c-f764fbe26253,Cordycepin regulates GSK-3β/β-catenin signaling in human leukemia cells.,2013,PloS one,animal,C_animal,Cordyceps_sinensis,cordycepin,metabolic,disease_language|preclinical_only|species_mismatch,partial,research_only,needs_legal_review,10.1371/journal.pone.0076320,24086728,https://pubmed.ncbi.nlm.nih.gov/24086728/,10_Evidence/2013-cordycepin-regulates-gsk-3-catenin-signaling-in-hu-24086728.md
104d0293-c55c-455f-9eaa-bfe1b47e23c0,Cordycepin: a bioactive metabolite with therapeutic potential.,2013,Life sciences,animal,C_animal,Cordyceps_militaris,cordycepin,other,disease_language|preclinical_only,direct,research_only,needs_legal_review,10.1016/j.lfs.2013.09.030,24121015,https://pubmed.ncbi.nlm.nih.gov/24121015/,10_Evidence/2013-cordycepin-a-bioactive-metabolite-with-therapeutic-24121015.md
7a68f0aa-fb60-4834-88ce-1fb3a2d45066,Detection of Ophiocordyceps sinensis in soil by quantitative real-time PCR.,2013,Canadian journal of microbiology,animal,C_animal,Cordyceps_sinensis,cordyceps_extract,antioxidant,preclinical_only,extrapolated,research_only,candidate,10.1139/cjm-2012-0490,23540339,https://pubmed.ncbi.nlm.nih.gov/23540339/,10_Evidence/2013-detection-of-ophiocordyceps-sinensis-in-soil-by-qu-23540339.md
9b17e3cf-699a-4c72-b579-3dd90c7f0cbd,"Determination of Adenosine,Cordycepin and Ergosterol in Cordyceps sinensis by HPLC",2013,Zhongguo shiyan fangjixue zazhi,animal,C_animal,Cordyceps_sinensis,cordycepin,other,preclinical_only,extrapolated,research_only,candidate,,,https://openalex.org/W2391491878,10_Evidence/2013-determination-of-adenosine-cordycepin-and-ergoster-9b17e3cf-699.md
d85e31fe-5176-4e08-ac94-4d89d632c68a,Effects of cordycepin on Y-maze learning task in mice.,2013,European journal of pharmacology,animal,C_animal,Cordyceps_militaris,cordycepin,cognitive,disease_language|preclinical_only,direct,research_only,needs_legal_review,10.1016/j.ejphar.2013.05.049,23819912,https://pubmed.ncbi.nlm.nih.gov/23819912/,10_Evidence/2013-effects-of-cordycepin-on-y-maze-learning-task-in-m-23819912.md
139dcee1-5d3b-436b-abda-e571d000a919,Genome survey uncovers the secrets of sex and lifestyle in caterpillar fungus,2013,Chinese Science Bulletin,animal,C_animal,Cordyceps_sinensis,unclear,metabolic,preclinical_only,extrapolated,research_only,candidate,10.1007/s11434-013-5929-5,,https://doi.org/10.1007/s11434-013-5929-5,10_Evidence/2013-genome-survey-uncovers-the-secrets-of-sex-and-life-10-1007-s114.md
d7751294-5918-4b0a-851a-9f88822d4c85,Pharmacological and therapeutic potential of Cordyceps with special reference to Cordycepin,2013,3 Biotech,review_narrative,F_review_only,unclear,cordycepin,anti_inflammatory,disease_language,partial,research_only,needs_legal_review,10.1007/s13205-013-0121-9,28324458,https://doi.org/10.1007/s13205-013-0121-9,10_Evidence/2013-pharmacological-and-therapeutic-potential-of-cordy-28324458.md
d3f087ff-bf05-48ff-bd3a-bf67b6bcb16b,Properties of Cordyceps Sinensis: A review.,2013,Journal of functional foods,review_narrative,F_review_only,Cordyceps_sinensis,cordyceps_extract,anti_inflammatory,disease_language,extrapolated,research_only,needs_legal_review,10.1016/j.jff.2013.01.034,32288794,https://pubmed.ncbi.nlm.nih.gov/32288794/,10_Evidence/2013-properties-of-cordyceps-sinensis-a-review-32288794.md
165246c0-84ad-456c-a282-a7f05bf29c01,Protective effect of cordycepin-enriched Cordyceps militaris on alcoholic hepatotoxicity in Sprague-Dawley rats.,2013,Food and chemical toxicology : an international journal published for the British Industrial Biological Research Association,animal,C_animal,Cordyceps_militaris,cordycepin,metabolic,disease_language|preclinical_only,direct,research_only,needs_legal_review,10.1016/j.fct.2013.07.033,23876821,https://pubmed.ncbi.nlm.nih.gov/23876821/,10_Evidence/2013-protective-effect-of-cordycepin-enriched-cordyceps-23876821.md
79ef3cb6-d1a0-4f54-8e22-e6dfda09365c,Simultaneous determination of nucleosides and their bases in Cordyceps sinensis and its substitutes by matrix solid‐phase dispersion extraction and HPLC,2013,Journal of Separation Science,animal,C_animal,Cordyceps_sinensis,cordycepin,other,preclinical_only,extrapolated,research_only,candidate,10.1002/jssc.201300204,23677705,https://doi.org/10.1002/jssc.201300204,10_Evidence/2013-simultaneous-determination-of-nucleosides-and-thei-23677705.md
e5329a5d-fa98-4282-a149-31b4d55e4c6c,Blockade of adipocyte differentiation by cordycepin.,2012,British journal of pharmacology,in_vitro,D_in_vitro,Cordyceps_militaris,cordycepin,metabolic,disease_language|preclinical_only,direct,research_only,needs_legal_review,10.1093/ecam/neno84,22537056,https://pubmed.ncbi.nlm.nih.gov/22537056/,10_Evidence/2012-blockade-of-adipocyte-differentiation-by-cordycepi-22537056.md
649af8df-7789-4b06-98d9-fe7b0a7eed17,Cordycepin (3'-deoxyadenosine) attenuates age-related oxidative stress and ameliorates antioxidant capacity in rats.,2012,Experimental gerontology,animal,C_animal,unclear,cordycepin,antioxidant,disease_language|preclinical_only,partial,research_only,needs_legal_review,10.1016/j.exger.2012.09.003,23000874,https://pubmed.ncbi.nlm.nih.gov/23000874/,10_Evidence/2012-cordycepin-3-deoxyadenosine-attenuates-age-related-23000874.md
4e9c202f-e505-4615-8fc1-1632d6c7d16c,Cordycepin Stimulated Steroidogenesis in MA-10 Mouse Leydig Tumor Cells through the Protein Kinase C Pathway,2012,Journal of Agricultural and Food Chemistry,animal,C_animal,Cordyceps_sinensis,cordycepin,exercise_performance,disease_language|preclinical_only|species_mismatch,partial,research_only,needs_legal_review,10.1021/jf205091b,22512531,https://doi.org/10.1021/jf205091b,10_Evidence/2012-cordycepin-stimulated-steroidogenesis-in-ma-10-mou-22512531.md
1bc0fde7-e1aa-452c-a19a-4172d1d41bb1,Cordycepin: pharmacological properties and their relevant mechanisms,2012,TANG [HUMANITAS MEDICINE],review_narrative,F_review_only,unclear,cordycepin,other,,extrapolated,research_only,candidate,10.5667/tang.2012.0016,,https://doi.org/10.5667/tang.2012.0016,10_Evidence/2012-cordycepin-pharmacological-properties-and-their-re-10-5667-tang.md
6b933f14-897b-4ca4-9543-1de02344edca,Cordyceps,2012,,animal,C_animal,mixed,cordyceps_extract,energy_fatigue,disease_language|preclinical_only|species_mismatch,partial,research_only,needs_legal_review,,40608959,https://europepmc.org/article/MED/40608959,10_Evidence/2012-cordyceps-40608959.md
cca75787-43fa-4b74-a179-0babe57b931a,Cordyceps militaris extract attenuates D-galactose-induced memory impairment in mice.,2012,Journal of medicinal food,animal,C_animal,Cordyceps_militaris,cordyceps_extract,cognitive,disease_language|preclinical_only,partial,research_only,needs_legal_review,10.1089/jmf.2011.2105,23216110,https://pubmed.ncbi.nlm.nih.gov/23216110/,10_Evidence/2012-cordyceps-militaris-extract-attenuates-d-galactose-23216110.md
2d60861b-52ad-463b-a924-8ae20bffee1a,Cordyceps sinensis extracts attenuate aortic transplant arteriosclerosis in rats.,2012,The Journal of surgical research,animal,C_animal,Cordyceps_sinensis,cordyceps_extract,antioxidant,disease_language|preclinical_only,extrapolated,research_only,needs_legal_review,10.1016/j.jss.2011.02.027,21492877,https://pubmed.ncbi.nlm.nih.gov/21492877/,10_Evidence/2012-cordyceps-sinensis-extracts-attenuate-aortic-trans-21492877.md
93675692-5d93-4ea1-9b99-e7406147a7ae,Effects of Extract from Solid-State Fermented Cordyceps sinensis on Type 2 Diabetes Mellitus.,2012,Evidence-based complementary and alternative medicine : eCAM,animal,C_animal,Cordyceps_sinensis,cordyceps_extract,metabolic,disease_language|preclinical_only,extrapolated,research_only,needs_legal_review,10.1155/2012/743107,22474523,https://pubmed.ncbi.nlm.nih.gov/22474523/,10_Evidence/2012-effects-of-extract-from-solid-state-fermented-cord-22474523.md
6f35d2d8-e62e-4d97-97b4-64ba4fad7269,Genome-Wide Transcriptome and Proteome Analysis on Different Developmental Stages of Cordyceps militaris,2012,PLoS ONE,unclear,F_review_only,Cordyceps_militaris,cordycepin,immune,disease_language,direct,research_only,needs_legal_review,10.1371/journal.pone.0051853,23251642,https://doi.org/10.1371/journal.pone.0051853,10_Evidence/2012-genome-wide-transcriptome-and-proteome-analysis-on-23251642.md
9dd96fb3-3eb1-426f-b8c3-fceef91dfaac,Immunomodulatory effect of polysaccharides from submerged cultured Cordyceps gunnii.,2012,Pharmaceutical biology,animal,C_animal,Cordyceps_sinensis,cordyceps_extract,immune,disease_language|preclinical_only,extrapolated,research_only,needs_legal_review,10.3109/13880209.2012.658114,22830391,https://pubmed.ncbi.nlm.nih.gov/22830391/,10_Evidence/2012-immunomodulatory-effect-of-polysaccharides-from-su-22830391.md
1dad0109-7e54-4d99-ad39-80ffb37cd945,Inhibition of migration and invasion of LNCaP human prostate carcinoma cells by cordycepin through inactivation of Akt,2012,International Journal of Oncology,animal,C_animal,Cordyceps_militaris,cordycepin,antioxidant,disease_language|preclinical_only,direct,research_only,needs_legal_review,10.3892/ijo.2012.1332,22246470,https://doi.org/10.3892/ijo.2012.1332,10_Evidence/2012-inhibition-of-migration-and-invasion-of-lncap-huma-22246470.md
5b10391d-d856-4b55-b9fb-8286dbdcbe63,Inhibition of polyadenylation reduces inflammatory gene induction.,2012,"RNA (New York, N.Y.)",animal,C_animal,unclear,cordycepin,immune,disease_language|preclinical_only,partial,research_only,needs_legal_review,10.1261/rna.032391.112,23118416,https://pubmed.ncbi.nlm.nih.gov/23118416/,10_Evidence/2012-inhibition-of-polyadenylation-reduces-inflammatory-23118416.md
c9536450-99fa-43eb-8eaf-16481588b400,Investigations in cordyceps militaris,2012,DR-NTU (Nanyang Technological University),unclear,F_review_only,Cordyceps_militaris,unclear,other,,partial,research_only,candidate,,,https://openalex.org/W2529662685,10_Evidence/2012-investigations-in-cordyceps-militaris-c9536450-99f.md
385dc45a-9f94-4414-85ac-e4e22f9779b2,MLH1-deficient HCT116 colon tumor cells exhibit resistance to the cytostatic and cytotoxic effect of the poly(A) polymerase inhibitor cordycepin (3'-deoxyadenosine) in vitro.,2012,Oncology letters,animal,C_animal,unclear,cordycepin,other,disease_language|preclinical_only,partial,research_only,needs_legal_review,10.3892/ol.2011.504,22740928,https://pubmed.ncbi.nlm.nih.gov/22740928/,10_Evidence/2012-mlh1-deficient-hct116-colon-tumor-cells-exhibit-re-22740928.md
4523f150-a0f5-459b-a553-27880e697be8,Protective roles of Cordyceps on lung fibrosis in cellular and rat models.,2012,Journal of ethnopharmacology,animal,C_animal,Cordyceps_sinensis,cordycepin,respiratory,disease_language|preclinical_only,extrapolated,research_only,needs_legal_review,10.1016/j.jep.2012.06.033,22796203,https://pubmed.ncbi.nlm.nih.gov/22796203/,10_Evidence/2012-protective-roles-of-cordyceps-on-lung-fibrosis-in--22796203.md
3b2f7970-12ec-4c26-8d25-1e6adc1053c1,Selenium enrichment on Cordyceps militaris link and analysis on its main active components.,2012,Applied biochemistry and biotechnology,animal,C_animal,mixed,cordycepin,other,preclinical_only|species_mismatch,direct,research_only,candidate,10.1007/s12010-011-9506-6,22246726,https://pubmed.ncbi.nlm.nih.gov/22246726/,10_Evidence/2012-selenium-enrichment-on-cordyceps-militaris-link-an-22246726.md
48ab9833-1a4f-413c-aa3d-deb2ae117ee7,The nucleoside antagonist cordycepin causes DNA double strand breaks in breast cancer cells.,2012,Investigational new drugs,in_vitro,D_in_vitro,unclear,cordycepin,other,disease_language|preclinical_only,partial,research_only,needs_legal_review,10.1007/s10637-012-9859-x,22821173,https://pubmed.ncbi.nlm.nih.gov/22821173/,10_Evidence/2012-the-nucleoside-antagonist-cordycepin-causes-dna-do-22821173.md
4ad5e351-9aff-40d3-8851-64b8a6752d46,Beneficial effects of cordycepin on metabolic profiles of liver and plasma from hyperlipidemic hamsters,2011,Journal of Asian Natural Products Research,animal,C_animal,unclear,cordycepin,metabolic,disease_language|preclinical_only,partial,research_only,needs_legal_review,10.1080/10286020.2011.575364,21623517,https://doi.org/10.1080/10286020.2011.575364,10_Evidence/2011-beneficial-effects-of-cordycepin-on-metabolic-prof-21623517.md
cd6e9d8c-0f0a-4e99-abec-24eb9a9dd116,"Bis-indole derivatives for polysaccharide compositional analysis and chiral resolution of D-, L-monosaccharides by ligand exchange capillary electrophoresis using borate-cyclodextrin as a chiral selector.",2011,"Molecules (Basel, Switzerland)",animal,C_animal,Cordyceps_sinensis,unclear,metabolic,preclinical_only,extrapolated,research_only,candidate,10.1194/jlr.m011015,21330957,https://pubmed.ncbi.nlm.nih.gov/21330957/,10_Evidence/2011-bis-indole-derivatives-for-polysaccharide-composit-21330957.md
098c3e1f-e9cc-4f06-9911-4239fb2cc6b8,"Cordycepin (3'-deoxyadenosine), an inhibitor of mRNA polyadenylation, suppresses proliferation and activates apoptosis in human epithelial endometriotic cells in vitro.",2011,Gynecologic and obstetric investigation,animal,C_animal,unclear,cordycepin,other,disease_language|preclinical_only,partial,research_only,needs_legal_review,10.1159/000322395,21196698,https://pubmed.ncbi.nlm.nih.gov/21196698/,10_Evidence/2011-cordycepin-3-deoxyadenosine-an-inhibitor-of-mrna-p-21196698.md
7292338a-9cd6-44de-a84f-86c263fee4ca,Cordyceps sinensis promotes exercise endurance capacity of rats by activating skeletal muscle metabolic regulators.,2011,Journal of ethnopharmacology,animal,C_animal,Cordyceps_sinensis,unclear,exercise_performance,preclinical_only,extrapolated,research_only,candidate,10.1016/j.jep.2011.04.040,21549819,https://pubmed.ncbi.nlm.nih.gov/21549819/,10_Evidence/2011-cordyceps-sinensis-promotes-exercise-endurance-cap-21549819.md
168a0a78-bba7-4dce-be1b-5ff49d5be5d1,Effect of Cordyceps sinensis on TIMP-1 secretion from mouse melanoma cell,2011,Open Life Sciences,animal,C_animal,Cordyceps_sinensis,cordycepin,other,disease_language|preclinical_only,extrapolated,research_only,needs_legal_review,10.2478/s11535-011-0094-9,,https://doi.org/10.2478/s11535-011-0094-9,10_Evidence/2011-effect-of-cordyceps-sinensis-on-timp-1-secretion-f-10-2478-s115.md
8da772ef-63ce-48c9-9da4-0a0454c2553c,Effect of Cordyceps sinensis on renal function of patients with chronic allograft nephropathy.,2011,Urologia internationalis,animal,C_animal,Cordyceps_sinensis,unclear,other,disease_language|preclinical_only,extrapolated,research_only,needs_legal_review,10.1159/000323655,21335937,https://pubmed.ncbi.nlm.nih.gov/21335937/,10_Evidence/2011-effect-of-cordyceps-sinensis-on-renal-function-of--21335937.md
1f66e8a8-4d35-4d72-9925-d7df44323ea8,Host insect species of Ophiocordyceps sinensis: a review,2011,ZooKeys,review_narrative,F_review_only,Cordyceps_sinensis,unclear,energy_fatigue,,extrapolated,research_only,candidate,10.3897/zookeys.127.802,21998547,https://doi.org/10.3897/zookeys.127.802,10_Evidence/2011-host-insect-species-of-ophiocordyceps-sinensis-a-r-21998547.md
6eac6d4b-26ca-48be-8b32-beff25569c42,Lipid-lowering effect of cordycepin (3'-deoxyadenosine) from Cordyceps militaris on hyperlipidemic hamsters and rats.,2011,Yao xue xue bao = Acta pharmaceutica Sinica,animal,C_animal,Cordyceps_militaris,cordycepin,metabolic,disease_language|preclinical_only,direct,research_only,needs_legal_review,,21882527,https://pubmed.ncbi.nlm.nih.gov/21882527/,10_Evidence/2011-lipid-lowering-effect-of-cordycepin-3-deoxyadenosi-21882527.md
082ebf20-1966-421a-b6cd-15630a881946,Pharmacological research progress of cordycepin,2011,Mycosystema,review_narrative,F_review_only,unclear,cordycepin,antioxidant,disease_language,partial,research_only,needs_legal_review,,,https://openalex.org/W2355817458,10_Evidence/2011-pharmacological-research-progress-of-cordycepin-082ebf20-196.md
ba6feabc-ad9a-4099-9b23-f0ac91850c75,"Pro-apoptotic effects of Paecilomyces hepiali, a Cordyceps sinensis extract on human lung adenocarcinoma A549 cells in vitro.",2011,Journal of cancer research and therapeutics,animal,C_animal,Cordyceps_sinensis,cordyceps_extract,antioxidant,disease_language|preclinical_only,extrapolated,research_only,needs_legal_review,10.4103/0973-1482.92007,22269403,https://pubmed.ncbi.nlm.nih.gov/22269403/,10_Evidence/2011-pro-apoptotic-effects-of-paecilomyces-hepiali-a-co-22269403.md
ccb9f512-4252-479b-a06e-1a78f1e6f676,The Effect of Cordycepin on Steroidogenesis and Apoptosis in MA-10 Mouse Leydig Tumor Cells.,2011,Evidence-based complementary and alternative medicine : eCAM,animal,C_animal,Cordyceps_sinensis,cordycepin,other,disease_language|preclinical_only,extrapolated,research_only,needs_legal_review,10.1155/2011/750468,21716681,https://pubmed.ncbi.nlm.nih.gov/21716681/,10_Evidence/2011-the-effect-of-cordycepin-on-steroidogenesis-and-ap-21716681.md
b4f4a64b-d035-49d4-963d-fc0eba7e0f58,The in vivo and in vitro stimulatory effects of cordycepin on mouse leydig cell steroidogenesis.,2011,"Bioscience, biotechnology, and biochemistry",animal,C_animal,Cordyceps_sinensis,cordycepin,other,preclinical_only,extrapolated,research_only,candidate,10.1271/bbb.100853,21512251,https://pubmed.ncbi.nlm.nih.gov/21512251/,10_Evidence/2011-the-in-vivo-and-in-vitro-stimulatory-effects-of-co-21512251.md
80131b80-4f8e-4c01-9661-ec05fd2d9bbe,Analysis of the Main Nucleosides in Cordyceps Sinensis by LC/ESI-MS,2010,Molecules,animal,C_animal,Cordyceps_sinensis,cordycepin,antioxidant,preclinical_only,extrapolated,research_only,candidate,10.3390/molecules15010305,20110892,https://doi.org/10.3390/molecules15010305,10_Evidence/2010-analysis-of-the-main-nucleosides-in-cordyceps-sine-20110892.md
775f2c46-d4f8-4f57-9925-9985692e18f1,Anti-inflammatory effects of cordycepin via suppression of inflammatory mediators in BV2 microglial cells.,2010,International immunopharmacology,animal,C_animal,Cordyceps_militaris,cordycepin,immune,disease_language|preclinical_only,direct,research_only,needs_legal_review,10.1016/j.intimp.2010.09.011,20937401,https://pubmed.ncbi.nlm.nih.gov/20937401/,10_Evidence/2010-anti-inflammatory-effects-of-cordycepin-via-suppre-20937401.md
9fb88505-87d3-4f86-988d-fb7ab8de2f9d,Cordycepin inhibits protein synthesis and cell adhesion through effects on signal transduction.,2010,The Journal of biological chemistry,animal,C_animal,unclear,cordycepin,metabolic,disease_language|preclinical_only,partial,research_only,needs_legal_review,10.1074/jbc.m109.071159,19940154,https://pubmed.ncbi.nlm.nih.gov/19940154/,10_Evidence/2010-cordycepin-inhibits-protein-synthesis-and-cell-adh-19940154.md
65cfdbef-23cc-4e79-a628-e9b4d24d0a30,Cordycepin prevents hyperlipidemia in hamsters fed a high-fat diet via activation of AMP-activated protein kinase.,2010,Journal of pharmacological sciences,animal,C_animal,Cordyceps_militaris,cordycepin,metabolic,disease_language|preclinical_only,direct,research_only,needs_legal_review,10.1254/jphs.10041fp,20724804,https://pubmed.ncbi.nlm.nih.gov/20724804/,10_Evidence/2010-cordycepin-prevents-hyperlipidemia-in-hamsters-fed-20724804.md
925611f0-02e1-4b5a-9948-6ad86b3fa8e2,"Cordycepin suppresses TNF-alpha-induced invasion, migration and matrix metalloproteinase-9 expression in human bladder cancer cells.",2010,Phytotherapy research : PTR,animal,C_animal,Cordyceps_militaris,cordycepin,anti_inflammatory,disease_language|preclinical_only,direct,research_only,needs_legal_review,10.1002/ptr.3132,20564512,https://pubmed.ncbi.nlm.nih.gov/20564512/,10_Evidence/2010-cordycepin-suppresses-tnf-alpha-induced-invasion-m-20564512.md
443caba7-7692-4bab-8017-6c7c160ae57d,Determination of Cordycepin in Cordyceps Sinensis and Its Substitutes by LC/ESI-MS,2010,Chinese Journal of Spectroscopy Laboratory,animal,C_animal,Cordyceps_sinensis,cordycepin,antioxidant,preclinical_only,extrapolated,research_only,candidate,,,https://openalex.org/W2366589705,10_Evidence/2010-determination-of-cordycepin-in-cordyceps-sinensis--443caba7-769.md
3b1001fa-ab81-493d-910a-fb505585ccd1,High diversity of the fungal community structure in naturally-occurring Ophiocordyceps sinensis.,2010,PloS one,animal,C_animal,Cordyceps_sinensis,unclear,other,preclinical_only,extrapolated,research_only,candidate,10.1371/journal.pone.0015570,21179540,https://pubmed.ncbi.nlm.nih.gov/21179540/,10_Evidence/2010-high-diversity-of-the-fungal-community-structure-i-21179540.md
19845711-6a2d-4fcd-bfeb-b9b925f50c4b,Maturational Alteration of Oppositely Orientated rDNA and Differential Proliferation of GC- and AT-biased Genotypes of Ophiocordyceps sinensis and Paecilomyces hepiali in Natural Cordyceps sinensis,2010,American Journal of Biomedical Sciences,animal,C_animal,Cordyceps_sinensis,unclear,other,disease_language|preclinical_only,extrapolated,research_only,needs_legal_review,10.5099/aj100300217,,https://doi.org/10.5099/aj100300217,10_Evidence/2010-maturational-alteration-of-oppositely-orientated-r-10-5099-aj10.md
de802d92-d2c5-41b6-8dc8-65d5fdfdbe97,Novel medicinal mushroom blend suppresses growth and invasiveness of human breast cancer cells.,2010,International journal of oncology,animal,C_animal,Cordyceps_sinensis,cordyceps_extract,other,disease_language|preclinical_only,extrapolated,research_only,needs_legal_review,10.3892/ijo_00000806,21042722,https://pubmed.ncbi.nlm.nih.gov/21042722/,10_Evidence/2010-novel-medicinal-mushroom-blend-suppresses-growth-a-21042722.md
8d97eea4-4a40-4e86-bb1e-bd1f26c75955,On the reliability of fungal materials used in studies on Ophiocordyceps sinensis,2010,Journal of Industrial Microbiology & Biotechnology,animal,C_animal,Cordyceps_sinensis,unclear,other,preclinical_only,extrapolated,research_only,candidate,10.1007/s10295-010-0877-4,20922458,https://doi.org/10.1007/s10295-010-0877-4,10_Evidence/2010-on-the-reliability-of-fungal-materials-used-in-stu-20922458.md
dbc8cc81-9eb5-4c1b-8b87-fededd69b30c,"Pharmacokinetics of adenosine and cordycepin, a bioactive constituent of Cordyceps sinensis in rat.",2010,Journal of agricultural and food chemistry,animal,C_animal,Cordyceps_sinensis,cordycepin,metabolic,disease_language|preclinical_only|species_mismatch,partial,research_only,needs_legal_review,10.1021/jf100269g,20302371,https://pubmed.ncbi.nlm.nih.gov/20302371/,10_Evidence/2010-pharmacokinetics-of-adenosine-and-cordycepin-a-bio-20302371.md
28f9f879-80d4-47dc-bf5e-c6a68ce6ac38,Research advances of physiological efficacies of cordycepin.,2010,Junwu yanjiu,unclear,F_review_only,unclear,cordycepin,other,disease_language,partial,research_only,needs_legal_review,,,https://openalex.org/W2306382551,10_Evidence/2010-research-advances-of-physiological-efficacies-of-c-28f9f879-80d.md
78c572c7-a114-4177-968e-262c925b0cd3,THE RESEARCH OF CORDYCEPIN AS AN ACTIVE COMPONENT IN CORDYCEPS,2010,Journal of Jinggangshan University,unclear,F_review_only,unclear,cordycepin,immune,disease_language,partial,research_only,needs_legal_review,,,https://openalex.org/W2364823656,10_Evidence/2010-the-research-of-cordycepin-as-an-active-component--78c572c7-a11.md
14bd2feb-f328-4be2-a954-667022b1d2e9,[Effect of Cordyceps Cinensis extractant on apoptosis and expression of Toll-like receptor 4 mRNA in the ischemia-reperfusion injured NRK-52E cells].,2010,Zhong nan da xue xue bao. Yi xue ban = Journal of Central South University. Medical sciences,animal,C_animal,Cordyceps_sinensis,cordyceps_extract,antioxidant,disease_language|preclinical_only,extrapolated,research_only,needs_legal_review,10.3969/j.issn.1672-7347.2010.01.011,20130368,https://pubmed.ncbi.nlm.nih.gov/20130368/,10_Evidence/2010-effect-of-cordyceps-cinensis-extractant-on-apoptos-20130368.md
c95ea898-585c-4117-9936-c69c4d69e617,[Uniform designed research on the active ingredients assembling of Chinese medicine prescription for anti-liver fibrosis].,2010,Zhongguo Zhong xi yi jie he za zhi Zhongguo Zhongxiyi jiehe zazhi = Chinese journal of integrated traditional and Western medicine,animal,C_animal,Cordyceps_sinensis,unclear,antioxidant,preclinical_only,extrapolated,research_only,candidate,,20353036,https://pubmed.ncbi.nlm.nih.gov/20353036/,10_Evidence/2010-uniform-designed-research-on-the-active-ingredient-20353036.md
2cad34cc-77f2-4a70-bf14-8a36a8bf3985,Antiaging effect of Cordyceps sinensis extract.,2009,Phytotherapy research : PTR,animal,C_animal,Cordyceps_sinensis,cordyceps_extract,cognitive,disease_language|preclinical_only,extrapolated,research_only,needs_legal_review,10.1002/ptr.2576,18803231,https://pubmed.ncbi.nlm.nih.gov/18803231/,10_Evidence/2009-antiaging-effect-of-cordyceps-sinensis-extract-18803231.md
65a00d9f-cf01-4e57-935f-53364db8c5c5,Antifungal and Anticancer Activities of a Protein from the Mushroom Cordyceps militaris,2009,Korean Journal of Physiology and Pharmacology,animal,C_animal,Cordyceps_militaris,unclear,antioxidant,disease_language|preclinical_only,partial,research_only,needs_legal_review,10.4196/kjpp.2009.13.1.49,19885026,https://doi.org/10.4196/kjpp.2009.13.1.49,10_Evidence/2009-antifungal-and-anticancer-activities-of-a-protein--19885026.md
af5d942e-a405-4414-a11f-4a045461e4d5,Caterpillar Fungus (Ophiocordyceps sinensis) Production and Sustainability on the Tibetan Plateau and in the Himalayas,2009,Asian Medicine,animal,C_animal,Cordyceps_sinensis,unclear,other,preclinical_only,extrapolated,research_only,candidate,10.1163/157342109x568829,,https://doi.org/10.1163/157342109x568829,10_Evidence/2009-caterpillar-fungus-ophiocordyceps-sinensis-product-10-1163-1573.md
601a8a99-6b01-47f3-9dc0-c39c03b16816,Cordycepin Suppresses Expression of Diabetes Regulating Genes by Inhibition of Lipopolysaccharide-induced Inflammation in Macrophages,2009,Immune Network,animal,C_animal,Cordyceps_militaris,cordycepin,immune,disease_language|preclinical_only,direct,research_only,needs_legal_review,10.4110/in.2009.9.3.98,20107539,https://doi.org/10.4110/in.2009.9.3.98,10_Evidence/2009-cordycepin-suppresses-expression-of-diabetes-regul-20107539.md
b6697ef6-0515-4623-8e26-b342434a623f,Cordycepin inhibits IL-1beta-induced MMP-1 and MMP-3 expression in rheumatoid arthritis synovial fibroblasts.,2009,"Rheumatology (Oxford, England)",unclear,F_review_only,Cordyceps_militaris,cordycepin,anti_inflammatory,disease_language,direct,research_only,needs_legal_review,10.1093/rheumatology/ken417,19056796,https://pubmed.ncbi.nlm.nih.gov/19056796/,10_Evidence/2009-cordycepin-inhibits-il-1beta-induced-mmp-1-and-mmp-19056796.md
f4530493-7adf-4298-acea-1658aca0a590,Cordycepin inhibits UVB-induced matrix metalloproteinase expression by suppressing the NF--κB pathway in human dermal fibroblasts,2009,Experimental & Molecular Medicine,unclear,F_review_only,unclear,cordycepin,anti_inflammatory,disease_language,partial,research_only,needs_legal_review,10.3858/emm.2009.41.8.060,19381070,https://doi.org/10.3858/emm.2009.41.8.060,10_Evidence/2009-cordycepin-inhibits-uvb-induced-matrix-metalloprot-19381070.md
0a23e231-7da0-400d-b896-81d9321440d3,Cordycepin interferes with 3' end formation in yeast independently of its potential to terminate RNA chain elongation.,2009,"RNA (New York, N.Y.)",animal,C_animal,unclear,cordycepin,other,disease_language|preclinical_only,partial,research_only,needs_legal_review,10.1186/gb-2006-7-11-r109,19324962,https://pubmed.ncbi.nlm.nih.gov/19324962/,10_Evidence/2009-cordycepin-interferes-with-3-end-formation-in-yeas-19324962.md
a1647901-2819-4048-a37d-088c68837ecd,Cordycepin interferes with 3′ end formation in yeast independently of its potential to terminate RNA chain elongation,2009,RNA,animal,C_animal,unclear,cordycepin,other,disease_language|preclinical_only,partial,research_only,needs_legal_review,10.1261/rna.1458909,19324962,https://doi.org/10.1261/rna.1458909,10_Evidence/2009-cordycepin-interferes-with-3-end-formation-in-yeas-a1647901.md
9358cf97-c1d9-433c-b77c-608d5996311f,"Cycloaspeptides F and G, Cyclic Pentapeptides from a Cordyceps-colonizing isolate of Isaria farinosa.",2009,Journal of natural products,animal,C_animal,Cordyceps_sinensis,cordyceps_extract,other,preclinical_only,extrapolated,research_only,candidate,10.1021/np900205m,19572613,https://pubmed.ncbi.nlm.nih.gov/19572613/,10_Evidence/2009-cycloaspeptides-f-and-g-cyclic-pentapeptides-from--19572613.md
b84db829-53a9-4615-95cf-3ad88f6a4cfd,"Determination of adenosine,cordycepin,and inosine in Cordyceps sinensis by RP-HPLC",2009,Central South Pharmacy,animal,C_animal,Cordyceps_sinensis,cordycepin,other,preclinical_only,extrapolated,research_only,candidate,,,https://openalex.org/W2379118742,10_Evidence/2009-determination-of-adenosine-cordycepin-and-inosine--b84db829-53a.md
d8197597-8a64-4be6-8b00-cd3e01163f22,"Genetic diversity of Ophiocordyceps sinensis, a medicinal fungus endemic to the Tibetan Plateau: Implications for its evolution and conservation",2009,BMC Evolutionary Biology,unclear,F_review_only,Cordyceps_sinensis,unclear,other,,extrapolated,research_only,candidate,10.1186/1471-2148-9-290,20003548,https://doi.org/10.1186/1471-2148-9-290,10_Evidence/2009-genetic-diversity-of-ophiocordyceps-sinensis-a-med-20003548.md
7ae248b0-cd91-4210-834a-aec2962d1480,Profiling carbohydrate-receptor interaction with recombinant innate immunity receptor-Fc fusion proteins.,2009,The Journal of biological chemistry,animal,C_animal,Cordyceps_sinensis,cordyceps_extract,immune,preclinical_only,extrapolated,research_only,candidate,10.1074/jbc.m109.065961,19837675,https://pubmed.ncbi.nlm.nih.gov/19837675/,10_Evidence/2009-profiling-carbohydrate-receptor-interaction-with-r-19837675.md
52d4a54c-fe71-4d8d-b660-195125795478,"Randomized, double-blind, placebo-controlled trial of herbal therapy for children with asthma.",2009,"Journal of alternative and complementary medicine (New York, N.Y.)",rct,A_human_RCT,Cordyceps_sinensis,cordyceps_extract,antioxidant,disease_language,extrapolated,research_only,needs_legal_review,10.1089/acm.2008.0626,19821718,https://pubmed.ncbi.nlm.nih.gov/19821718/,10_Evidence/2009-randomized-double-blind-placebo-controlled-trial-o-19821718.md
eb0551b5-44b6-461b-937f-a04860596697,[Effect of cordyceps sinensis extract on Klotho expression and apoptosis in renal tubular epithelial cells induced by angiotensin II].,2009,Zhong nan da xue xue bao. Yi xue ban = Journal of Central South University. Medical sciences,animal,C_animal,Cordyceps_sinensis,cordyceps_extract,other,disease_language|preclinical_only,extrapolated,research_only,needs_legal_review,,19411745,https://pubmed.ncbi.nlm.nih.gov/19411745/,10_Evidence/2009-effect-of-cordyceps-sinensis-extract-on-klotho-exp-19411745.md
32b40334-668e-46f4-9e61-ca5ae0f9bafc,A haemagglutinin from the medicinal fungus Cordyceps militaris,2008,Bioscience Reports,animal,C_animal,Cordyceps_militaris,unclear,antioxidant,preclinical_only,partial,research_only,candidate,10.1042/bsr20080153,19093913,https://doi.org/10.1042/bsr20080153,10_Evidence/2008-a-haemagglutinin-from-the-medicinal-fungus-cordyce-19093913.md
dfb43216-db22-4c7b-b890-df86ba2b842a,C. sinensis ablates allograft vasculopathy when used as an adjuvant therapy with cyclosporin A.,2008,Transplant immunology,animal,C_animal,Cordyceps_sinensis,cordyceps_extract,other,disease_language|preclinical_only,extrapolated,research_only,needs_legal_review,10.1016/j.trim.2008.05.010,18619544,https://pubmed.ncbi.nlm.nih.gov/18619544/,10_Evidence/2008-c-sinensis-ablates-allograft-vasculopathy-when-use-18619544.md
8d1460fd-bcc3-4f6d-b315-25ae7c0db08e,Chemical Ingredients of Cordyceps militaris.,2008,Mycobiology,animal,C_animal,Cordyceps_militaris,cordycepin,other,preclinical_only,direct,research_only,candidate,10.4489/myco.2008.36.4.233,23997632,https://pubmed.ncbi.nlm.nih.gov/23997632/,10_Evidence/2008-chemical-ingredients-of-cordyceps-militaris-23997632.md
98c2bc80-2aab-436d-b8cc-8cfa5e6013ed,Cordycepin (3'-deoxyadenosine) inhibits the growth of B16-BL6 mouse melanoma cells through the stimulation of adenosine A3 receptor followed by glycogen synthase kinase-3beta activation and cyclin D1 suppression.,2008,Naunyn-Schmiedeberg's archives of pharmacology,animal,C_animal,Cordyceps_sinensis,cordycepin,other,preclinical_only|species_mismatch,partial,research_only,candidate,10.1007/s00210-007-0218-y,18084742,https://pubmed.ncbi.nlm.nih.gov/18084742/,10_Evidence/2008-cordycepin-3-deoxyadenosine-inhibits-the-growth-of-18084742.md
c22d8042-370d-42d0-92ba-9fca43bd55a1,Cordycepin inhibits vascular smooth muscle cell proliferation.,2008,European journal of pharmacology,animal,C_animal,unclear,cordycepin,antioxidant,disease_language|preclinical_only,partial,research_only,needs_legal_review,10.1016/j.ejphar.2008.08.030,18782572,https://pubmed.ncbi.nlm.nih.gov/18782572/,10_Evidence/2008-cordycepin-inhibits-vascular-smooth-muscle-cell-pr-18782572.md
aa9ba438-5cc8-4a39-925c-4a2e37ef880d,Cordycepin is an immunoregulatory active ingredient of Cordyceps sinensis.,2008,The American journal of Chinese medicine,animal,C_animal,Cordyceps_sinensis,cordycepin,immune,disease_language|preclinical_only|species_mismatch,partial,research_only,needs_legal_review,10.1142/s0192415x08006387,19051361,https://pubmed.ncbi.nlm.nih.gov/19051361/,10_Evidence/2008-cordycepin-is-an-immunoregulatory-active-ingredien-19051361.md
843aebfe-13d7-40f2-88ef-ae0a00dbfe66,Cordyceps sinensis health supplement enhances recovery from taxol-induced leukopenia.,2008,"Experimental biology and medicine (Maywood, N.J.)",animal,C_animal,Cordyceps_sinensis,cordyceps_extract,respiratory,disease_language|preclinical_only,extrapolated,research_only,needs_legal_review,10.3181/0708-rm-230,18367634,https://pubmed.ncbi.nlm.nih.gov/18367634/,10_Evidence/2008-cordyceps-sinensis-health-supplement-enhances-reco-18367634.md
20fac701-1191-48da-8243-312123185e6f,Cordyceps: a traditional Chinese medicine and another fungal therapeutic biofactory?,2008,Phytochemistry,animal,C_animal,Cordyceps_sinensis,cordycepin,other,disease_language|preclinical_only,extrapolated,research_only,needs_legal_review,10.1016/j.fitote.2007.09.001,18343466,https://pubmed.ncbi.nlm.nih.gov/18343466/,10_Evidence/2008-cordyceps-a-traditional-chinese-medicine-and-anoth-18343466.md
34553e11-9a72-4e1a-8d1e-f368755a93b1,Distribution of nucleosides and nucleobases in edible fungi.,2008,Journal of agricultural and food chemistry,unclear,F_review_only,Cordyceps_sinensis,cordycepin,exercise_performance,,extrapolated,research_only,candidate,10.1021/jf0719205,18183952,https://pubmed.ncbi.nlm.nih.gov/18183952/,10_Evidence/2008-distribution-of-nucleosides-and-nucleobases-in-edi-18183952.md
2cfc1b6f-0e76-4944-8381-cbd7c9533256,Prevention of type 1 diabetes by immature dendritic cells treated with an ethanol extract of Paecilomyces hepiali Chen mycelium.,2008,Methods and findings in experimental and clinical pharmacology,animal,C_animal,Cordyceps_sinensis,cordyceps_extract,immune,disease_language|preclinical_only,extrapolated,research_only,needs_legal_review,10.1358/mf.2008.30.6.1186083,18850043,https://pubmed.ncbi.nlm.nih.gov/18850043/,10_Evidence/2008-prevention-of-type-1-diabetes-by-immature-dendriti-18850043.md
44c592b6-fd78-4d63-bbdf-cb9dee0b1007,Antidepressant-like effect of Cordyceps sinensis in the mouse tail suspension test.,2007,Biological & pharmaceutical bulletin,animal,C_animal,Cordyceps_sinensis,cordyceps_extract,immune,disease_language|preclinical_only,extrapolated,research_only,needs_legal_review,10.1248/bpb.30.1758,17827735,https://pubmed.ncbi.nlm.nih.gov/17827735/,10_Evidence/2007-antidepressant-like-effect-of-cordyceps-sinensis-i-17827735.md
a9cdd787-b655-4b16-8ab5-436f759e9b47,CORDYCEPIN AND CORDYCEPS SINENSIS REDUCE THE GROWTH OF HUMAN PROMYELOCYTIC LEUKAEMIA CELLS THROUGH THE Wnt SIGNALLING PATHWAY,2007,Clinical and Experimental Pharmacology and Physiology,unclear,F_review_only,Cordyceps_sinensis,cordycepin,other,disease_language,extrapolated,research_only,needs_legal_review,10.1111/j.1440-1681.2007.04781.x,,https://doi.org/10.1111/j.1440-1681.2007.04781.x,10_Evidence/2007-cordycepin-and-cordyceps-sinensis-reduce-the-growt-10-1111-j-14.md
8d65a0a8-fc3f-4246-a5a8-7beee59bc1ee,Cordycepin (3'-deoxyadenosine) Has an Anti-platelet Effect by Regulating the cGMP-Associated Pathway of Human Platelet Activation,2007,Preventive Nutrition and Food Science,unclear,F_review_only,Cordyceps_militaris,cordycepin,anti_inflammatory,disease_language,direct,research_only,needs_legal_review,10.3746/jfn.2007.12.3.141,,https://doi.org/10.3746/jfn.2007.12.3.141,10_Evidence/2007-cordycepin-3-deoxyadenosine-has-an-anti-platelet-e-10-3746-jfn.md
0a55c7c4-e903-4731-b8e4-596aa5099123,Cordycepin (3'-deoxyadenosine) inhibits human platelet aggregation in a cyclic AMP- and cyclic GMP-dependent manner.,2007,European journal of pharmacology,animal,C_animal,Cordyceps_militaris,cordycepin,antioxidant,disease_language|preclinical_only,direct,research_only,needs_legal_review,10.1016/j.ejphar.2006.11.073,17229422,https://pubmed.ncbi.nlm.nih.gov/17229422/,10_Evidence/2007-cordycepin-3-deoxyadenosine-inhibits-human-platele-17229422.md
b0a67fff-2e5c-4d78-bb53-a967d9720170,Cordycepin induced eryptosis in mouse erythrocytes through a Ca2+-dependent pathway without caspase-3 activation.,2007,Archives of toxicology,animal,C_animal,Cordyceps_sinensis,cordycepin,other,disease_language|preclinical_only,extrapolated,research_only,needs_legal_review,10.1007/s00204-007-0214-5,17541556,https://pubmed.ncbi.nlm.nih.gov/17541556/,10_Evidence/2007-cordycepin-induced-eryptosis-in-mouse-erythrocytes-17541556.md
ecfe09e3-2779-4efa-b331-115af79a1895,Effects of ammonium feeding on the production of bioactive metabolites (cordycepin and exopolysaccharides) in mycelial culture of a Cordyceps sinensis fungus,2007,Journal of Applied Microbiology,animal,C_animal,Cordyceps_sinensis,cordycepin,metabolic,preclinical_only,extrapolated,research_only,candidate,10.1111/j.1365-2672.2007.03451.x,17953604,https://doi.org/10.1111/j.1365-2672.2007.03451.x,10_Evidence/2007-effects-of-ammonium-feeding-on-the-production-of-b-17953604.md
394202ab-a71c-47f1-8b99-1042396d3071,In Vivo Anti-influenza Virus Activity of an Immunomodulatory Acidic Polysaccharide Isolated from Cordyceps militaris Grown on Germinated Soybeans,2007,Journal of Agricultural and Food Chemistry,animal,C_animal,Cordyceps_militaris,cordyceps_extract,immune,disease_language|preclinical_only,partial,research_only,needs_legal_review,10.1021/jf0721287,17988090,https://doi.org/10.1021/jf0721287,10_Evidence/2007-in-vivo-anti-influenza-virus-activity-of-an-immuno-17988090.md
a10c1577-e895-4ad5-9f66-c0e0c29cb772,"Inhibitory effects of cordycepin (3'-deoxyadenosine), a component of Cordyceps militaris, on human platelet aggregation induced by thapsigargin.",2007,Journal of microbiology and biotechnology,animal,C_animal,Cordyceps_militaris,cordycepin,anti_inflammatory,disease_language|preclinical_only,direct,research_only,needs_legal_review,,18051324,https://pubmed.ncbi.nlm.nih.gov/18051324/,10_Evidence/2007-inhibitory-effects-of-cordycepin-3-deoxyadenosine--18051324.md
c2274d47-425c-4f10-b1d5-e5e2aa7bb64a,Isolation and characterization of a mannoglucan from edible Cordyceps sinensis mycelium.,2007,Carbohydrate research,animal,C_animal,Cordyceps_sinensis,cordyceps_extract,antioxidant,disease_language|preclinical_only,extrapolated,research_only,needs_legal_review,10.1016/j.carres.2007.01.005,17258695,https://pubmed.ncbi.nlm.nih.gov/17258695/,10_Evidence/2007-isolation-and-characterization-of-a-mannoglucan-fr-17258695.md
b3cc76f1-ff2f-4640-a198-550541d2631f,"Reinforcement of antitumor effect of Cordyceps sinensis by 2'-deoxycoformycin, an adenosine deaminase inhibitor.",2007,"In vivo (Athens, Greece)",animal,C_animal,Cordyceps_sinensis,cordyceps_extract,respiratory,disease_language|preclinical_only,extrapolated,research_only,needs_legal_review,,17436579,https://pubmed.ncbi.nlm.nih.gov/17436579/,10_Evidence/2007-reinforcement-of-antitumor-effect-of-cordyceps-sin-17436579.md
8e5b1959-4b55-4154-ad2a-672ba84e579a,[Experimental study on effect of Bailing Cpsule on dendritic cells in mice].,2007,Zhongguo Zhong xi yi jie he za zhi Zhongguo Zhongxiyi jiehe zazhi = Chinese journal of integrated traditional and Western medicine,animal,C_animal,Cordyceps_sinensis,cordyceps_extract,immune,preclinical_only,extrapolated,research_only,candidate,,17990458,https://pubmed.ncbi.nlm.nih.gov/17990458/,10_Evidence/2007-experimental-study-on-effect-of-bailing-cpsule-on--17990458.md
3b23592a-cf3d-4440-90c2-e7653fcc4043,[Quantitative analysis of adenosine and cordycepin in Cordyceps sinensis and its substitutes with LC-MS-MS].,2007,PubMed,unclear,F_review_only,Cordyceps_sinensis,cordycepin,other,,extrapolated,research_only,candidate,,18161295,https://pubmed.ncbi.nlm.nih.gov/18161295,10_Evidence/2007-quantitative-analysis-of-adenosine-and-cordycepin--18161295.md
3b791e8a-4f5e-4843-968b-b110606d306f,A fibrinolytic enzyme from the medicinal mushroom Cordyceps militaris.,2006,PubMed,animal,C_animal,Cordyceps_militaris,unclear,other,preclinical_only,partial,research_only,candidate,,17205040,https://pubmed.ncbi.nlm.nih.gov/17205040,10_Evidence/2006-a-fibrinolytic-enzyme-from-the-medicinal-mushroom--17205040.md
515215cd-0f20-4f53-a799-b4efb5531df9,Antitumor effect of cordycepin (3'-deoxyadenosine) on mouse melanoma and lung carcinoma cells involves adenosine A3 receptor stimulation.,2006,Anticancer research,animal,C_animal,unclear,cordycepin,respiratory,disease_language|preclinical_only,partial,research_only,needs_legal_review,,16475677,https://pubmed.ncbi.nlm.nih.gov/16475677/,10_Evidence/2006-antitumor-effect-of-cordycepin-3-deoxyadenosine-on-16475677.md
7023a2be-1cb7-45e1-a618-45917d47e4b9,Comparison of Protective Effects between CulturedCordyceps militarisand NaturalCordyceps sinensisagainst Oxidative Damage,2006,Journal of Agricultural and Food Chemistry,animal,C_animal,Cordyceps_sinensis,cordycepin,antioxidant,disease_language|preclinical_only,extrapolated,research_only,needs_legal_review,10.1021/jf053111w,16608242,https://doi.org/10.1021/jf053111w,10_Evidence/2006-comparison-of-protective-effects-between-culturedc-16608242.md
d9e6d19c-a270-4b50-81f5-999880318667,"Cordycepin (3'-deoxyadenosine) inhibits human platelet aggregation induced by U46619, a TXA2 analogue.",2006,The Journal of pharmacy and pharmacology,unclear,F_review_only,Cordyceps_militaris,cordycepin,other,disease_language,direct,research_only,needs_legal_review,10.1211/jpp.58.12.0016,17331333,https://pubmed.ncbi.nlm.nih.gov/17331333/,10_Evidence/2006-cordycepin-3-deoxyadenosine-inhibits-human-platele-17331333.md
4313aed0-82b4-4970-9699-559e54b2b6fa,"Ethnomedicine in Himalaya: a case study from Dolpa, Humla, Jumla and Mustang districts of Nepal.",2006,Journal of ethnobiology and ethnomedicine,case_report,B_limited_human,Cordyceps_sinensis,cordyceps_extract,other,,extrapolated,research_only,candidate,10.1038/372410a0,16749924,https://pubmed.ncbi.nlm.nih.gov/16749924/,10_Evidence/2006-ethnomedicine-in-himalaya-a-case-study-from-dolpa--16749924.md
02878da6-9873-4a83-9d1f-31bb3c149a05,"Mycelium cultivation, chemical composition and antitumour activity of a Tolypocladium sp. fungus isolated from wild Cordyceps sinensis",2006,Journal of Applied Microbiology,animal,C_animal,Cordyceps_sinensis,cordycepin,metabolic,disease_language|preclinical_only,extrapolated,research_only,needs_legal_review,10.1111/j.1365-2672.2006.02930.x,16882134,https://doi.org/10.1111/j.1365-2672.2006.02930.x,10_Evidence/2006-mycelium-cultivation-chemical-composition-and-anti-16882134.md
23eddbe2-3ebe-447f-b2a2-cee7cdf0a086,"Protection against radiation-induced bone marrow and intestinal injuries by Cordyceps sinensis, a Chinese herbal medicine.",2006,Radiation research,animal,C_animal,Cordyceps_sinensis,cordyceps_extract,antioxidant,disease_language|preclinical_only,extrapolated,research_only,needs_legal_review,10.1667/rr0670.1,17149981,https://pubmed.ncbi.nlm.nih.gov/17149981/,10_Evidence/2006-protection-against-radiation-induced-bone-marrow-a-17149981.md
ef2b0753-6c5a-4059-83f1-a172ffa3b93d,A comparative study on the production of exopolysaccharides between two entomopathogenic fungi Cordyceps militaris and Cordyceps sinensis in submerged mycelial cultures,2005,Journal of Applied Microbiology,animal,C_animal,Cordyceps_sinensis,cordycepin,antioxidant,preclinical_only,extrapolated,research_only,candidate,10.1111/j.1365-2672.2005.02682.x,16162223,https://doi.org/10.1111/j.1365-2672.2005.02682.x,10_Evidence/2005-a-comparative-study-on-the-production-of-exopolysa-16162223.md
cd60586b-9160-40b2-bf69-a54b0ec44066,Cordyceps sinensis mycelium protects mice from group A streptococcal infection.,2005,Journal of medical microbiology,animal,C_animal,Cordyceps_sinensis,cordyceps_extract,immune,disease_language|preclinical_only,extrapolated,research_only,needs_legal_review,10.1099/jmm.0.45704-0,16014434,https://pubmed.ncbi.nlm.nih.gov/16014434/,10_Evidence/2005-cordyceps-sinensis-mycelium-protects-mice-from-gro-16014434.md
86a8daf1-f52b-4bc3-bd1f-4f5b41595e6c,Effect of cordycepin (3'-deoxyadenosine) on hematogenic lung metastatic model mice.,2005,"In vivo (Athens, Greece)",animal,C_animal,unclear,cordycepin,respiratory,disease_language|preclinical_only,partial,research_only,needs_legal_review,,15796166,https://pubmed.ncbi.nlm.nih.gov/15796166/,10_Evidence/2005-effect-of-cordycepin-3-deoxyadenosine-on-hematogen-15796166.md
f7617089-7b9f-4038-8e83-6f961881d200,Formulation and in vitro/in vivo evaluation of combining DNA repair and immune enhancing nutritional supplements.,2005,Phytomedicine : international journal of phytotherapy and phytopharmacology,animal,C_animal,Cordyceps_sinensis,cordyceps_extract,immune,disease_language|preclinical_only,extrapolated,research_only,needs_legal_review,10.1016/j.phymed.2004.01.008,15898702,https://pubmed.ncbi.nlm.nih.gov/15898702/,10_Evidence/2005-formulation-and-in-vitro-in-vivo-evaluation-of-com-15898702.md
286fdd0b-1aa8-4bb5-9fba-456984c9d3d1,Morphological Characteristics of Conidiogenesis in Cordyceps militaris.,2005,Mycobiology,unclear,F_review_only,Cordyceps_militaris,cordyceps_extract,antioxidant,,partial,research_only,candidate,10.4489/myco.2005.33.2.069,24049477,https://pubmed.ncbi.nlm.nih.gov/24049477/,10_Evidence/2005-morphological-characteristics-of-conidiogenesis-in-24049477.md
57929f28-ca1d-4050-b3f4-f88131226e1e,The traditional Chinese medicine Cordyceps sinensis and its effects on apoptotic homeostasis.,2005,Journal of ethnopharmacology,animal,C_animal,Cordyceps_sinensis,cordyceps_extract,other,preclinical_only,extrapolated,research_only,candidate,10.1016/j.jep.2004.09.029,15588646,https://pubmed.ncbi.nlm.nih.gov/15588646/,10_Evidence/2005-the-traditional-chinese-medicine-cordyceps-sinensi-15588646.md
716c1bdf-28eb-4788-b674-e015a473218c,Treatment of African Trypanosomiasis with Cordycepin and Adenosine Deaminase Inhibitors in a Mouse Model,2005,The Journal of Infectious Diseases,animal,C_animal,unclear,cordycepin,cognitive,disease_language|preclinical_only,partial,research_only,needs_legal_review,10.1086/496896,16206083,https://doi.org/10.1086/496896,10_Evidence/2005-treatment-of-african-trypanosomiasis-with-cordycep-16206083.md
f1a5eacf-5383-4a00-a952-6cfa70b14783,10-Membered Macrolides from the Insect Pathogenic Fungus Cordyceps militaris BCC 2816,2004,Journal of Natural Products,unclear,F_review_only,Cordyceps_militaris,cordycepin,antioxidant,,direct,research_only,candidate,10.1021/np0401415,15568800,https://doi.org/10.1021/np0401415,10_Evidence/2004-10-membered-macrolides-from-the-insect-pathogenic--15568800.md
b38e810d-495d-4900-b914-18fab926fb7c,Antitumour activity of cordycepin in mice.,2004,Clinical and experimental pharmacology & physiology,animal,C_animal,Cordyceps_sinensis,cordycepin,other,disease_language|preclinical_only|species_mismatch,partial,research_only,needs_legal_review,10.1111/j.1440-1681.2004.04108.x,15649290,https://pubmed.ncbi.nlm.nih.gov/15649290/,10_Evidence/2004-antitumour-activity-of-cordycepin-in-mice-15649290.md
20b3f7de-c798-4e51-9c3f-9321771aa79a,Effects of a commercial herbal-based formula on exercise performance in cyclists.,2004,Medicine and science in sports and exercise,rct,A_human_RCT,Cordyceps_sinensis,cordyceps_extract,exercise_performance,disease_language,extrapolated,research_only,needs_legal_review,10.1249/01.mss.0000125157.49280.af,15076794,https://pubmed.ncbi.nlm.nih.gov/15076794/,10_Evidence/2004-effects-of-a-commercial-herbal-based-formula-on-ex-15076794.md
8456cd87-a2f4-4f23-9fae-cd79f889a679,K562 cell sensitization to 5-fluorouracil- or interferon-alpha-induced apoptosis via cordycepin (3'-deoxyadenosine): fine control of cell apoptosis via poly(A) polymerase upregulation.,2004,The International journal of biological markers,animal,C_animal,unclear,cordycepin,other,preclinical_only,partial,research_only,candidate,10.1177/172460080401900108,15077928,https://pubmed.ncbi.nlm.nih.gov/15077928/,10_Evidence/2004-k562-cell-sensitization-to-5-fluorouracil-or-inter-15077928.md
15631707-f01f-42c0-b9aa-f24e9d7872e5,Medicinal herbal extracts--renal friend or foe? Part two: herbal extracts with potential renal benefits.,2004,"Nephrology (Carlton, Vic.)",animal,C_animal,Cordyceps_sinensis,cordyceps_extract,other,disease_language|preclinical_only,extrapolated,research_only,needs_legal_review,10.1111/j.1440-1797.2004.00355.x,15663644,https://pubmed.ncbi.nlm.nih.gov/15663644/,10_Evidence/2004-medicinal-herbal-extracts-renal-friend-or-foe-part-15663644.md
b0c77cbe-23e4-4823-9b64-0e7d5946134e,[Determination of adenosine and cordycepin in Cordyceps sinensis and C. militarris with HPLC-ESI-MS].,2004,PubMed,unclear,F_review_only,Cordyceps_sinensis,cordycepin,antioxidant,,extrapolated,research_only,candidate,,15506288,https://pubmed.ncbi.nlm.nih.gov/15506288,10_Evidence/2004-determination-of-adenosine-and-cordycepin-in-cordy-15506288.md
05e8762a-2736-4b82-8dd4-d399bff5627c,Comparison and Analysis of the Cordycepin in Cordyceps Barnessii Thwaites and Cordyceps Sinensis,2003,Shanxi nongye daxue xuebao. Ziran kexue ban,unclear,F_review_only,Cordyceps_sinensis,cordycepin,other,,extrapolated,research_only,candidate,,,https://openalex.org/W2360043266,10_Evidence/2003-comparison-and-analysis-of-the-cordycepin-in-cordy-05e8762a-273.md
900a744d-8fa1-46e6-8df3-b48b97ab8328,"H1-A extracted from Cordyceps sinensis suppresses the proliferation of human mesangial cells and promotes apoptosis, probably by inhibiting the tyrosine phosphorylation of Bcl-2 and Bcl-XL.",2003,The Journal of laboratory and clinical medicine,animal,C_animal,Cordyceps_sinensis,cordyceps_extract,immune,disease_language|preclinical_only,extrapolated,research_only,needs_legal_review,10.1067/mlc.2003.6,12518171,https://pubmed.ncbi.nlm.nih.gov/12518171/,10_Evidence/2003-h1-a-extracted-from-cordyceps-sinensis-suppresses--12518171.md
09d91e6f-ab6e-4319-9fdb-f087fe2e84c5,In vivo and in vitro stimulatory effects of Cordyceps sinensis on testosterone production in mouse Leydig cells.,2003,Life sciences,animal,C_animal,Cordyceps_sinensis,cordyceps_extract,other,disease_language|preclinical_only,extrapolated,research_only,needs_legal_review,10.1016/s0024-3205(03)00595-2,12899935,https://pubmed.ncbi.nlm.nih.gov/12899935/,10_Evidence/2003-in-vivo-and-in-vitro-stimulatory-effects-of-cordyc-12899935.md
db2b0ad5-0039-4dbc-9335-f6fd83739ffe,Production and Characterization of Exopolysaccharides from an Enthomopathogenic Fungus Cordyceps militaris NG3,2003,Biotechnology Progress,animal,C_animal,Cordyceps_militaris,unclear,antioxidant,preclinical_only,partial,research_only,candidate,10.1021/bp025644k,12675583,https://doi.org/10.1021/bp025644k,10_Evidence/2003-production-and-characterization-of-exopolysacchari-12675583.md
2d67a3a2-6ccd-4391-bb3a-bf5ffcb799e9,Study on the scavenging effect on superoxide anion free radical and hydroxyl free radical of Cordyceps sinensis and mycelium of cultured Cordyceps sinensis,2003,Zhongguo laonianxue zazhi,unclear,F_review_only,Cordyceps_sinensis,cordycepin,antioxidant,,extrapolated,research_only,candidate,,,https://openalex.org/W2391548215,10_Evidence/2003-study-on-the-scavenging-effect-on-superoxide-anion-2d67a3a2-6cc.md
73a074fd-0bb8-417e-811e-e6cc69c168bf,Investigation on Artificial Fruiting of Cordyceps militaris,2002,The Korean Journal of Mycology,unclear,F_review_only,Cordyceps_militaris,unclear,antioxidant,,partial,research_only,candidate,10.4489/kjm.2002.30.1.006,,https://doi.org/10.4489/kjm.2002.30.1.006,10_Evidence/2002-investigation-on-artificial-fruiting-of-cordyceps--10-4489-kjm.md
cae7dc38-93a5-4104-847e-18903d9d952a,CordyMax Cs-4 improves steady-state bioenergy status in mouse liver.,2001,"Journal of alternative and complementary medicine (New York, N.Y.)",animal,C_animal,Cordyceps_sinensis,cordyceps_extract,energy_fatigue,disease_language|preclinical_only,extrapolated,research_only,needs_legal_review,10.1089/107555301300328106,11439844,https://pubmed.ncbi.nlm.nih.gov/11439844/,10_Evidence/2001-cordymax-cs-4-improves-steady-state-bioenergy-stat-11439844.md
2ab15848-51ba-4694-b13a-8e75102c37af,Optimization of submerged culture conditions for the mycelial growth and exo-biopolymer production by Cordyceps militaris,2001,Letters in Applied Microbiology,animal,C_animal,Cordyceps_militaris,unclear,antioxidant,preclinical_only,partial,research_only,candidate,10.1046/j.1472-765x.2001.00950.x,11442820,https://doi.org/10.1046/j.1472-765x.2001.00950.x,10_Evidence/2001-optimization-of-submerged-culture-conditions-for-t-11442820.md
abca1c93-8176-4890-8948-c9b8ce90e7f6,Antioxidant activity of the extracts from fruiting bodies of cultured Cordyceps sinensis.,2000,Phytotherapy research : PTR,animal,C_animal,Cordyceps_sinensis,cordyceps_extract,antioxidant,disease_language|preclinical_only,extrapolated,research_only,needs_legal_review,10.1002/1099-1573(200012)14:8<647::aid-ptr670>3.0.co;2-w,11114006,https://pubmed.ncbi.nlm.nih.gov/11114006/,10_Evidence/2000-antioxidant-activity-of-the-extracts-from-fruiting-11114006.md
25b6b0ae-b4c2-4f38-84d0-68f77d824bb0,Cordycepin: Selective Growth Inhibitor Derived from Liquid Culture of Cordyceps militaris against Clostridium spp.,2000,Journal of Agricultural and Food Chemistry,unclear,F_review_only,Cordyceps_militaris,cordycepin,antioxidant,disease_language,direct,research_only,needs_legal_review,10.1021/jf990862n,10898616,https://doi.org/10.1021/jf990862n,10_Evidence/2000-cordycepin-selective-growth-inhibitor-derived-from-10898616.md
c046da64-1041-460c-b026-2d910927d117,Effects of extracted Cordyceps sinensis on steroidogenesis in MA-10 mouse Leydig tumor cells.,2000,Biological & pharmaceutical bulletin,animal,C_animal,Cordyceps_sinensis,cordyceps_extract,other,disease_language|preclinical_only,extrapolated,research_only,needs_legal_review,10.1248/bpb.23.1532,11145193,https://pubmed.ncbi.nlm.nih.gov/11145193/,10_Evidence/2000-effects-of-extracted-cordyceps-sinensis-on-steroid-11145193.md
c3ef15a0-d89c-4553-8dcb-09b13cf5d9ef,From Adenosine to 3‘-Deoxyadenosine: Development and Scale Up,2000,Organic Process Research & Development,animal,C_animal,unclear,cordycepin,other,preclinical_only,partial,research_only,candidate,10.1021/op000209x,,https://doi.org/10.1021/op000209x,10_Evidence/2000-from-adenosine-to-3-deoxyadenosine-development-and-10-1021-op00.md
31e0df69-3174-49b5-afeb-a2ff78c67219,Antitumor sterols from the mycelia of Cordyceps sinensis.,1999,Phytochemistry,animal,C_animal,Cordyceps_sinensis,cordyceps_extract,antioxidant,disease_language|preclinical_only,extrapolated,research_only,needs_legal_review,10.1016/s0031-9422(99)00128-4,10423860,https://pubmed.ncbi.nlm.nih.gov/10423860/,10_Evidence/1999-antitumor-sterols-from-the-mycelia-of-cordyceps-si-10423860.md
9a3dcacc-55d5-4a98-9599-995072d3001a,Inhibitory Effect of Cordyceps sinensis on Spontaneous Liver Metastasis of Lewis Lung Carcinoma and B16 Melanoma Cells in Syngeneic Mice,1999,The Japanese Journal of Pharmacology,animal,C_animal,Cordyceps_sinensis,cordycepin,respiratory,disease_language|preclinical_only,extrapolated,research_only,needs_legal_review,10.1254/jjp.79.335,10230862,https://doi.org/10.1254/jjp.79.335,10_Evidence/1999-inhibitory-effect-of-cordyceps-sinensis-on-spontan-10230862.md
bc9475ab-c3a1-4001-8b12-f984fd305a92,Antifungal activity of 3'-deoxyadenosine (cordycepin).,1998,Antimicrobial agents and chemotherapy,animal,C_animal,unclear,cordycepin,other,disease_language|preclinical_only,partial,research_only,needs_legal_review,10.1128/aac.42.6.1424,9624488,https://pubmed.ncbi.nlm.nih.gov/9624488/,10_Evidence/1998-antifungal-activity-of-3-deoxyadenosine-cordycepin-9624488.md
ecee6e41-91d2-416d-97d8-d93a8d2818e9,β- D -3'-Deoxyadenosine (Cordycepin),1997,Acta Crystallographica Section C Crystal Structure Communications,unclear,F_review_only,unclear,cordycepin,antioxidant,,partial,research_only,candidate,10.1107/s0108270197007361,,https://doi.org/10.1107/s0108270197007361,10_Evidence/1997-d-3-deoxyadenosine-cordycepin-10-1107-s010.md
2f658935-28c5-430f-bc0f-a2ca63952ed1,3'-Deoxyribonucleotides inhibit eukaryotic DNA primase.,1996,Journal of biochemistry,animal,C_animal,unclear,cordycepin,other,preclinical_only,partial,research_only,candidate,10.1093/oxfordjournals.jbchem.a021345,8827435,https://pubmed.ncbi.nlm.nih.gov/8827435/,10_Evidence/1996-3-deoxyribonucleotides-inhibit-eukaryotic-dna-prim-8827435.md
e1ccbaa1-3c7c-4c36-aacc-9d4facb0cfb5,Cordyceps sinensis as an immunomodulatory agent.,1996,The American journal of Chinese medicine,animal,C_animal,Cordyceps_sinensis,cordyceps_extract,immune,disease_language|preclinical_only,extrapolated,research_only,needs_legal_review,10.1142/s0192415x96000165,8874668,https://pubmed.ncbi.nlm.nih.gov/8874668/,10_Evidence/1996-cordyceps-sinensis-as-an-immunomodulatory-agent-8874668.md
5c84fbb3-89cf-4761-bea1-95e6bc51e85f,Induction of apoptosis by cordycepin in ADA-inhibited TdT-positive leukemia cells.,1996,PubMed,unclear,F_review_only,unclear,cordycepin,antioxidant,disease_language,partial,research_only,needs_legal_review,,8667637,https://pubmed.ncbi.nlm.nih.gov/8667637,10_Evidence/1996-induction-of-apoptosis-by-cordycepin-in-ada-inhibi-8667637.md
038c451f-ce28-49c0-be76-12b124ee0a75,Growth Inhibitors Against Tumor Cells in Cordyceps sinensis Other than Cordycepin and Polysaccharides,1994,Cancer Investigation,animal,C_animal,Cordyceps_sinensis,cordycepin,other,disease_language|preclinical_only,extrapolated,research_only,needs_legal_review,10.3109/07357909409023046,7994596,https://doi.org/10.3109/07357909409023046,10_Evidence/1994-growth-inhibitors-against-tumor-cells-in-cordyceps-7994596.md
3ec9f9d9-b636-4026-acc3-cf0d115c80bc,Effect of thiamin on cordycepin sensitivity in Saccharomyces cerevisiae,1992,FEBS Letters,unclear,F_review_only,unclear,cordycepin,antioxidant,,partial,research_only,candidate,10.1016/0014-5793(92)81367-u,1397293,https://doi.org/10.1016/0014-5793(92)81367-u,10_Evidence/1992-effect-of-thiamin-on-cordycepin-sensitivity-in-sac-1397293.md
648a561a-eeca-4757-8b35-14994cfcf9b8,Effects of cordyceps sinensis on natural killer activity and colony formation of B16 melanoma.,1992,Chinese medical journal,animal,C_animal,Cordyceps_sinensis,cordyceps_extract,respiratory,disease_language|preclinical_only,extrapolated,research_only,needs_legal_review,,1597083,https://pubmed.ncbi.nlm.nih.gov/1597083/,10_Evidence/1992-effects-of-cordyceps-sinensis-on-natural-killer-ac-1597083.md
5e56e26f-83b6-4d98-b4f9-fc18d5e91ef4,"Cordycepin analogs of 2',5'-oligoadenylate inhibit human immunodeficiency virus infection via inhibition of reverse transcriptase",1991,Biochemistry,animal,C_animal,unclear,cordycepin,antioxidant,disease_language|preclinical_only,partial,research_only,needs_legal_review,10.1021/bi00222a004,1705437,https://doi.org/10.1021/bi00222a004,10_Evidence/1991-cordycepin-analogs-of-2-5-oligoadenylate-inhibit-h-1705437.md
446d4d3c-46cb-4845-ad95-9e72a0849fb5,Astragalus and Cordyceps Derivatives in the Treatment of Aging-Related Chronic Diseases and Neurodegenerative Disorders,2026,,animal,C_animal,unclear,cordycepin,cognitive,disease_language|missing_abstract|preclinical_only,partial,research_only,needs_legal_review,,,,10_Evidence/2026-astragalus-and-cordyceps-derivatives-in-the-treatm-446d4d3c-46c.md
1bea0634-9ec6-408a-874a-5feac1083d48,Cordyceps Militaris Exopolysaccharides and Lactiplantibacillus Plantarum H8 Synergistically Improve Immune Function Damage in Cyclophosphamide-Induced Immunosuppressed Mice.,2026,,animal,C_animal,Cordyceps_militaris,unclear,immune,missing_abstract|preclinical_only,partial,research_only,candidate,10.1007/s12602-026-11023-9,42029995,https://europepmc.org/article/MED/42029995,10_Evidence/2026-cordyceps-militaris-exopolysaccharides-and-lactipl-42029995.md
9bcb13a3-51ad-46ac-a6e3-b5ff1325c71f,"Corrigendum to ""Neomycin-sensitive gut bacteria-derived brassicasterol mediates the anti-obesity effects of Cordyceps militaris polysaccharide"" [Food Res. Int. 230 (2026) 118574].",2026,,unclear,F_review_only,Cordyceps_militaris,unclear,other,missing_abstract,partial,research_only,candidate,10.1016/j.foodres.2026.119075,42083159,https://europepmc.org/article/MED/42083159,10_Evidence/2026-corrigendum-to-neomycin-sensitive-gut-bacteria-der-42083159.md
09856785-cf29-46eb-b867-0a050194f8c4,Should they stay or should they go? Regulating microRNA turnover in plants.,2026,,unclear,F_review_only,unclear,cordycepin,other,missing_abstract,partial,research_only,candidate,10.1093/plcell/koag077,41838820,https://europepmc.org/article/MED/41838820,10_Evidence/2026-should-they-stay-or-should-they-go-regulating-micr-41838820.md
cbe9cf03-a284-4588-8cf5-91545a44ec76,Effect of the Administration of Cordyceps militaris Mycelium Extract on Blood Markers for Anemia in Long-Distance Runners,2024,,animal,C_animal,unclear,cordyceps_extract,other,missing_abstract|preclinical_only,extrapolated,research_only,candidate,,,,10_Evidence/2024-effect-of-the-administration-of-cordyceps-militari-cbe9cf03-a28.md
f96eb357-9cd4-4981-b7ed-9467950ba7ab,Metabolomics and Therapeutic Potential of Ophiocordyceps sinensis,2022,Springer eBooks,unclear,F_review_only,Cordyceps_sinensis,unclear,other,disease_language|missing_abstract,extrapolated,research_only,needs_legal_review,10.1007/978-981-19-5779-6_12,,https://doi.org/10.1007/978-981-19-5779-6_12,10_Evidence/2022-metabolomics-and-therapeutic-potential-of-ophiocor-10-1007-978.md
e212a7fb-e3d2-44da-bf18-88cce794d4dc,Improvement of cordycepin production by an isolated Paecilomyces hepiali mutant from combinatorial mutation breeding and medium screening,2021,Bioprocess and Biosystems Engineering,unclear,F_review_only,Cordyceps_sinensis,cordycepin,other,missing_abstract,extrapolated,research_only,candidate,10.1007/s00449-021-02611-w,34268619,https://doi.org/10.1007/s00449-021-02611-w,10_Evidence/2021-improvement-of-cordycepin-production-by-an-isolate-34268619.md
189df813-ee9f-4ef9-9cfd-89359a16231e,Research progress on Cordyceps militaris polysaccharides,2021,Food Bioscience,unclear,F_review_only,Cordyceps_militaris,unclear,other,missing_abstract,partial,research_only,candidate,10.1016/j.fbio.2021.101503,,https://doi.org/10.1016/j.fbio.2021.101503,10_Evidence/2021-research-progress-on-cordyceps-militaris-polysacch-10-1016-j-fb.md
06619793-e399-4c11-bd7c-f385734a447d,Structure analysis and antioxidant activity of polysaccharide-iron (III) from Cordyceps militaris mycelia,2021,International Journal of Biological Macromolecules,unclear,F_review_only,Cordyceps_militaris,unclear,antioxidant,missing_abstract,partial,research_only,candidate,10.1016/j.ijbiomac.2021.02.163,33639188,https://doi.org/10.1016/j.ijbiomac.2021.02.163,10_Evidence/2021-structure-analysis-and-antioxidant-activity-of-pol-33639188.md
75d62388-9fea-4599-96f0-68eca3a4a412,Corrigendum to 'Cordycepin (3'-deoxyadenosine) promotes remyelination via suppression of neuroinflammation in a cuprizone-induced mouse model of demyelination'. [Int. Immunopharmacol. 75 (2019) 105777].,2020,International immunopharmacology,animal,C_animal,unclear,cordycepin,cognitive,missing_abstract|preclinical_only,partial,research_only,candidate,10.1016/j.intimp.2019.106033,31830623,https://pubmed.ncbi.nlm.nih.gov/31830623/,10_Evidence/2020-corrigendum-to-cordycepin-3-deoxyadenosine-promote-31830623.md
6996a266-17e5-4c97-b2c2-df4d39666c62,A novel infrared freeze drying (IRFD) technology to lower the energy consumption and keep the quality of Cordyceps militaris,2019,Innovative Food Science & Emerging Technologies,unclear,F_review_only,Cordyceps_militaris,unclear,energy_fatigue,missing_abstract,partial,research_only,candidate,10.1016/j.ifset.2019.03.003,,https://doi.org/10.1016/j.ifset.2019.03.003,10_Evidence/2019-a-novel-infrared-freeze-drying-irfd-technology-to--10-1016-j-if.md
7ab8439f-a99f-4e02-88d9-7fc9389b2eae,Cordyceps militaris fungus mediated Zinc Oxide nanoparticles for the photocatalytic degradation of Methylene blue dye,2019,Optik,animal,C_animal,Cordyceps_militaris,unclear,other,missing_abstract|preclinical_only,partial,research_only,candidate,10.1016/j.ijleo.2019.02.081,,https://doi.org/10.1016/j.ijleo.2019.02.081,10_Evidence/2019-cordyceps-militaris-fungus-mediated-zinc-oxide-nan-10-1016-j-ij.md
27f412d2-73a7-4a30-9274-4788c28dae9a,"Influence of infrared drying on the drying kinetics, bioactive compounds and flavor of Cordyceps militaris",2019,LWT,unclear,F_review_only,Cordyceps_militaris,unclear,other,missing_abstract,partial,research_only,candidate,10.1016/j.lwt.2019.05.108,,https://doi.org/10.1016/j.lwt.2019.05.108,10_Evidence/2019-influence-of-infrared-drying-on-the-drying-kinetic-10-1016-j-lw.md
073f0e5a-ac8e-46cc-956e-c16c6a5f34be,Comparison of protective effect of ordinary Cordyceps militaris and selenium-enriched Cordyceps militaris on triptolide-induced acute hepatotoxicity and the potential mechanisms,2018,Journal of Functional Foods,unclear,F_review_only,Cordyceps_militaris,unclear,other,missing_abstract,partial,research_only,candidate,10.1016/j.jff.2018.05.016,,https://doi.org/10.1016/j.jff.2018.05.016,10_Evidence/2018-comparison-of-protective-effect-of-ordinary-cordyc-10-1016-j-jf.md
6b2d6f42-999b-493e-ba15-20efc2d5205d,"Cordycepin, isolated from medicinal fungus Cordyceps sinensis, enhances radiosensitivity of oral cancer associated with modulation of DNA damage repair",2018,Food and Chemical Toxicology,unclear,F_review_only,Cordyceps_sinensis,cordycepin,other,disease_language|missing_abstract,extrapolated,research_only,needs_legal_review,10.1016/j.fct.2018.12.025,30576710,https://doi.org/10.1016/j.fct.2018.12.025,10_Evidence/2018-cordycepin-isolated-from-medicinal-fungus-cordycep-30576710.md
6006ccbc-2339-4e0c-a427-f84b3c1d0682,Fungal Cordycepin Biosynthesis Is Coupled with the Production of the Safeguard Molecule Pentostatin,2017,Cell chemical biology,unclear,F_review_only,unclear,cordycepin,other,missing_abstract,partial,research_only,candidate,10.1016/j.chembiol.2017.09.001,29056419,https://doi.org/10.1016/j.chembiol.2017.09.001,10_Evidence/2017-fungal-cordycepin-biosynthesis-is-coupled-with-the-29056419.md
a4aec4df-b5df-4683-a5ac-c18c5b8068d3,The preparation of three selenium-containing Cordyceps militaris polysaccharides: Characterization and anti-tumor activities,2017,International Journal of Biological Macromolecules,animal,C_animal,Cordyceps_militaris,unclear,other,disease_language|missing_abstract|preclinical_only,partial,research_only,needs_legal_review,10.1016/j.ijbiomac.2017.02.064,28235607,https://doi.org/10.1016/j.ijbiomac.2017.02.064,10_Evidence/2017-the-preparation-of-three-selenium-containing-cordy-28235607.md
1eade199-c9d3-4866-b6e8-f877b1eb52c2,Transcriptome analysis of Paecilomyces hepiali at different growth stages and culture additives to reveal putative genes in cordycepin biosynthesis,2017,Genomics,unclear,F_review_only,Cordyceps_sinensis,cordycepin,other,missing_abstract,extrapolated,research_only,candidate,10.1016/j.ygeno.2017.09.008,28935392,https://doi.org/10.1016/j.ygeno.2017.09.008,10_Evidence/2017-transcriptome-analysis-of-paecilomyces-hepiali-at--28935392.md
b2b2fa46-dfea-48fa-a0cf-06354a07dbb3,Biochemical characterization of a novel fibrinolytic enzyme from Cordyceps militaris,2016,International Journal of Biological Macromolecules,unclear,F_review_only,Cordyceps_militaris,unclear,other,missing_abstract,partial,research_only,candidate,10.1016/j.ijbiomac.2016.09.048,27642126,https://doi.org/10.1016/j.ijbiomac.2016.09.048,10_Evidence/2016-biochemical-characterization-of-a-novel-fibrinolyt-27642126.md
fee2e92b-b357-428e-aefd-2529e8c2d0a3,Immunomodulatory and antioxidative activity of Cordyceps militaris polysaccharides in mice,2016,International Journal of Biological Macromolecules,animal,C_animal,Cordyceps_militaris,unclear,immune,missing_abstract|preclinical_only,partial,research_only,needs_legal_review,10.1016/j.ijbiomac.2016.02.009,26853825,https://doi.org/10.1016/j.ijbiomac.2016.02.009,10_Evidence/2016-immunomodulatory-and-antioxidative-activity-of-cor-26853825.md
b1eb8b34-96d1-445f-a83f-83ba449d1f5a,Structural elucidation and immunostimulatory activity of polysaccharide isolated by subcritical water extraction from Cordyceps militaris,2016,Carbohydrate Polymers,animal,C_animal,Cordyceps_militaris,cordyceps_extract,other,missing_abstract|preclinical_only,partial,research_only,candidate,10.1016/j.carbpol.2016.10.066,27987993,https://doi.org/10.1016/j.carbpol.2016.10.066,10_Evidence/2016-structural-elucidation-and-immunostimulatory-activ-27987993.md
b1c916de-4f13-4e07-9c37-54c1bf157793,Structural properties of polysaccharides from cultivated fruit bodies and mycelium of Cordyceps militaris,2016,Carbohydrate Polymers,animal,C_animal,Cordyceps_militaris,unclear,other,missing_abstract|preclinical_only,partial,research_only,candidate,10.1016/j.carbpol.2016.01.040,26917375,https://doi.org/10.1016/j.carbpol.2016.01.040,10_Evidence/2016-structural-properties-of-polysaccharides-from-cult-26917375.md
d7f79e2b-e6a0-40b6-b9bd-efb062abdf75,"Synthesis, characterization and antioxidant activity of selenium polysaccharide from Cordyceps militaris",2016,International Journal of Biological Macromolecules,unclear,F_review_only,Cordyceps_militaris,unclear,antioxidant,missing_abstract,partial,research_only,candidate,10.1016/j.ijbiomac.2016.09.076,27667538,https://doi.org/10.1016/j.ijbiomac.2016.09.076,10_Evidence/2016-synthesis-characterization-and-antioxidant-activit-27667538.md
83664735-286b-4cad-b9bc-4fd5e4545da6,3′‐deoxyadenosine,2015,"The Dictionary of Genomics, Transcriptomics and Proteomics",unclear,F_review_only,unclear,cordycepin,other,missing_abstract,partial,research_only,candidate,10.1002/9783527678679.dg13212,,https://doi.org/10.1002/9783527678679.dg13212,10_Evidence/2015-3-deoxyadenosine-10-1002-9783.md
9e1c7850-40bf-48e1-84a2-5cd0193733b3,"A comparison of chemical composition, bioactive components and antioxidant activity of natural and cultured Cordyceps sinensis",2015,LWT,unclear,F_review_only,Cordyceps_sinensis,unclear,antioxidant,missing_abstract,extrapolated,research_only,candidate,10.1016/j.lwt.2015.03.109,,https://doi.org/10.1016/j.lwt.2015.03.109,10_Evidence/2015-a-comparison-of-chemical-composition-bioactive-com-10-1016-j-lw.md
16b333d2-6f01-4a08-aa2d-d2dcaf815e87,Antihyperlipidemic and hepatoprotective activities of residue polysaccharide from Cordyceps militaris SU-12,2015,Carbohydrate Polymers,animal,C_animal,Cordyceps_militaris,unclear,metabolic,missing_abstract|preclinical_only,partial,research_only,candidate,10.1016/j.carbpol.2015.06.016,26256194,https://doi.org/10.1016/j.carbpol.2015.06.016,10_Evidence/2015-antihyperlipidemic-and-hepatoprotective-activities-26256194.md
4a255710-7a74-413a-9a17-931f89e7fe62,Comparison of mitochondrial genomes provides insights into intron dynamics and evolution in the caterpillar fungus Cordyceps militaris,2015,Fungal Genetics and Biology,unclear,F_review_only,Cordyceps_militaris,unclear,other,missing_abstract,partial,research_only,candidate,10.1016/j.fgb.2015.04.009,25896956,https://doi.org/10.1016/j.fgb.2015.04.009,10_Evidence/2015-comparison-of-mitochondrial-genomes-provides-insig-25896956.md
f62df7a3-ed56-4c32-8018-920dfdf50b67,"Cordycepin (3′‐deoxyadenosine, 3′‐dA)",2015,"The Dictionary of Genomics, Transcriptomics and Proteomics",unclear,F_review_only,unclear,cordycepin,other,missing_abstract,partial,research_only,candidate,10.1002/9783527678679.dg02434,,https://doi.org/10.1002/9783527678679.dg02434,10_Evidence/2015-cordycepin-3-deoxyadenosine-3-da-10-1002-9783.md
1607d3b8-7486-40d8-9c70-775b1d69bc2c,Dose finding of 3′deoxyadenosine and deoxycoformycin for the treatment of Trypanosoma evansi infection: An effective and nontoxic dose,2015,Microbial Pathogenesis,animal,C_animal,unclear,cordycepin,antioxidant,disease_language|missing_abstract|preclinical_only,partial,research_only,needs_legal_review,10.1016/j.micpath.2015.05.005,26025154,https://doi.org/10.1016/j.micpath.2015.05.005,10_Evidence/2015-dose-finding-of-3-deoxyadenosine-and-deoxycoformyc-26025154.md
4cb2146b-681f-43e3-853e-1c1e2de9071f,Identification of chemical markers in Cordyceps sinensis by HPLC-MS/MS,2015,Analytical and Bioanalytical Chemistry,unclear,F_review_only,Cordyceps_sinensis,unclear,other,missing_abstract,extrapolated,research_only,candidate,10.1007/s00216-015-8978-6,26302964,https://doi.org/10.1007/s00216-015-8978-6,10_Evidence/2015-identification-of-chemical-markers-in-cordyceps-si-4cb2146b.md
18e5e62e-a198-4211-8044-9d0c60612cef,Influence of fermentation conditions on polysaccharide production and the activities of enzymes involved in the polysaccharide synthesis of Cordyceps militaris,2015,Applied Microbiology and Biotechnology,unclear,F_review_only,Cordyceps_militaris,unclear,other,missing_abstract,partial,research_only,candidate,10.1007/s00253-015-7235-4,26685672,https://doi.org/10.1007/s00253-015-7235-4,10_Evidence/2015-influence-of-fermentation-conditions-on-polysaccha-26685672.md
4f0de875-ddfe-4f1f-8337-8c4a7874a4ed,The blue-light receptor CmWC-1 mediates fruit body development and secondary metabolism in Cordyceps militaris,2015,Applied Microbiology and Biotechnology,unclear,F_review_only,Cordyceps_militaris,unclear,other,missing_abstract,partial,research_only,candidate,10.1007/s00253-015-7047-6,26476643,https://doi.org/10.1007/s00253-015-7047-6,10_Evidence/2015-the-blue-light-receptor-cmwc-1-mediates-fruit-body-26476643.md
b5859556-0cdf-49eb-beb1-1ee507bc02c3,A novel application of Cordycepin (Cordyceps sinensis extract): maintaining stem cell pluripotency and improving iPS generation efficiency,2014,,animal,C_animal,Cordyceps_sinensis,cordycepin,other,missing_abstract|preclinical_only,extrapolated,research_only,candidate,,,https://openalex.org/W2292624276,10_Evidence/2014-a-novel-application-of-cordycepin-cordyceps-sinens-b5859556-0cd.md
abc84841-441f-43f5-84b4-1f358c8642b9,Enhancement of the antioxidant capacity of chickpeas by solid state fermentation with Cordyceps militaris SN-18,2014,Journal of Functional Foods,unclear,F_review_only,Cordyceps_militaris,unclear,antioxidant,missing_abstract,partial,research_only,candidate,10.1016/j.jff.2014.06.008,,https://doi.org/10.1016/j.jff.2014.06.008,10_Evidence/2014-enhancement-of-the-antioxidant-capacity-of-chickpe-10-1016-j-jf.md
e97c66d3-c0d0-4145-96c0-97742655f5c1,Mechanism of macrophage activation induced by polysaccharide from Cordyceps militaris culture broth,2014,Carbohydrate Polymers,animal,C_animal,Cordyceps_militaris,unclear,other,missing_abstract|preclinical_only,partial,research_only,candidate,10.1016/j.carbpol.2014.11.059,25662684,https://doi.org/10.1016/j.carbpol.2014.11.059,10_Evidence/2014-mechanism-of-macrophage-activation-induced-by-poly-25662684.md
27400bd4-6a1a-46ee-8284-1f8179fc4e42,Ultrahigh pressure extraction of polysaccharides from Cordyceps militaris and evaluation of antioxidant activity,2014,Separation and Purification Technology,animal,C_animal,Cordyceps_militaris,cordyceps_extract,antioxidant,missing_abstract|preclinical_only,partial,research_only,candidate,10.1016/j.seppur.2014.07.017,,https://doi.org/10.1016/j.seppur.2014.07.017,10_Evidence/2014-ultrahigh-pressure-extraction-of-polysaccharides-f-10-1016-j-se.md
859fd48a-3576-4363-978b-62f8bc2d61f3,3′-Deoxyadenosine inhibits pre-adipocyte differentiation and biosynthesis of triacylglycerol in 3T3-L1 cells,2013,Journal of Functional Foods,unclear,F_review_only,unclear,cordycepin,other,missing_abstract,partial,research_only,candidate,10.1016/j.jff.2013.10.024,,https://doi.org/10.1016/j.jff.2013.10.024,10_Evidence/2013-3-deoxyadenosine-inhibits-pre-adipocyte-differenti-10-1016-j-jf.md
62ad34e6-1166-4113-8c75-b886f17c6e18,Composition and characterization of cordyxanthins from Cordyceps militaris fruit bodies,2013,Journal of Functional Foods,unclear,F_review_only,Cordyceps_militaris,unclear,other,missing_abstract,partial,research_only,candidate,10.1016/j.jff.2013.06.002,,https://doi.org/10.1016/j.jff.2013.06.002,10_Evidence/2013-composition-and-characterization-of-cordyxanthins--10-1016-j-jf.md
10a0dec2-77e8-41fa-9b2a-3344c8321620,Elucidation and biological activities of a new polysaccharide from cultured Cordyceps militaris,2013,Carbohydrate Polymers,animal,C_animal,Cordyceps_militaris,unclear,other,missing_abstract|preclinical_only,partial,research_only,candidate,10.1016/j.carbpol.2013.11.061,24507284,https://doi.org/10.1016/j.carbpol.2013.11.061,10_Evidence/2013-elucidation-and-biological-activities-of-a-new-pol-24507284.md
46c6ec96-b77e-4937-bbfe-424f571fea28,Isolation and chemical characterization of a glucogalactomannan of the medicinal mushroom Cordyceps militaris,2013,Carbohydrate Polymers,animal,C_animal,Cordyceps_militaris,unclear,other,missing_abstract|preclinical_only,partial,research_only,candidate,10.1016/j.carbpol.2013.04.049,23769519,https://doi.org/10.1016/j.carbpol.2013.04.049,10_Evidence/2013-isolation-and-chemical-characterization-of-a-gluco-23769519.md
9af29eab-bc36-41a4-977d-f70132882634,Structural analysis and antioxidant activities of polysaccharides from cultured Cordyceps militaris,2013,International Journal of Biological Macromolecules,unclear,F_review_only,Cordyceps_militaris,unclear,antioxidant,missing_abstract,partial,research_only,candidate,10.1016/j.ijbiomac.2013.03.041,23537797,https://doi.org/10.1016/j.ijbiomac.2013.03.041,10_Evidence/2013-structural-analysis-and-antioxidant-activities-of--23537797.md
2043ddab-07cd-4ae8-addc-ed18d1858642,Comparison of the hepatoprotective activity between cultured Cordyceps militaris and natural Cordyceps sinensis,2012,Journal of Functional Foods,unclear,F_review_only,mixed,unclear,other,missing_abstract|species_mismatch,partial,research_only,candidate,10.1016/j.jff.2012.02.009,,https://doi.org/10.1016/j.jff.2012.02.009,10_Evidence/2012-comparison-of-the-hepatoprotective-activity-betwee-10-1016-j-jf.md
6635bf3d-4802-400e-84c8-97cab57d8832,Effects of Selenium and Light Wavelengths on Liquid Culture of Cordyceps militaris Link,2012,Applied Biochemistry and Biotechnology,unclear,F_review_only,Cordyceps_militaris,unclear,other,missing_abstract,partial,research_only,candidate,10.1007/s12010-012-9628-5,22434354,https://doi.org/10.1007/s12010-012-9628-5,10_Evidence/2012-effects-of-selenium-and-light-wavelengths-on-liqui-22434354.md
3c1f6890-d770-4234-a923-e052092d1bc4,Increasing oxidative stress tolerance and subculturing stability of Cordyceps militaris by overexpression of a glutathione peroxidase gene,2012,Applied Microbiology and Biotechnology,unclear,F_review_only,Cordyceps_militaris,unclear,antioxidant,missing_abstract,partial,research_only,candidate,10.1007/s00253-012-4286-7,22828981,https://doi.org/10.1007/s00253-012-4286-7,10_Evidence/2012-increasing-oxidative-stress-tolerance-and-subcultu-22828981.md
f913457d-bdf2-42e6-a143-1eb3def8e512,The medicinal fungus Cordyceps militaris: research and development,2012,Mycological Progress,unclear,F_review_only,Cordyceps_militaris,unclear,other,missing_abstract,partial,research_only,candidate,10.1007/s11557-012-0825-y,,https://doi.org/10.1007/s11557-012-0825-y,10_Evidence/2012-the-medicinal-fungus-cordyceps-militaris-research--10-1007-s115.md
6b500a02-d196-4bc7-a511-0f3cad05b8e4,"Aberrant, differential and bidirectional regulation of the unfolded protein response towards cell survival by 3′-deoxyadenosine",2011,Cell Death and Differentiation,unclear,F_review_only,unclear,cordycepin,other,missing_abstract,partial,research_only,needs_legal_review,10.1038/cdd.2011.63,21597460,https://doi.org/10.1038/cdd.2011.63,10_Evidence/2011-aberrant-differential-and-bidirectional-regulation-21597460.md
1a83fb75-dbac-4f49-8852-7950b5b5cb5c,Agrobacterium tumefaciens-mediated transformation as a tool for insertional mutagenesis in medicinal fungus Cordyceps militaris,2011,Fungal Biology,unclear,F_review_only,Cordyceps_militaris,unclear,other,missing_abstract,partial,research_only,candidate,10.1016/j.funbio.2010.12.011,21354533,https://doi.org/10.1016/j.funbio.2010.12.011,10_Evidence/2011-agrobacterium-tumefaciens-mediated-transformation--21354533.md
9a05e466-3b91-413b-bd2f-76b7eec86145,Cordycepin protects against cerebral ischemia/reperfusion injury in vivo and in vitro,2011,European Journal of Pharmacology,animal,C_animal,unclear,cordycepin,other,missing_abstract|preclinical_only,partial,research_only,candidate,10.1016/j.ejphar.2011.04.052,21554870,https://doi.org/10.1016/j.ejphar.2011.04.052,10_Evidence/2011-cordycepin-protects-against-cerebral-ischemia-repe-21554870.md
dad14ab1-6e7b-414a-a06d-9abc97798877,Cordycepin-induced apoptosis and autophagy in breast cancer cells are independent of the estrogen receptor,2011,Toxicology and Applied Pharmacology,unclear,F_review_only,unclear,cordycepin,other,disease_language|missing_abstract,partial,research_only,needs_legal_review,10.1016/j.taap.2011.08.030,21933677,https://doi.org/10.1016/j.taap.2011.08.030,10_Evidence/2011-cordycepin-induced-apoptosis-and-autophagy-in-brea-21933677.md
f381ff0a-b144-496d-a158-48ae40ace7ca,Enhancement of cordycepin production in submerged cultures of Cordyceps militaris by addition of ferrous sulfate,2011,Biochemical Engineering Journal,unclear,F_review_only,Cordyceps_militaris,cordycepin,other,missing_abstract,direct,research_only,candidate,10.1016/j.bej.2011.09.014,,https://doi.org/10.1016/j.bej.2011.09.014,10_Evidence/2011-enhancement-of-cordycepin-production-in-submerged--10-1016-j-be.md
86eb336b-51c1-4be2-bf4d-e757f5e73883,Immunostimulating activity of the polysaccharides isolated from Cordyceps militaris,2011,International Immunopharmacology,unclear,F_review_only,Cordyceps_militaris,unclear,other,missing_abstract,partial,research_only,candidate,10.1016/j.intimp.2011.04.001,21497206,https://doi.org/10.1016/j.intimp.2011.04.001,10_Evidence/2011-immunostimulating-activity-of-the-polysaccharides--21497206.md
6bda15cf-eacc-440f-a93c-aa8c583267cd,CORDYCEPS SINENSIS,2010,Field Mycology,unclear,F_review_only,Cordyceps_sinensis,unclear,other,missing_abstract,extrapolated,research_only,candidate,10.1016/j.fldmyc.2010.04.009,,https://doi.org/10.1016/j.fldmyc.2010.04.009,10_Evidence/2010-cordyceps-sinensis-10-1016-j-fl.md
06b11c1a-7971-43bc-91b3-c7bae448c8d1,Characteristics of the degenerate strains of Cordyceps militaris.,2010,Mycosystema,animal,C_animal,Cordyceps_militaris,unclear,other,missing_abstract|preclinical_only,partial,research_only,candidate,,,https://openalex.org/W2560959046,10_Evidence/2010-characteristics-of-the-degenerate-strains-of-cordy-06b11c1a-797.md
15a51e4b-f7fa-4e9c-87bb-c04a682b76ed,Constituents isolated from Cordyceps militaris suppress enhanced inflammatory mediator's production and human cancer cell proliferation,2010,Journal of Ethnopharmacology,animal,C_animal,Cordyceps_militaris,unclear,other,disease_language|missing_abstract|preclinical_only,partial,research_only,needs_legal_review,10.1016/j.jep.2010.07.020,20633630,https://doi.org/10.1016/j.jep.2010.07.020,10_Evidence/2010-constituents-isolated-from-cordyceps-militaris-sup-20633630.md
f1a7cab4-a6b1-45e6-b3db-887a29413e52,"Cordymin, an antifungal peptide from the medicinal fungus Cordyceps militaris",2010,Phytomedicine,unclear,F_review_only,Cordyceps_militaris,unclear,other,missing_abstract,partial,research_only,candidate,10.1016/j.phymed.2010.07.010,20739167,https://doi.org/10.1016/j.phymed.2010.07.010,10_Evidence/2010-cordymin-an-antifungal-peptide-from-the-medicinal--20739167.md
3e86cc53-64ee-4211-9966-9bee8138a8bb,Medicinal uses of the mushroom Cordyceps militaris: Current state and prospects,2010,Fitoterapia,unclear,F_review_only,Cordyceps_militaris,unclear,antioxidant,missing_abstract,partial,research_only,candidate,10.1016/j.fitote.2010.07.010,20650308,https://doi.org/10.1016/j.fitote.2010.07.010,10_Evidence/2010-medicinal-uses-of-the-mushroom-cordyceps-militaris-20650308.md
27349058-f477-43c8-8de9-1c206361a612,"Pharmacokinetics of Adenosine and Cordycepin, a Bioactive Constituent of Cordyceps sinensis in Rat",2010,,animal,C_animal,Cordyceps_sinensis,cordycepin,other,missing_abstract|preclinical_only,extrapolated,research_only,candidate,,,https://openalex.org/W3175729709,10_Evidence/2010-pharmacokinetics-of-adenosine-and-cordycepin-a-bio-27349058-f47.md
cc269ee7-b3db-49b6-bdfe-f31dba12ccf7,Production of cordycepin by a repeated batch culture of a Cordyceps militaris mutant obtained by proton beam irradiation,2010,Journal of Bioscience and Bioengineering,unclear,F_review_only,Cordyceps_militaris,cordycepin,other,missing_abstract,direct,research_only,candidate,10.1016/j.jbiosc.2010.08.018,20863756,https://doi.org/10.1016/j.jbiosc.2010.08.018,10_Evidence/2010-production-of-cordycepin-by-a-repeated-batch-cultu-20863756.md
0f898649-9e99-4c31-bb80-e891073d7d8e,Structural characterization of immunostimulating polysaccharide from cultured mycelia of Cordyceps militaris,2010,Carbohydrate Polymers,animal,C_animal,Cordyceps_militaris,unclear,other,missing_abstract|preclinical_only,partial,research_only,candidate,10.1016/j.carbpol.2010.01.017,,https://doi.org/10.1016/j.carbpol.2010.01.017,10_Evidence/2010-structural-characterization-of-immunostimulating-p-10-1016-j-ca.md
b3be0fb6-0b1f-4621-9a5a-f53b62b5dde6,Column chromatographic extraction and preparation of cordycepin from Cordyceps militaris waster medium,2009,Journal of Chromatography B,animal,C_animal,Cordyceps_militaris,cordycepin,other,missing_abstract|preclinical_only,direct,research_only,candidate,10.1016/j.jchromb.2009.06.009,19553164,https://doi.org/10.1016/j.jchromb.2009.06.009,10_Evidence/2009-column-chromatographic-extraction-and-preparation--19553164.md
a1326d51-8916-44a4-91bb-bc1ca079bdb2,Cordycepin causes p21WAF1-mediated G2/M cell-cycle arrest by regulating c-Jun N-terminal kinase activation in human bladder cancer cells,2009,Archives of Biochemistry and Biophysics,unclear,F_review_only,unclear,cordycepin,other,disease_language|missing_abstract,partial,research_only,needs_legal_review,10.1016/j.abb.2009.09.001,19733546,https://doi.org/10.1016/j.abb.2009.09.001,10_Evidence/2009-cordycepin-causes-p21waf1-mediated-g2-m-cell-cycle-19733546.md
1e4dc229-77de-4200-a842-f54e6154f02a,c-Jun N-terminal kinase 1 is required for cordycepin-mediated induction of G2/M cell-cycle arrest via p21WAF1 expression in human colon cancer cells,2009,Food and Chemical Toxicology,unclear,F_review_only,unclear,cordycepin,other,disease_language|missing_abstract,partial,research_only,needs_legal_review,10.1016/j.fct.2009.09.042,19833164,https://doi.org/10.1016/j.fct.2009.09.042,10_Evidence/2009-c-jun-n-terminal-kinase-1-is-required-for-cordycep-19833164.md
165c89b1-817c-475b-9ee2-17e08b632846,Cordycepin (C10H13N5O3),2008,Springer eBooks,unclear,F_review_only,unclear,cordycepin,other,missing_abstract,partial,research_only,candidate,10.1007/978-1-4020-6754-9_3633,,https://doi.org/10.1007/978-1-4020-6754-9_3633,10_Evidence/2008-cordycepin-c10h13n5o3-10-1007-978.md
e396e643-05ff-45e8-8f8b-bcc39ee83537,Cordyceps – A traditional Chinese medicine and another fungal therapeutic biofactory?,2008,Phytochemistry,unclear,F_review_only,unclear,unclear,other,disease_language|missing_abstract,extrapolated,research_only,needs_legal_review,10.1016/j.phytochem.2008.01.027,18343466,https://doi.org/10.1016/j.phytochem.2008.01.027,10_Evidence/2008-cordyceps-a-traditional-chinese-medicine-and-anoth-e396e643.md
995bd434-e019-4960-abed-af81a7c985ef,"Effects of Cordyceps sinensis, Cordyceps militaris and their isolated compounds on ion transport in Calu-3 human airway epithelial cells",2008,Journal of Ethnopharmacology,unclear,F_review_only,Cordyceps_sinensis,unclear,respiratory,missing_abstract,extrapolated,research_only,needs_legal_review,10.1016/j.jep.2008.01.030,18358654,https://doi.org/10.1016/j.jep.2008.01.030,10_Evidence/2008-effects-of-cordyceps-sinensis-cordyceps-militaris--18358654.md
141b40fc-e282-44dd-8e6d-1902a235f028,Structural elucidation and biological activity of a novel polysaccharide by alkaline extraction from cultured Cordyceps militaris,2008,Carbohydrate Polymers,animal,C_animal,Cordyceps_militaris,cordyceps_extract,other,missing_abstract|preclinical_only,partial,research_only,candidate,10.1016/j.carbpol.2008.07.023,,https://doi.org/10.1016/j.carbpol.2008.07.023,10_Evidence/2008-structural-elucidation-and-biological-activity-of--10-1016-j-ca.md
a2be1b6f-613a-49cc-ba3b-2d94315fa317,A mushroom lectin from ascomycete Cordyceps militaris,2007,Biochimica et Biophysica Acta (BBA) - General Subjects,unclear,F_review_only,Cordyceps_militaris,unclear,other,missing_abstract,partial,research_only,candidate,10.1016/j.bbagen.2007.01.005,17306462,https://doi.org/10.1016/j.bbagen.2007.01.005,10_Evidence/2007-a-mushroom-lectin-from-ascomycete-cordyceps-milita-17306462.md
524998a4-5755-46dd-9fa7-a0fe36b37e5a,Structural characterization and antioxidant activity of a polysaccharide from the fruiting bodies of cultured Cordyceps militaris,2007,Carbohydrate Polymers,animal,C_animal,Cordyceps_militaris,unclear,antioxidant,missing_abstract|preclinical_only,partial,research_only,candidate,10.1016/j.carbpol.2007.05.005,,https://doi.org/10.1016/j.carbpol.2007.05.005,10_Evidence/2007-structural-characterization-and-antioxidant-activi-10-1016-j-ca.md
31e249d2-dffb-4d60-8d57-c80a3188b80f,Effect of multiple factors on accumulation of nucleosides and bases in Cordyceps militaris,2006,Food Chemistry,unclear,F_review_only,Cordyceps_militaris,unclear,other,missing_abstract,partial,research_only,candidate,10.1016/j.foodchem.2006.07.018,,https://doi.org/10.1016/j.foodchem.2006.07.018,10_Evidence/2006-effect-of-multiple-factors-on-accumulation-of-nucl-10-1016-j-fo.md
92ddeb6d-5abc-4e82-be51-a1de8d3c5e41,Effects of culture conditions on the mycelial growth and bioactive metabolite production in submerged culture of Cordyceps militaris,2006,Biochemical Engineering Journal,unclear,F_review_only,Cordyceps_militaris,unclear,respiratory,missing_abstract,partial,research_only,candidate,10.1016/j.bej.2006.10.019,,https://doi.org/10.1016/j.bej.2006.10.019,10_Evidence/2006-effects-of-culture-conditions-on-the-mycelial-grow-10-1016-j-be.md
e846513b-129b-4d9b-85ce-96f949278d95,Enhanced production of cordycepin by surface culture using the medicinal mushroom Cordyceps militaris,2006,Enzyme and Microbial Technology,unclear,F_review_only,Cordyceps_militaris,cordycepin,other,missing_abstract,direct,research_only,candidate,10.1016/j.enzmictec.2006.09.008,,https://doi.org/10.1016/j.enzmictec.2006.09.008,10_Evidence/2006-enhanced-production-of-cordycepin-by-surface-cultu-10-1016-j-en.md
792910dd-6bf0-4dce-aa94-71efc7d2ecc2,Inhibitory effects of ethyl acetate extract of Cordyceps sinensis mycelium on various cancer cells in culture and B16 melanoma in C57BL/6 mice,2006,Phytomedicine,animal,C_animal,Cordyceps_sinensis,cordyceps_extract,other,disease_language|missing_abstract|preclinical_only,extrapolated,research_only,needs_legal_review,10.1016/j.phymed.2005.11.005,16423520,https://doi.org/10.1016/j.phymed.2005.11.005,10_Evidence/2006-inhibitory-effects-of-ethyl-acetate-extract-of-cor-16423520.md
0ecf1b8c-5824-49d9-b8f5-2538d5c6b746,[P10-150] Validated method for qualitative and quantitive analytical method for 3'-deoxyadenosine (cordycepin),2006,,unclear,F_review_only,unclear,cordycepin,other,missing_abstract,partial,research_only,candidate,,,https://openalex.org/W2254855570,10_Evidence/2006-p10-150-validated-method-for-qualitative-and-quant-0ecf1b8c-582.md
fc13fd82-6c25-4329-a6ab-b048a1101397,Fed-batch Culture of Cordyceps sinensis for the Production of Its Mycelium and Cordycepin,2005,한국생물공학회 학술대회,unclear,F_review_only,Cordyceps_sinensis,cordycepin,other,missing_abstract,extrapolated,research_only,candidate,,,https://openalex.org/W2262341813,10_Evidence/2005-fed-batch-culture-of-cordyceps-sinensis-for-the-pr-fc13fd82-6c2.md
18904d8b-2cd2-460d-8f47-9a3cd34b4a28,Free radical scavenging and apoptotic effects of Cordyceps sinensis fractionated by supercritical carbon dioxide,2005,Food and Chemical Toxicology,unclear,F_review_only,Cordyceps_sinensis,unclear,antioxidant,missing_abstract,extrapolated,research_only,candidate,10.1016/j.fct.2004.12.008,15721201,https://doi.org/10.1016/j.fct.2004.12.008,10_Evidence/2005-free-radical-scavenging-and-apoptotic-effects-of-c-15721201.md
27791ec2-fad9-45db-916d-1815936ef9d7,Identification and determination of nucleosides in Cordyceps sinensis and its substitutes by high performance liquid chromatography with mass spectrometric detection,2005,Journal of Pharmaceutical and Biomedical Analysis,unclear,F_review_only,Cordyceps_sinensis,unclear,exercise_performance,missing_abstract,extrapolated,research_only,candidate,10.1016/j.jpba.2005.07.034,16168606,https://doi.org/10.1016/j.jpba.2005.07.034,10_Evidence/2005-identification-and-determination-of-nucleosides-in-16168606.md
1cf4211d-284d-4eb5-9767-7508911b8d60,Nonvolatile taste components of fruit bodies and mycelia of Cordyceps militaris,2005,LWT,unclear,F_review_only,Cordyceps_militaris,unclear,other,missing_abstract,partial,research_only,candidate,10.1016/j.lwt.2005.05.002,,https://doi.org/10.1016/j.lwt.2005.05.002,10_Evidence/2005-nonvolatile-taste-components-of-fruit-bodies-and-m-10-1016-j-lw.md
1f54f94a-4908-412c-bd44-f845436ab675,Significant effect of NH4+ on cordycepin production by submerged cultivation of medicinal mushroom Cordyceps militaris,2005,Enzyme and Microbial Technology,unclear,F_review_only,Cordyceps_militaris,cordycepin,other,missing_abstract,direct,research_only,candidate,10.1016/j.enzmictec.2004.10.010,,https://doi.org/10.1016/j.enzmictec.2004.10.010,10_Evidence/2005-significant-effect-of-nh4-on-cordycepin-production-10-1016-j-en.md
c83356bd-9308-48e3-ad2a-a3308f00eb78,Anti-inflammatory and related pharmacological activities of cultured mycelia and fruiting bodies of Cordyceps militaris,2004,Journal of Ethnopharmacology,unclear,F_review_only,Cordyceps_militaris,unclear,anti_inflammatory,missing_abstract,partial,research_only,candidate,10.1016/j.jep.2004.10.009,15619578,https://doi.org/10.1016/j.jep.2004.10.009,10_Evidence/2004-anti-inflammatory-and-related-pharmacological-acti-15619578.md
c7355c2d-8a67-436c-aba1-984b9f6eb073,Isolation and biological properties of polysaccharide CPS-1 from cultured Cordyceps militaris,2004,Fitoterapia,unclear,F_review_only,Cordyceps_militaris,unclear,other,missing_abstract,partial,research_only,candidate,10.1016/j.fitote.2004.04.003,15261384,https://doi.org/10.1016/j.fitote.2004.04.003,10_Evidence/2004-isolation-and-biological-properties-of-polysacchar-15261384.md
0f375b59-14ef-41e5-8889-c89dc70a21c1,"Isolation, purification and identification of polysaccharides from cultured Cordyceps militaris",2004,Fitoterapia,unclear,F_review_only,Cordyceps_militaris,unclear,other,missing_abstract,partial,research_only,candidate,10.1016/j.fitote.2004.06.010,15567241,https://doi.org/10.1016/j.fitote.2004.06.010,10_Evidence/2004-isolation-purification-and-identification-of-polys-15567241.md
eb23676d-5045-45fe-bae4-107373017780,Optimization of carbon source and carbon/nitrogen ratio for cordycepin production by submerged cultivation of medicinal mushroom Cordyceps militaris,2004,Process Biochemistry,animal,C_animal,Cordyceps_militaris,cordycepin,other,missing_abstract|preclinical_only,direct,research_only,candidate,10.1016/j.procbio.2004.06.046,,https://doi.org/10.1016/j.procbio.2004.06.046,10_Evidence/2004-optimization-of-carbon-source-and-carbon-nitrogen--10-1016-j-pr.md
30b404d3-1d84-4c24-8c1c-515f44af7b2d,Progress of research on cordycepin (3^--Deoxyadenosine),2004,Europe PMC (PubMed Central),unclear,F_review_only,unclear,cordycepin,other,missing_abstract,partial,research_only,candidate,,,https://openalex.org/W3205427922,10_Evidence/2004-progress-of-research-on-cordycepin-3-deoxyadenosin-30b404d3-1d8.md
864055c8-2de6-4205-a6a2-b5e8fecfbd0a,Simultaneous separation and determination of active components in Cordyceps sinensis and Cordyceps militarris by LC/ESI-MS,2003,Journal of Pharmaceutical and Biomedical Analysis,animal,C_animal,Cordyceps_sinensis,unclear,other,missing_abstract|preclinical_only,extrapolated,research_only,candidate,10.1016/s0731-7085(03)00415-1,14656607,https://doi.org/10.1016/s0731-7085(03)00415-1,10_Evidence/2003-simultaneous-separation-and-determination-of-activ-14656607.md
2712d3ac-0d2a-4d26-898f-97650b6df695,"A comparison of the chemical composition and bioactive ingredients of the Chinese medicinal mushroom DongChongXiaCao, its counterfeit and mimic, and fermented mycelium of Cordyceps sinensis",2002,Food Chemistry,unclear,F_review_only,Cordyceps_sinensis,unclear,other,missing_abstract,extrapolated,research_only,candidate,10.1016/s0308-8146(02)00158-9,,https://doi.org/10.1016/s0308-8146(02)00158-9,10_Evidence/2002-a-comparison-of-the-chemical-composition-and-bioac-10-1016-s030.md
28e3dcf9-4220-4b01-ad50-d2a4d82507f2,Effect of aeration rate on the mycelial morphology and exo-biopolymer production in Cordyceps militaris,2002,Process Biochemistry,animal,C_animal,Cordyceps_militaris,unclear,other,missing_abstract|preclinical_only,partial,research_only,candidate,10.1016/s0032-9592(02)00005-5,,https://doi.org/10.1016/s0032-9592(02)00005-5,10_Evidence/2002-effect-of-aeration-rate-on-the-mycelial-morphology-10-1016-s003.md
dec2cc3b-6a0c-443c-89f7-8dcfd7dbda8a,Stimulatory effect of plant oils and fatty acids on the exo-biopolymer production in Cordyceps militaris,2002,Enzyme and Microbial Technology,unclear,F_review_only,Cordyceps_militaris,unclear,other,missing_abstract,partial,research_only,candidate,10.1016/s0141-0229(02)00099-6,,https://doi.org/10.1016/s0141-0229(02)00099-6,10_Evidence/2002-stimulatory-effect-of-plant-oils-and-fatty-acids-o-10-1016-s014.md
bbc5d9b9-b657-4a9c-a2fb-bb84d0e79938,Hypoglycemic Effect of Cordyceps militaris,2001,,unclear,F_review_only,Cordyceps_militaris,unclear,other,missing_abstract,partial,research_only,candidate,,,https://openalex.org/W3112674668,10_Evidence/2001-hypoglycemic-effect-of-cordyceps-militaris-bbc5d9b9-b65.md
abc0f6cf-0d13-40fe-8447-418d15351d48,"Non-volatile taste components of Agaricus blazei, Antrodia camphorata and Cordyceps militaris mycelia",2001,Food Chemistry,animal,C_animal,Cordyceps_militaris,unclear,other,missing_abstract|preclinical_only,partial,research_only,candidate,10.1016/s0308-8146(01)00127-3,,https://doi.org/10.1016/s0308-8146(01)00127-3,10_Evidence/2001-non-volatile-taste-components-of-agaricus-blazei-a-10-1016-s030.md
12ac0b9d-c376-4dfc-a499-c0e63b709a1a,Antileukemic activity and mechanism of action of cordycepin against terminal deoxynucleotidyl transferase-positive (TdT+) leukemic cells,2000,Biochemical Pharmacology,unclear,F_review_only,unclear,cordycepin,other,missing_abstract,partial,research_only,candidate,10.1016/s0006-2952(99)00325-1,10609556,https://doi.org/10.1016/s0006-2952(99)00325-1,10_Evidence/2000-antileukemic-activity-and-mechanism-of-action-of-c-10609556.md
f4e6684b-3c80-4f90-9122-776b016c0e83,Toxicity of Cordycepin in Combination with the Adenosine Deaminase Inhibitor 2′-Deoxycoformycin in Beagle Dogs,1997,Toxicology and Applied Pharmacology,unclear,F_review_only,unclear,cordycepin,other,missing_abstract,partial,research_only,candidate,10.1006/taap.1997.8264,9356305,https://doi.org/10.1006/taap.1997.8264,10_Evidence/1997-toxicity-of-cordycepin-in-combination-with-the-ade-9356305.md
